,region,date,ano,trimestre,fgt0,fgt1,fgt2,a25,a50,a75,ingreso_promedio,ingreso_mediana,salario_minimo,kaitz_indice,time,kaitz_pre,tratamiento,event_time,event_id,unit_id
0,Amazonía,2001-01-01,2001,1,0.936483579038847,0.622431811668628,0.457419247766508,0.0690758911552907,0.135124081277731,0.197941260761801,31.6347743485746,24.105217634119,85.65,3.55317264917655,1,3.28482018184766,1,-4,0,Amazonía_e0
1,Amazonía,2001-04-01,2001,2,0.976945857629657,0.637632565647104,0.480712188279369,0.0780075801143051,0.15365789886579,0.226438251245355,30.1702391269158,26.2953296459356,85.65,3.25723241173509,2,3.28482018184766,1,-3,0,Amazonía_e0
2,Amazonía,2001-07-01,2001,3,0.812079946880389,0.521296652427411,0.374610769140428,0.0668943005908383,0.133573717980953,0.199087272150939,40.9812716853727,28.0286869426006,85.65,3.05579780370735,3,3.28482018184766,1,-2,0,Amazonía_e0
3,Amazonía,2001-10-01,2001,4,0.845352188212048,0.554143823749722,0.404344418372274,0.0687229969142656,0.136478525595716,0.202312613114369,37.9826692567987,26.0744866563208,85.65,3.28482018184766,4,3.28482018184766,1,-1,0,Amazonía_e0
4,Amazonía,2002-01-01,2002,1,0.533354056977852,0.387240118006063,0.34503546137822,0.177629595201492,0.40053557825482,0.727386547005782,95.7904091557142,62.4726304666013,104.88,1.67881517420769,5,3.28482018184766,1,0,0,Amazonía_e0
5,Amazonía,2002-04-01,2002,2,0.524673116167748,0.373709859435275,0.330651896176333,0.171384273942355,0.387270211974394,0.709627229152408,99.3184543180039,64.9893177702894,104.88,1.6138036772552,6,3.28482018184766,1,1,0,Amazonía_e0
6,Amazonía,2002-07-01,2002,3,0.518649851548883,0.374617609694913,0.331499486152883,0.170859622092246,0.386757308099008,0.709687571361823,100.753786916649,65.5125420986646,104.88,1.60091482699674,7,3.28482018184766,1,2,0,Amazonía_e0
7,Amazonía,2002-10-01,2002,4,0.553815894633453,0.415395679527745,0.371320912683537,0.191475707096714,0.42721479685563,0.757240840108036,98.8267678197279,58.5829143644889,104.88,1.79028307378943,8,3.28482018184766,1,3,0,Amazonía_e0
8,Amazonía,2003-01-01,2003,1,0.30544614883488,0.147294191890017,0.103894370227404,0.068331559801757,0.149902549798015,0.282985872644856,105.339279635161,92.8508808321566,129.91,1.3991251223005,9,3.28482018184766,1,4,0,Amazonía_e0
9,Azuay,2001-01-01,2001,1,0.910082730460853,0.619318130631,0.464148780973482,0.0870684498011931,0.17244237445506,0.255116821087737,32.750890975907,25.305750382159,85.65,3.38460621426127,1,2.73425035274415,0,-4,0,Azuay_e0
10,Azuay,2001-04-01,2001,2,0.852846088064482,0.540101615474984,0.406061126600126,0.103237951963855,0.207140721407456,0.308689166877976,43.6567686524915,29.5149866145499,85.65,2.90191559693195,2,2.73425035274415,0,-3,0,Azuay_e0
11,Azuay,2001-07-01,2001,3,0.882105096048196,0.562444095611153,0.401520866033254,0.0860443702336462,0.168719158569423,0.248655203816089,39.8613844586091,34.2732332188525,85.65,2.49903472640238,3,2.73425035274415,0,-2,0,Azuay_e0
12,Azuay,2001-10-01,2001,4,0.90358262801466,0.589062235907401,0.427210097432369,0.0799484084407097,0.158776666347194,0.235968533407024,36.6109985633589,31.3248565238512,85.65,2.73425035274415,4,2.73425035274415,0,-1,0,Azuay_e0
13,Azuay,2002-01-01,2002,1,0.523640091892472,0.408439498565763,0.372076998633288,0.202971058068114,0.44474121517133,0.775112393451737,105.916754126556,61.9417188120979,104.88,1.69320454794218,5,2.73425035274415,0,0,0,Azuay_e0
14,Azuay,2002-04-01,2002,2,0.514357271900889,0.402522188788292,0.366905795564815,0.199912387038973,0.439100832826796,0.769118844189285,108.150125078218,64.1310205894736,104.88,1.63540201038396,6,2.73425035274415,0,1,0,Azuay_e0
15,Azuay,2002-07-01,2002,3,0.512636048917773,0.399243244425352,0.364162030332251,0.199362540122005,0.437179438767258,0.765876483374491,108.266089156093,69.7705479486835,104.88,1.50321307605524,7,2.73425035274415,0,2,0,Azuay_e0
16,Azuay,2002-10-01,2002,4,0.623574502096917,0.483431312704418,0.437128891277675,0.241980058612743,0.503647946162535,0.829469797999709,70.6657912454415,45.2815996131013,104.88,2.31617259319733,8,2.73425035274415,0,3,0,Azuay_e0
17,Azuay,2003-01-01,2003,1,0.397873543715555,0.180349918454841,0.111708671632102,0.0722183648402716,0.153459394616228,0.267827641723194,103.650004545106,83.3182624492037,129.91,1.55920198262898,9,2.73425035274415,0,4,0,Azuay_e0
18,"Costa, Santo Domingo",2001-01-01,2001,1,0.999999902458578,0.607767938946389,0.40806109252999,0.0367796888331226,0.0762855924242417,0.11807800809579,30.9118978994297,28.9839807022762,85.65,2.95508063160123,1,1.97349837116966,0,-4,0,"Costa, Santo Domingo_e0"
19,"Costa, Santo Domingo",2001-04-01,2001,2,1.00000002358977,0.632230788736796,0.39971576079755,-3.14530215206332e-08,-4.71795325029945e-08,-9.4359067226435e-08,29.2170329399284,29.2170329399284,85.65,2.93150917056158,2,1.97349837116966,0,-3,0,"Costa, Santo Domingo_e0"
20,"Costa, Santo Domingo",2001-07-01,2001,3,0.850289377259933,0.545850506112013,0.391571618972512,0.365018131297083,0.643397994170511,0.806235535952697,364.146748592122,43.037924712635,85.65,1.99010525186534,3,1.97349837116966,0,-2,0,"Costa, Santo Domingo_e0"
21,"Costa, Santo Domingo",2001-10-01,2001,4,0.850289377259933,0.545850506112013,0.391571618972512,0.365018131297085,0.64339799417051,0.806235535952698,367.211023535508,43.4000864917038,85.65,1.97349837116966,4,1.97349837116966,0,-1,0,"Costa, Santo Domingo_e0"
22,"Costa, Santo Domingo",2002-01-01,2002,1,0.640625220234963,0.481707089607522,0.425698573695471,0.18947754778889,0.43066132775941,0.770572538857768,63.1430688638444,33.9155713647197,104.88,3.09238487749908,5,1.97349837116966,0,0,0,"Costa, Santo Domingo_e0"
23,"Costa, Santo Domingo",2002-04-01,2002,2,0.606045534659045,0.459332533069369,0.409962574901513,0.181104715810344,0.415903266768077,0.755900847590314,67.06248552756,39.8863233650065,104.88,2.62947274032318,6,1.97349837116966,0,1,0,"Costa, Santo Domingo_e0"
24,"Costa, Santo Domingo",2002-07-01,2002,3,0.608911912275125,0.457635696925895,0.401200259357343,0.176958766602107,0.406496689901601,0.743626033082846,67.6390372856596,44.0073929951935,104.88,2.38323592609667,7,1.97349837116966,0,2,0,"Costa, Santo Domingo_e0"
25,"Costa, Santo Domingo",2002-10-01,2002,4,0.624742063147788,0.459600536823805,0.400590883824078,0.176325692272217,0.403599338723875,0.737577920183144,67.0860321109427,44.3777127967578,104.88,2.36334847810504,8,1.97349837116966,0,3,0,"Costa, Santo Domingo_e0"
26,"Costa, Santo Domingo",2003-01-01,2003,1,0.519869115978431,0.315611279887021,0.232308844411888,0.107500052645729,0.224693576003682,0.371764681958244,84.0076273119181,61.4071915047393,129.91,2.11555026075364,9,1.97349837116966,0,4,0,"Costa, Santo Domingo_e0"
27,El Oro,2001-01-01,2001,1,0.987753689203225,0.621533986929961,0.455383540717255,0.0626371289608455,0.128013897716719,0.196099700768728,30.0646559746861,22.334029272707,85.65,3.83495512404775,1,3.71176342028913,1,-4,0,El Oro_e0
28,El Oro,2001-04-01,2001,2,0.999999901138363,0.673539262307103,0.528481103153261,0.0892474971720898,0.182515878523347,0.27777402896927,25.9353189510365,16.1993607175542,85.65,5.28724568168835,2,3.71176342028913,1,-3,0,El Oro_e0
29,El Oro,2001-07-01,2001,3,0.958172755075835,0.687197363051457,0.534948982091626,0.181631264500375,0.3013209727937,0.386561802623183,34.0166060506993,22.694866540528,85.65,3.77398121496102,3,3.71176342028913,1,-2,0,El Oro_e0
30,El Oro,2001-10-01,2001,4,0.947157423952521,0.634752686758764,0.473982704540394,0.174585564020904,0.289976831889461,0.371546836886012,40.9193170373218,23.0752853298307,85.65,3.71176342028913,4,3.71176342028913,1,-1,0,El Oro_e0
31,El Oro,2002-01-01,2002,1,0.548102918355651,0.393897894867342,0.352681719762148,0.180416236387428,0.408708345322896,0.746199477543278,86.6766632654441,59.1453029859149,104.88,1.77326000045983,5,3.71176342028913,1,0,0,El Oro_e0
32,El Oro,2002-04-01,2002,2,0.550935652969209,0.400974818490882,0.360665331150426,0.184282923535391,0.416704504785287,0.755826484891737,87.1412039781636,59.0523330733493,104.88,1.77605175852625,6,3.71176342028913,1,1,0,El Oro_e0
33,El Oro,2002-07-01,2002,3,0.526513657162238,0.384403002854267,0.346591759908925,0.177542724341776,0.403107437188077,0.739747771645973,89.669550916971,64.7000766758679,104.88,1.62101817166963,7,3.71176342028913,1,2,0,El Oro_e0
34,El Oro,2002-10-01,2002,4,0.547126374708021,0.409429851303661,0.376624266834668,0.195030352147403,0.437316636669621,0.779568669330244,90.3011569696849,62.1197054160519,104.88,1.68835314490881,8,3.71176342028913,1,3,0,El Oro_e0
35,El Oro,2003-01-01,2003,1,0.47500310924488,0.212361737168054,0.149321182912286,0.0771383733828729,0.167619120474689,0.312169072299257,78.8426231023995,68.5009941395186,129.91,1.89646882694005,9,3.71176342028913,1,4,0,El Oro_e0
36,Guayas,2001-01-01,2001,1,0.877116481166211,0.629989952636532,0.497456130942146,0.161460296791638,0.298978922395811,0.419228092014525,38.4533996724308,19.7533621605645,85.65,4.33597072254317,1,3.18915443195236,0,-4,0,Guayas_e0
37,Guayas,2001-04-01,2001,2,0.878380948638558,0.650976265864699,0.523235306715124,0.131236218448966,0.258222929704038,0.379693679378687,32.6300525193436,19.0572563511727,85.65,4.49435104517179,2,3.18915443195236,0,-3,0,Guayas_e0
38,Guayas,2001-07-01,2001,3,0.866065081251656,0.581673892687332,0.440114013153786,0.109252750270958,0.215848168180922,0.319944902808729,39.5424225780114,26.7378520658331,85.65,3.20332387916259,3,3.18915443195236,0,-2,0,Guayas_e0
39,Guayas,2001-10-01,2001,4,0.868769756306847,0.593609852526089,0.456709032936152,0.105365056605912,0.21130815037769,0.316582555517503,37.1451180222827,26.8566486281965,85.65,3.18915443195236,4,3.18915443195236,0,-1,0,Guayas_e0
40,Guayas,2002-01-01,2002,1,0.576359192101016,0.405877650379662,0.35994405366795,0.217839684451471,0.451439983892877,0.761449020965367,94.5864586494765,59.5150043521248,104.88,1.76224468336539,5,3.18915443195236,0,0,0,Guayas_e0
41,Guayas,2002-04-01,2002,2,0.576414393696218,0.405370689511487,0.35932223323219,0.21724388408342,0.450712936941242,0.760877800718481,96.2084063942425,60.1304667112936,104.88,1.74420731679273,6,3.18915443195236,0,1,0,Guayas_e0
42,Guayas,2002-07-01,2002,3,0.563052623043755,0.395170201903215,0.350798411872236,0.213222018869933,0.44336749062571,0.752916945580049,98.2737121728074,61.8546566604444,104.88,1.69558778049236,7,3.18915443195236,0,2,0,Guayas_e0
43,Guayas,2002-10-01,2002,4,0.595211300709571,0.427766731923896,0.379013251723319,0.229317318429425,0.470896692173132,0.780977799101306,94.3199179139779,54.1402057664816,104.88,1.93719248966969,8,3.18915443195236,0,3,0,Guayas_e0
44,Guayas,2003-01-01,2003,1,0.591930316116097,0.272935564719426,0.173537515723882,0.0911155640432969,0.184348970576881,0.302044479162296,74.574327671143,56.7020571861811,129.91,2.29109853234144,9,3.18915443195236,0,4,0,Guayas_e0
45,Los Ríos,2001-01-01,2001,1,0.923233557116186,0.68847115778916,0.560615383827428,0.121109213742147,0.244325889583597,0.365723138027989,25.8382755367628,12.404376366043,85.65,6.90482112703926,1,5.44628277220663,1,-4,0,Los Ríos_e0
46,Los Ríos,2001-04-01,2001,2,0.905345001679573,0.616979308496612,0.469657522183778,0.0833200798437996,0.166965232671585,0.248102870521618,31.5459575492085,30.4988680398948,85.65,2.80830094703723,2,5.44628277220663,1,-3,0,Los Ríos_e0
47,Los Ríos,2001-07-01,2001,3,0.943267068595574,0.708438547808274,0.575806418201126,0.112517012511627,0.223532565732403,0.330816525760235,24.5283546145332,14.8524674222534,85.65,5.76671859058725,3,5.44628277220663,1,-2,0,Los Ríos_e0
48,Los Ríos,2001-10-01,2001,4,0.929803439237438,0.6801906254345,0.540601885842654,0.113205580063988,0.224475438879862,0.33397357855126,27.8580208396391,15.7263226281763,85.65,5.44628277220663,4,5.44628277220663,1,-1,0,Los Ríos_e0
49,Los Ríos,2002-01-01,2002,1,0.604461940274015,0.395071591550017,0.342534244349584,0.157724966323139,0.365552329562375,0.694688731090837,69.3076459089417,57.170389013049,104.88,1.83451611595753,5,5.44628277220663,1,0,0,Los Ríos_e0
50,Los Ríos,2002-04-01,2002,2,0.585803167331739,0.385893456867876,0.333703658573886,0.153975000446504,0.358638839474682,0.687561603239771,70.3237278765227,57.5771024000623,104.88,1.82155745301776,6,5.44628277220663,1,1,0,Los Ríos_e0
51,Los Ríos,2002-07-01,2002,3,0.589269961236596,0.387959319506461,0.337302945274459,0.155318682554154,0.362096003756871,0.69298140360337,71.1965183235665,58.5072832930664,104.88,1.79259733313287,7,5.44628277220663,1,2,0,Los Ríos_e0
52,Los Ríos,2002-10-01,2002,4,0.627248499555589,0.453101878305545,0.397624898576322,0.191067606609391,0.427177818213681,0.762417017247519,71.6446506908252,44.5901764721459,104.88,2.35208757394166,8,5.44628277220663,1,3,0,Los Ríos_e0
53,Los Ríos,2003-01-01,2003,1,0.660289280357891,0.357197066878527,0.240839353459198,0.0793764115843203,0.171991081155084,0.311286807360999,53.4292013966309,46.6220551870663,129.91,2.78644944927351,9,5.44628277220663,1,4,0,Los Ríos_e0
54,Manabí,2001-01-01,2001,1,0.872976474630719,0.592299846043555,0.44862999519781,0.162235257471912,0.298292652237867,0.408565454748509,50.9918225866957,24.7588603785394,85.65,3.45936762397352,1,2.42658980267179,0,-4,0,Manabí_e0
55,Manabí,2001-04-01,2001,2,0.790850921907211,0.57257511195236,0.434105118567853,0.182631223156059,0.33939643961068,0.464880984113147,68.8320458564057,24.9579395827457,85.65,3.43177367330487,2,2.42658980267179,0,-3,0,Manabí_e0
56,Manabí,2001-07-01,2001,3,0.859204608371964,0.515538462214654,0.357691851767855,0.116474732843863,0.216911164301308,0.302530289971119,54.508170594807,30.1308384632957,85.65,2.84260260809986,3,2.42658980267179,0,-2,0,Manabí_e0
57,Manabí,2001-10-01,2001,4,0.865932739125013,0.498152755009805,0.344379282233936,0.119180665520484,0.223629871075291,0.313931842167155,58.2673195920857,35.2964476755385,85.65,2.42658980267179,4,2.42658980267179,0,-1,0,Manabí_e0
58,Manabí,2002-01-01,2002,1,0.622009314307069,0.481296663470137,0.426354463524844,0.218686994297279,0.469216658505926,0.79077140487345,78.9085855073781,36.3536690279967,104.88,2.88499078096436,5,2.42658980267179,0,0,0,Manabí_e0
59,Manabí,2002-04-01,2002,2,0.624158371958819,0.48061254777929,0.426382439538391,0.218284780969603,0.468775759825956,0.790625812390622,79.4818892995785,37.023923106241,104.88,2.83276301376935,6,2.42658980267179,0,1,0,Manabí_e0
60,Manabí,2002-07-01,2002,3,0.609035520680691,0.474038212240639,0.421486149397179,0.215928755976395,0.464929614400431,0.787711495727081,80.5335111107342,38.0191737892778,104.88,2.75860807973629,7,2.42658980267179,0,2,0,Manabí_e0
61,Manabí,2002-10-01,2002,4,0.749473465340586,0.598003114989748,0.531232553107069,0.24501954558406,0.51919153141988,0.839578608288206,53.0330218042907,17.2049191486761,104.88,6.09593100052843,8,2.42658980267179,0,3,0,Manabí_e0
62,Manabí,2003-01-01,2003,1,0.611249764196951,0.334893325458659,0.231967647394356,0.10609155155295,0.221614785592829,0.378790631809185,70.3233746878356,45.8111558795945,129.91,2.83577214994187,9,2.42658980267179,0,4,0,Manabí_e0
63,Pichincha,2001-01-01,2001,1,0.786716884432077,0.492672227822013,0.362426751928389,0.156253476480362,0.282208624842233,0.389325963986205,58.5344320894182,31.9279875862938,85.65,2.68259938928215,1,2.57116291699268,0,-4,0,Pichincha_e0
64,Pichincha,2001-04-01,2001,2,0.665548006491262,0.381034344995272,0.282128180494586,0.101817527985088,0.212137110104372,0.334266982155062,65.3591231964108,53.5935041094894,85.65,1.59814144313125,2,2.57116291699268,0,-3,0,Pichincha_e0
65,Pichincha,2001-07-01,2001,3,0.759102114083039,0.452048386586035,0.316477777360498,0.144621014692324,0.264052537814999,0.365931481227452,68.7275691352381,36.9918402189897,85.65,2.31537548532208,3,2.57116291699268,0,-2,0,Pichincha_e0
66,Pichincha,2001-10-01,2001,4,0.781676855054279,0.473028816718199,0.334450441949982,0.146284471145675,0.263547498188019,0.360672582986856,64.5487924204035,33.3117747747308,85.65,2.57116291699268,4,2.57116291699268,0,-1,0,Pichincha_e0
67,Pichincha,2002-01-01,2002,1,0.417896747951246,0.329177407064273,0.307485021130896,0.193942741741316,0.416439102308676,0.730377823975869,149.767088683566,96.2476702768524,104.88,1.08968871348592,5,2.57116291699268,0,0,0,Pichincha_e0
68,Pichincha,2002-04-01,2002,2,0.42154077242685,0.333208633307962,0.311156698989109,0.195583501685881,0.419415919144276,0.733557591847545,149.386075397781,96.8729007307188,104.88,1.08265571908019,6,2.57116291699268,0,1,0,Pichincha_e0
69,Pichincha,2002-07-01,2002,3,0.411558181888964,0.322006306717351,0.300113419671694,0.191091864928387,0.410546563073409,0.722872681438541,153.246043882943,98.1261855475856,104.88,1.06882785073857,7,2.57116291699268,0,2,0,Pichincha_e0
70,Pichincha,2002-10-01,2002,4,0.41919020832405,0.328860480382985,0.306488343568546,0.194050924936847,0.416251689042959,0.729632398069719,154.03727497207,98.9361482027705,104.88,1.06007765518673,8,2.57116291699268,0,3,0,Pichincha_e0
71,Pichincha,2003-01-01,2003,1,0.189470292412507,0.0877647449977223,0.0582002511253926,0.0754588012300519,0.153590235633163,0.250393413489134,164.788956786549,120.622978052046,129.91,1.07699214608967,9,2.57116291699268,0,4,0,Pichincha_e0
72,Sierra,2001-01-01,2001,1,0.954881530349669,0.733112095666996,0.598299393510688,0.116105902458009,0.217587574409205,0.307019642955035,23.4745327224244,13.9964906957203,85.65,6.11939105751625,1,5.27680479584369,1,-4,0,Sierra_e0
73,Sierra,2001-04-01,2001,2,0.905890047727132,0.683735042927809,0.571005262148394,0.152296981216063,0.292617078367189,0.417614097621895,30.1533301853679,12.1865043821641,85.65,7.02826645886701,2,5.27680479584369,1,-3,0,Sierra_e0
74,Sierra,2001-07-01,2001,3,0.955630937464756,0.706593174709959,0.569545348488658,0.117304175384568,0.218040523523322,0.307025034353793,26.0230263316822,16.8031521640449,85.65,5.0972578932703,3,5.27680479584369,1,-2,0,Sierra_e0
75,Sierra,2001-10-01,2001,4,0.951692165952614,0.717263869476782,0.580847646457782,0.125420765920452,0.231234431143516,0.322588435500803,26.0806116181184,16.2314133862717,85.65,5.27680479584369,4,5.27680479584369,1,-1,0,Sierra_e0
76,Sierra,2002-01-01,2002,1,0.55210977710585,0.426154650120565,0.38842705260045,0.196837647153871,0.439828543373625,0.775706898321536,92.607568817932,58.9281328725859,104.88,1.77979506370533,5,5.27680479584369,1,0,0,Sierra_e0
77,Sierra,2002-04-01,2002,2,0.555617476828328,0.43323367704295,0.395461526991322,0.199614403894104,0.445592259383134,0.782627922512539,91.9307016524602,55.8434776270918,104.88,1.87810653019071,6,5.27680479584369,1,1,0,Sierra_e0
78,Sierra,2002-07-01,2002,3,0.560048011655237,0.429654076563107,0.390786271045552,0.197997032599724,0.442377293491,0.779471535341853,92.4266588952843,56.2930694535339,104.88,1.86310679126444,7,5.27680479584369,1,2,0,Sierra_e0
79,Sierra,2002-10-01,2002,4,0.660275120200852,0.499810872645446,0.455764734830112,0.227822667481265,0.496719491766996,0.833593624793415,70.7700291038281,36.5806627614657,104.88,2.86708856763747,8,5.27680479584369,1,3,0,Sierra_e0
80,Sierra,2003-01-01,2003,1,0.479364533689222,0.246469045188291,0.169199357570419,0.0831582494329026,0.181805360327755,0.337290847688344,80.1886721849484,66.9486339482447,129.91,1.94044287894549,9,5.27680479584369,1,4,0,Sierra_e0
81,Amazonía,2002-01-01,2002,1,0.533354056977852,0.387240118006063,0.34503546137822,0.177629595201492,0.40053557825482,0.727386547005782,95.7904091557142,62.4726304666013,104.88,1.67881517420769,5,1.79028307378943,0,-4,1,Amazonía_e1
82,Amazonía,2002-04-01,2002,2,0.524673116167748,0.373709859435275,0.330651896176333,0.171384273942355,0.387270211974394,0.709627229152408,99.3184543180039,64.9893177702894,104.88,1.6138036772552,6,1.79028307378943,0,-3,1,Amazonía_e1
83,Amazonía,2002-07-01,2002,3,0.518649851548883,0.374617609694913,0.331499486152883,0.170859622092246,0.386757308099008,0.709687571361823,100.753786916649,65.5125420986646,104.88,1.60091482699674,7,1.79028307378943,0,-2,1,Amazonía_e1
84,Amazonía,2002-10-01,2002,4,0.553815894633453,0.415395679527745,0.371320912683537,0.191475707096714,0.42721479685563,0.757240840108036,98.8267678197279,58.5829143644889,104.88,1.79028307378943,8,1.79028307378943,0,-1,1,Amazonía_e1
85,Amazonía,2003-01-01,2003,1,0.30544614883488,0.147294191890017,0.103894370227404,0.068331559801757,0.149902549798015,0.282985872644856,105.339279635161,92.8508808321566,129.91,1.3991251223005,9,1.79028307378943,0,0,1,Amazonía_e1
86,Amazonía,2003-04-01,2003,2,0.345317949807851,0.157968757550363,0.111638808801141,0.0726256269147707,0.160164472047868,0.304679169998118,105.166460835764,92.2269151343802,129.91,1.40859097163462,10,1.79028307378943,0,1,1,Amazonía_e1
87,Amazonía,2003-07-01,2003,3,0.324597776402664,0.150022723588072,0.106779748971878,0.0704859564933323,0.154071505490646,0.286914882642366,107.860815912025,94.320337567938,129.91,1.37732755575039,11,1.79028307378943,0,2,1,Amazonía_e1
88,Amazonía,2003-10-01,2003,4,0.551462265703766,0.279774439804911,0.191606059612293,0.0881235252880456,0.178690351027037,0.280243433338088,77.9288808549972,62.6158280933577,129.91,2.07471503541101,12,1.79028307378943,0,3,1,Amazonía_e1
89,Amazonía,2004-01-01,2004,1,0.570531820241611,0.314134954803895,0.216952790431707,0.0938149107623856,0.189066501694856,0.29208038453044,71.3340058444739,53.0220951306285,135.63,2.55799020513719,13,1.79028307378943,0,4,1,Amazonía_e1
90,Azuay,2002-01-01,2002,1,0.523640091892472,0.408439498565763,0.372076998633288,0.202971058068114,0.44474121517133,0.775112393451737,105.916754126556,61.9417188120979,104.88,1.69320454794218,5,2.31617259319733,0,-4,1,Azuay_e1
91,Azuay,2002-04-01,2002,2,0.514357271900889,0.402522188788292,0.366905795564815,0.199912387038973,0.439100832826796,0.769118844189285,108.150125078218,64.1310205894736,104.88,1.63540201038396,6,2.31617259319733,0,-3,1,Azuay_e1
92,Azuay,2002-07-01,2002,3,0.512636048917773,0.399243244425352,0.364162030332251,0.199362540122005,0.437179438767258,0.765876483374491,108.266089156093,69.7705479486835,104.88,1.50321307605524,7,2.31617259319733,0,-2,1,Azuay_e1
93,Azuay,2002-10-01,2002,4,0.623574502096917,0.483431312704418,0.437128891277675,0.241980058612743,0.503647946162535,0.829469797999709,70.6657912454415,45.2815996131013,104.88,2.31617259319733,8,2.31617259319733,0,-1,1,Azuay_e1
94,Azuay,2003-01-01,2003,1,0.397873543715555,0.180349918454841,0.111708671632102,0.0722183648402716,0.153459394616228,0.267827641723194,103.650004545106,83.3182624492037,129.91,1.55920198262898,9,2.31617259319733,0,0,1,Azuay_e1
95,Azuay,2003-04-01,2003,2,0.405478093214871,0.185870650462271,0.11595021158451,0.0745518472529355,0.158148583984371,0.274429745684194,105.452548736321,83.1074810133934,129.91,1.56315651029134,10,2.31617259319733,0,1,1,Azuay_e1
96,Azuay,2003-07-01,2003,3,0.388867690544471,0.168838845578825,0.104003894779254,0.0709156505730243,0.150679124453172,0.262431082326595,108.316878366601,84.799472806654,129.91,1.53196707125998,11,2.31617259319733,0,2,1,Azuay_e1
97,Azuay,2003-10-01,2003,4,0.39897088394669,0.198900668349104,0.125252897284839,0.0759104013741039,0.150616913650346,0.225020393333009,97.5955607010631,84.0670085465108,129.91,1.54531488923061,12,2.31617259319733,0,3,1,Azuay_e1
98,Azuay,2004-01-01,2004,1,0.392362518586093,0.167283336326266,0.0947974293260982,0.0779687282514355,0.153422678778569,0.230235366389487,106.807550694802,76.8688956247298,135.63,1.76443279037257,13,2.31617259319733,0,4,1,Azuay_e1
99,"Costa, Santo Domingo",2002-01-01,2002,1,0.640625220234963,0.481707089607522,0.425698573695471,0.18947754778889,0.43066132775941,0.770572538857768,63.1430688638444,33.9155713647197,104.88,3.09238487749908,5,2.36334847810504,1,-4,1,"Costa, Santo Domingo_e1"
100,"Costa, Santo Domingo",2002-04-01,2002,2,0.606045534659045,0.459332533069369,0.409962574901513,0.181104715810344,0.415903266768077,0.755900847590314,67.06248552756,39.8863233650065,104.88,2.62947274032318,6,2.36334847810504,1,-3,1,"Costa, Santo Domingo_e1"
101,"Costa, Santo Domingo",2002-07-01,2002,3,0.608911912275125,0.457635696925895,0.401200259357343,0.176958766602107,0.406496689901601,0.743626033082846,67.6390372856596,44.0073929951935,104.88,2.38323592609667,7,2.36334847810504,1,-2,1,"Costa, Santo Domingo_e1"
102,"Costa, Santo Domingo",2002-10-01,2002,4,0.624742063147788,0.459600536823805,0.400590883824078,0.176325692272217,0.403599338723875,0.737577920183144,67.0860321109427,44.3777127967578,104.88,2.36334847810504,8,2.36334847810504,1,-1,1,"Costa, Santo Domingo_e1"
103,"Costa, Santo Domingo",2003-01-01,2003,1,0.519869115978431,0.315611279887021,0.232308844411888,0.107500052645729,0.224693576003682,0.371764681958244,84.0076273119181,61.4071915047393,129.91,2.11555026075364,9,2.36334847810504,1,0,1,"Costa, Santo Domingo_e1"
104,"Costa, Santo Domingo",2003-04-01,2003,2,0.528635368644064,0.318226805561904,0.233367573417154,0.106845899360449,0.215772629910028,0.323634759015921,85.1799026184784,58.8117512915797,129.91,2.20891228618454,10,2.36334847810504,1,1,1,"Costa, Santo Domingo_e1"
105,"Costa, Santo Domingo",2003-07-01,2003,3,0.475233006919299,0.302416264419563,0.223389456203154,0.101399513844332,0.204524013376026,0.306891648927117,85.2041988998873,71.0824647745082,129.91,1.82759560198296,11,2.36334847810504,1,2,1,"Costa, Santo Domingo_e1"
106,"Costa, Santo Domingo",2003-10-01,2003,4,0.665867172724844,0.327203012273968,0.210734672797421,0.0930897370728877,0.184557685360496,0.284846301251466,67.810752706597,49.8617889696312,129.91,2.60540190563806,12,2.36334847810504,1,3,1,"Costa, Santo Domingo_e1"
107,"Costa, Santo Domingo",2004-01-01,2004,1,0.58739714062864,0.286588249138214,0.183457625633731,0.0773634573138889,0.155544448053674,0.237381419136797,68.2485394319313,54.1047361852682,135.63,2.50680457133307,13,2.36334847810504,1,4,1,"Costa, Santo Domingo_e1"
108,El Oro,2002-01-01,2002,1,0.548102918355651,0.393897894867342,0.352681719762148,0.180416236387428,0.408708345322896,0.746199477543278,86.6766632654441,59.1453029859149,104.88,1.77326000045983,5,1.68835314490881,0,-4,1,El Oro_e1
109,El Oro,2002-04-01,2002,2,0.550935652969209,0.400974818490882,0.360665331150426,0.184282923535391,0.416704504785287,0.755826484891737,87.1412039781636,59.0523330733493,104.88,1.77605175852625,6,1.68835314490881,0,-3,1,El Oro_e1
110,El Oro,2002-07-01,2002,3,0.526513657162238,0.384403002854267,0.346591759908925,0.177542724341776,0.403107437188077,0.739747771645973,89.669550916971,64.7000766758679,104.88,1.62101817166963,7,1.68835314490881,0,-2,1,El Oro_e1
111,El Oro,2002-10-01,2002,4,0.547126374708021,0.409429851303661,0.376624266834668,0.195030352147403,0.437316636669621,0.779568669330244,90.3011569696849,62.1197054160519,104.88,1.68835314490881,8,1.68835314490881,0,-1,1,El Oro_e1
112,El Oro,2003-01-01,2003,1,0.47500310924488,0.212361737168054,0.149321182912286,0.0771383733828729,0.167619120474689,0.312169072299257,78.8426231023995,68.5009941395186,129.91,1.89646882694005,9,1.68835314490881,0,0,1,El Oro_e1
113,El Oro,2003-04-01,2003,2,0.451806118612998,0.215963926167893,0.151505059903874,0.0762987769279829,0.164935274438342,0.303779272977291,79.6163839140882,71.6905981725618,129.91,1.81209256599174,10,1.68835314490881,0,1,1,El Oro_e1
114,El Oro,2003-07-01,2003,3,0.451290540312105,0.210256688553144,0.150349619603185,0.0765313271085037,0.166003669757668,0.306129766372654,81.6132182229899,71.0782024634002,129.91,1.82770519649669,11,1.68835314490881,0,2,1,El Oro_e1
115,El Oro,2003-10-01,2003,4,0.382834242066271,0.149764266740218,0.0811617655335968,0.0663372441429633,0.126912329561784,0.183553348376317,97.3885372441416,78.5913857569573,129.91,1.65298014214617,12,1.68835314490881,0,3,1,El Oro_e1
116,El Oro,2004-01-01,2004,1,0.347751871051954,0.129485691571085,0.071331070385076,0.0653152827093502,0.128723521243101,0.195563081651584,106.379819075288,89.925802901032,135.63,1.50824341428753,13,1.68835314490881,0,4,1,El Oro_e1
117,Guayas,2002-01-01,2002,1,0.576359192101016,0.405877650379662,0.35994405366795,0.217839684451471,0.451439983892877,0.761449020965367,94.5864586494765,59.5150043521248,104.88,1.76224468336539,5,1.93719248966969,0,-4,1,Guayas_e1
118,Guayas,2002-04-01,2002,2,0.576414393696218,0.405370689511487,0.35932223323219,0.21724388408342,0.450712936941242,0.760877800718481,96.2084063942425,60.1304667112936,104.88,1.74420731679273,6,1.93719248966969,0,-3,1,Guayas_e1
119,Guayas,2002-07-01,2002,3,0.563052623043755,0.395170201903215,0.350798411872236,0.213222018869933,0.44336749062571,0.752916945580049,98.2737121728074,61.8546566604444,104.88,1.69558778049236,7,1.93719248966969,0,-2,1,Guayas_e1
120,Guayas,2002-10-01,2002,4,0.595211300709571,0.427766731923896,0.379013251723319,0.229317318429425,0.470896692173132,0.780977799101306,94.3199179139779,54.1402057664816,104.88,1.93719248966969,8,1.93719248966969,0,-1,1,Guayas_e1
121,Guayas,2003-01-01,2003,1,0.591930316116097,0.272935564719426,0.173537515723882,0.0911155640432969,0.184348970576881,0.302044479162296,74.574327671143,56.7020571861811,129.91,2.29109853234144,9,1.93719248966969,0,0,1,Guayas_e1
122,Guayas,2003-04-01,2003,2,0.589873239931151,0.278076067723676,0.180863443249746,0.0936103667796039,0.191314495390032,0.319414023614227,74.9995855574587,57.2884300221647,129.91,2.26764810887187,10,1.93719248966969,0,1,1,Guayas_e1
123,Guayas,2003-07-01,2003,3,0.575424048545473,0.257774352418721,0.159429023723843,0.0867617528526069,0.175237674216626,0.286677577146281,77.4206304255123,58.5751883439974,129.91,2.2178332442923,11,1.93719248966969,0,2,1,Guayas_e1
124,Guayas,2003-10-01,2003,4,0.510462077518742,0.236891236421736,0.142927268380609,0.106676413734969,0.200376033954632,0.286422563781087,93.5818553377216,65.3141412631123,129.91,1.98900264916091,12,1.93719248966969,0,3,1,Guayas_e1
125,Guayas,2004-01-01,2004,1,0.455567981112664,0.189222905537597,0.108249723060133,0.0850371726702738,0.162900013391612,0.235610075236241,94.7693551454134,66.637027655037,135.63,2.03535488860821,13,1.93719248966969,0,4,1,Guayas_e1
126,Los Ríos,2002-01-01,2002,1,0.604461940274015,0.395071591550017,0.342534244349584,0.157724966323139,0.365552329562375,0.694688731090837,69.3076459089417,57.170389013049,104.88,1.83451611595753,5,2.35208757394166,1,-4,1,Los Ríos_e1
127,Los Ríos,2002-04-01,2002,2,0.585803167331739,0.385893456867876,0.333703658573886,0.153975000446504,0.358638839474682,0.687561603239771,70.3237278765227,57.5771024000623,104.88,1.82155745301776,6,2.35208757394166,1,-3,1,Los Ríos_e1
128,Los Ríos,2002-07-01,2002,3,0.589269961236596,0.387959319506461,0.337302945274459,0.155318682554154,0.362096003756871,0.69298140360337,71.1965183235665,58.5072832930664,104.88,1.79259733313287,7,2.35208757394166,1,-2,1,Los Ríos_e1
129,Los Ríos,2002-10-01,2002,4,0.627248499555589,0.453101878305545,0.397624898576322,0.191067606609391,0.427177818213681,0.762417017247519,71.6446506908252,44.5901764721459,104.88,2.35208757394166,8,2.35208757394166,1,-1,1,Los Ríos_e1
130,Los Ríos,2003-01-01,2003,1,0.660289280357891,0.357197066878527,0.240839353459198,0.0793764115843203,0.171991081155084,0.311286807360999,53.4292013966309,46.6220551870663,129.91,2.78644944927351,9,2.35208757394166,1,0,1,Los Ríos_e1
131,Los Ríos,2003-04-01,2003,2,0.660289280357891,0.354977005117897,0.2407213916637,0.0795963509230877,0.17266851557526,0.312480916849446,54.4139421571414,48.0310727638914,129.91,2.70470744300476,10,2.35208757394166,1,1,1,Los Ríos_e1
132,Los Ríos,2003-07-01,2003,3,0.64199440201647,0.345501109404996,0.234464333085322,0.078282260414641,0.170575776893946,0.310314157892566,55.8067888666762,48.4177674800424,129.91,2.68310594976417,11,2.35208757394166,1,2,1,Los Ríos_e1
133,Los Ríos,2003-10-01,2003,4,0.563602832864386,0.234527123723902,0.132961621356835,0.0602676195742243,0.117807523638128,0.175622510524059,71.7804504902545,61.8342452175947,129.91,2.10093936689688,12,2.35208757394166,1,3,1,Los Ríos_e1
134,Los Ríos,2004-01-01,2004,1,0.54224256787352,0.227898390735913,0.128020380186569,0.0516439731233075,0.10345192131726,0.155733728733621,67.9620162409059,57.7449051125065,135.63,2.3487786452458,13,2.35208757394166,1,4,1,Los Ríos_e1
135,Manabí,2002-01-01,2002,1,0.622009314307069,0.481296663470137,0.426354463524844,0.218686994297279,0.469216658505926,0.79077140487345,78.9085855073781,36.3536690279967,104.88,2.88499078096436,5,6.09593100052843,1,-4,1,Manabí_e1
136,Manabí,2002-04-01,2002,2,0.624158371958819,0.48061254777929,0.426382439538391,0.218284780969603,0.468775759825956,0.790625812390622,79.4818892995785,37.023923106241,104.88,2.83276301376935,6,6.09593100052843,1,-3,1,Manabí_e1
137,Manabí,2002-07-01,2002,3,0.609035520680691,0.474038212240639,0.421486149397179,0.215928755976395,0.464929614400431,0.787711495727081,80.5335111107342,38.0191737892778,104.88,2.75860807973629,7,6.09593100052843,1,-2,1,Manabí_e1
138,Manabí,2002-10-01,2002,4,0.749473465340586,0.598003114989748,0.531232553107069,0.24501954558406,0.51919153141988,0.839578608288206,53.0330218042907,17.2049191486761,104.88,6.09593100052843,8,6.09593100052843,1,-1,1,Manabí_e1
139,Manabí,2003-01-01,2003,1,0.611249764196951,0.334893325458659,0.231967647394356,0.10609155155295,0.221614785592829,0.378790631809185,70.3233746878356,45.8111558795945,129.91,2.83577214994187,9,6.09593100052843,1,0,1,Manabí_e1
140,Manabí,2003-04-01,2003,2,0.567720428752026,0.329773879840339,0.239289587755278,0.108786333795238,0.232710889356223,0.413238445446806,72.8253153362059,53.2181438123973,129.91,2.44108476345876,10,6.09593100052843,1,1,1,Manabí_e1
141,Manabí,2003-07-01,2003,3,0.545941502438223,0.323758842279702,0.233030629468996,0.106946369581719,0.226646602671079,0.396644385014664,73.8793289745979,53.6465992649078,129.91,2.42158872659387,11,6.09593100052843,1,2,1,Manabí_e1
142,Manabí,2003-10-01,2003,4,0.697878984985179,0.378801371153624,0.253760238894631,0.0886980886696273,0.175742176828837,0.263810487937251,58.0589529042901,43.0503527767046,129.91,3.01762916261854,12,6.09593100052843,1,3,1,Manabí_e1
143,Manabí,2004-01-01,2004,1,0.646461297599203,0.346599442676411,0.230114489832552,0.0990143275565705,0.192523277244663,0.284398066485915,63.8456804645059,43.1555673460701,135.63,3.14281582518347,13,6.09593100052843,1,4,1,Manabí_e1
144,Pichincha,2002-01-01,2002,1,0.417896747951246,0.329177407064273,0.307485021130896,0.193942741741316,0.416439102308676,0.730377823975869,149.767088683566,96.2476702768524,104.88,1.08968871348592,5,1.06007765518673,0,-4,1,Pichincha_e1
145,Pichincha,2002-04-01,2002,2,0.42154077242685,0.333208633307962,0.311156698989109,0.195583501685881,0.419415919144276,0.733557591847545,149.386075397781,96.8729007307188,104.88,1.08265571908019,6,1.06007765518673,0,-3,1,Pichincha_e1
146,Pichincha,2002-07-01,2002,3,0.411558181888964,0.322006306717351,0.300113419671694,0.191091864928387,0.410546563073409,0.722872681438541,153.246043882943,98.1261855475856,104.88,1.06882785073857,7,1.06007765518673,0,-2,1,Pichincha_e1
147,Pichincha,2002-10-01,2002,4,0.41919020832405,0.328860480382985,0.306488343568546,0.194050924936847,0.416251689042959,0.729632398069719,154.03727497207,98.9361482027705,104.88,1.06007765518673,8,1.06007765518673,0,-1,1,Pichincha_e1
148,Pichincha,2003-01-01,2003,1,0.189470292412507,0.0877647449977223,0.0582002511253926,0.0754588012300519,0.153590235633163,0.250393413489134,164.788956786549,120.622978052046,129.91,1.07699214608967,9,1.06007765518673,0,0,1,Pichincha_e1
149,Pichincha,2003-04-01,2003,2,0.181034635115904,0.0866363201276134,0.0568181165933365,0.0741345947679637,0.150619050320863,0.244070984588813,166.97371624677,121.754891021688,129.91,1.06697972385241,10,1.06007765518673,0,1,1,Pichincha_e1
150,Pichincha,2003-07-01,2003,3,0.177037072891409,0.0801895854549225,0.0520489426434501,0.0728427874315717,0.147425436860584,0.23693452453931,170.330512966877,122.879607437452,129.91,1.05721366392,11,1.06007765518673,0,2,1,Pichincha_e1
151,Pichincha,2003-10-01,2003,4,0.198240927346827,0.0657913817086792,0.0321947233433948,0.0738716761144587,0.14192104248526,0.204903898493094,164.455845382502,119.570084667104,129.91,1.08647577160862,12,1.06007765518673,0,3,1,Pichincha_e1
152,Pichincha,2004-01-01,2004,1,0.201887748906083,0.0786343898369719,0.0459024857611111,0.0750598442978203,0.147053903526363,0.220220168161497,156.246886450741,121.056684807448,135.63,1.12038422509035,13,1.06007765518673,0,4,1,Pichincha_e1
153,Sierra,2002-01-01,2002,1,0.55210977710585,0.426154650120565,0.38842705260045,0.196837647153871,0.439828543373625,0.775706898321536,92.607568817932,58.9281328725859,104.88,1.77979506370533,5,2.86708856763747,1,-4,1,Sierra_e1
154,Sierra,2002-04-01,2002,2,0.555617476828328,0.43323367704295,0.395461526991322,0.199614403894104,0.445592259383134,0.782627922512539,91.9307016524602,55.8434776270918,104.88,1.87810653019071,6,2.86708856763747,1,-3,1,Sierra_e1
155,Sierra,2002-07-01,2002,3,0.560048011655237,0.429654076563107,0.390786271045552,0.197997032599724,0.442377293491,0.779471535341853,92.4266588952843,56.2930694535339,104.88,1.86310679126444,7,2.86708856763747,1,-2,1,Sierra_e1
156,Sierra,2002-10-01,2002,4,0.660275120200852,0.499810872645446,0.455764734830112,0.227822667481265,0.496719491766996,0.833593624793415,70.7700291038281,36.5806627614657,104.88,2.86708856763747,8,2.86708856763747,1,-1,1,Sierra_e1
157,Sierra,2003-01-01,2003,1,0.479364533689222,0.246469045188291,0.169199357570419,0.0831582494329026,0.181805360327755,0.337290847688344,80.1886721849484,66.9486339482447,129.91,1.94044287894549,9,2.86708856763747,1,0,1,Sierra_e1
158,Sierra,2003-04-01,2003,2,0.488067147846753,0.243459871516551,0.16354353522797,0.0818691686488104,0.179188691315255,0.334650376239905,81.1260477059074,67.3467780120105,129.91,1.92897127130317,10,2.86708856763747,1,1,1,Sierra_e1
159,Sierra,2003-07-01,2003,3,0.47270370374804,0.244186464094864,0.170791417878803,0.0851440266732946,0.189877510313499,0.365754842047678,82.1930534726699,72.3941860307448,129.91,1.79448111958644,11,2.86708856763747,1,2,1,Sierra_e1
160,Sierra,2003-10-01,2003,4,0.602818918728069,0.310059464687303,0.206511016748317,0.0844380198022716,0.170347624903816,0.265197312821797,68.4965457586563,53.5362758077111,129.91,2.42657895118824,12,2.86708856763747,1,3,1,Sierra_e1
161,Sierra,2004-01-01,2004,1,0.543350423787218,0.275643332435073,0.180598426893334,0.0863925938376279,0.174266859458835,0.273819699111401,74.8821128896074,57.4404958629974,135.63,2.36122613431984,13,2.86708856763747,1,4,1,Sierra_e1
162,Amazonía,2003-01-01,2003,1,0.30544614883488,0.147294191890017,0.103894370227404,0.068331559801757,0.149902549798015,0.282985872644856,105.339279635161,92.8508808321566,129.91,1.3991251223005,9,2.07471503541101,0,-4,2,Amazonía_e2
163,Amazonía,2003-04-01,2003,2,0.345317949807851,0.157968757550363,0.111638808801141,0.0726256269147707,0.160164472047868,0.304679169998118,105.166460835764,92.2269151343802,129.91,1.40859097163462,10,2.07471503541101,0,-3,2,Amazonía_e2
164,Amazonía,2003-07-01,2003,3,0.324597776402664,0.150022723588072,0.106779748971878,0.0704859564933323,0.154071505490646,0.286914882642366,107.860815912025,94.320337567938,129.91,1.37732755575039,11,2.07471503541101,0,-2,2,Amazonía_e2
165,Amazonía,2003-10-01,2003,4,0.551462265703766,0.279774439804911,0.191606059612293,0.0881235252880456,0.178690351027037,0.280243433338088,77.9288808549972,62.6158280933577,129.91,2.07471503541101,12,2.07471503541101,0,-1,2,Amazonía_e2
166,Amazonía,2004-01-01,2004,1,0.570531820241611,0.314134954803895,0.216952790431707,0.0938149107623856,0.189066501694856,0.29208038453044,71.3340058444739,53.0220951306285,135.63,2.55799020513719,13,2.07471503541101,0,0,2,Amazonía_e2
167,Amazonía,2004-04-01,2004,2,0.230302514532919,0.0727599643397041,0.0415864221480691,0.0524428365070632,0.10596977765138,0.166939235883151,132.350038417955,112.761052281048,135.63,1.20280892432569,14,2.07471503541101,0,1,2,Amazonía_e2
168,Amazonía,2004-07-01,2004,3,0.537948052935851,0.292889980856225,0.198647443288204,0.0880519574951231,0.178623353303565,0.277350590736316,77.4254084506328,56.9482022325174,135.63,2.38163795665099,15,2.07471503541101,0,2,2,Amazonía_e2
169,Amazonía,2004-10-01,2004,4,0.498657228266292,0.247718319206625,0.160679141769274,0.0843258020301618,0.171491271103588,0.273967656586048,85.658118063273,65.334970092054,135.63,2.07591738098148,16,2.07471503541101,0,3,2,Amazonía_e2
170,Amazonía,2005-01-01,2005,1,0.201241517354224,0.0794623358708741,0.0442333816556315,0.0487320723476351,0.101553845827812,0.169840882304098,124.51891997524,100.681183920108,150.0,1.48985137202029,17,2.07471503541101,0,4,2,Amazonía_e2
171,Azuay,2003-01-01,2003,1,0.397873543715555,0.180349918454841,0.111708671632102,0.0722183648402716,0.153459394616228,0.267827641723194,103.650004545106,83.3182624492037,129.91,1.55920198262898,9,1.54531488923061,0,-4,2,Azuay_e2
172,Azuay,2003-04-01,2003,2,0.405478093214871,0.185870650462271,0.11595021158451,0.0745518472529355,0.158148583984371,0.274429745684194,105.452548736321,83.1074810133934,129.91,1.56315651029134,10,1.54531488923061,0,-3,2,Azuay_e2
173,Azuay,2003-07-01,2003,3,0.388867690544471,0.168838845578825,0.104003894779254,0.0709156505730243,0.150679124453172,0.262431082326595,108.316878366601,84.799472806654,129.91,1.53196707125998,11,1.54531488923061,0,-2,2,Azuay_e2
174,Azuay,2003-10-01,2003,4,0.39897088394669,0.198900668349104,0.125252897284839,0.0759104013741039,0.150616913650346,0.225020393333009,97.5955607010631,84.0670085465108,129.91,1.54531488923061,12,1.54531488923061,0,-1,2,Azuay_e2
175,Azuay,2004-01-01,2004,1,0.392362518586093,0.167283336326266,0.0947974293260982,0.0779687282514355,0.153422678778569,0.230235366389487,106.807550694802,76.8688956247298,135.63,1.76443279037257,13,1.54531488923061,0,0,2,Azuay_e2
176,Azuay,2004-04-01,2004,2,0.20844254529774,0.091776626735054,0.0586837875953673,0.0668657977191617,0.133243684032268,0.201424737019601,147.19640116392,112.48043053065,135.63,1.20580975161757,14,1.54531488923061,0,1,2,Azuay_e2
177,Azuay,2004-07-01,2004,3,0.393110978289016,0.174277459536017,0.107448547716592,0.0714900551480817,0.142153460483622,0.213047433123782,98.9042565010206,84.5166037464595,135.63,1.60477342898059,15,1.54531488923061,0,2,2,Azuay_e2
178,Azuay,2004-10-01,2004,4,0.300528212870119,0.157779601175199,0.106538910512368,0.0801957453231894,0.160074551046079,0.242681856725673,117.042416707853,96.1609327315628,135.63,1.41044804940294,16,1.54531488923061,0,3,2,Azuay_e2
179,Azuay,2005-01-01,2005,1,0.132509568312127,0.0411656580717501,0.0181686523131289,0.0596828590512618,0.115241764699265,0.167172400938206,157.846660968752,118.053489958593,150.0,1.27061046693844,17,1.54531488923061,0,4,2,Azuay_e2
180,"Costa, Santo Domingo",2003-01-01,2003,1,0.519869115978431,0.315611279887021,0.232308844411888,0.107500052645729,0.224693576003682,0.371764681958244,84.0076273119181,61.4071915047393,129.91,2.11555026075364,9,2.60540190563806,1,-4,2,"Costa, Santo Domingo_e2"
181,"Costa, Santo Domingo",2003-04-01,2003,2,0.528635368644064,0.318226805561904,0.233367573417154,0.106845899360449,0.215772629910028,0.323634759015921,85.1799026184784,58.8117512915797,129.91,2.20891228618454,10,2.60540190563806,1,-3,2,"Costa, Santo Domingo_e2"
182,"Costa, Santo Domingo",2003-07-01,2003,3,0.475233006919299,0.302416264419563,0.223389456203154,0.101399513844332,0.204524013376026,0.306891648927117,85.2041988998873,71.0824647745082,129.91,1.82759560198296,11,2.60540190563806,1,-2,2,"Costa, Santo Domingo_e2"
183,"Costa, Santo Domingo",2003-10-01,2003,4,0.665867172724844,0.327203012273968,0.210734672797421,0.0930897370728877,0.184557685360496,0.284846301251466,67.810752706597,49.8617889696312,129.91,2.60540190563806,12,2.60540190563806,1,-1,2,"Costa, Santo Domingo_e2"
184,"Costa, Santo Domingo",2004-01-01,2004,1,0.58739714062864,0.286588249138214,0.183457625633731,0.0773634573138889,0.155544448053674,0.237381419136797,68.2485394319313,54.1047361852682,135.63,2.50680457133307,13,2.60540190563806,1,0,2,"Costa, Santo Domingo_e2"
185,"Costa, Santo Domingo",2004-04-01,2004,2,0.553274286686188,0.23698010468272,0.143071556709149,0.0750581691881507,0.155503204303221,0.25536540791138,80.5092096989263,55.1981882226049,135.63,2.45714586596624,14,2.60540190563806,1,1,2,"Costa, Santo Domingo_e2"
186,"Costa, Santo Domingo",2004-07-01,2004,3,0.606159360402849,0.304270186783716,0.192311697609658,0.106452410588978,0.20088548500521,0.284486909692265,77.0716266964462,50.726619224872,135.63,2.67374412236601,15,2.60540190563806,1,2,2,"Costa, Santo Domingo_e2"
187,"Costa, Santo Domingo",2004-10-01,2004,4,0.596849181861906,0.310718498415056,0.209002843912153,0.0885392006200686,0.178312292574021,0.272267917327588,70.9799911083359,55.1412055308287,135.63,2.45968507025424,16,2.60540190563806,1,3,2,"Costa, Santo Domingo_e2"
188,"Costa, Santo Domingo",2005-01-01,2005,1,0.335715976298985,0.174921796418595,0.114547957074186,0.0605301789214052,0.122981942114172,0.187369212252553,89.2212169898445,71.4195837031399,150.0,2.10026427238059,17,2.60540190563806,1,4,2,"Costa, Santo Domingo_e2"
189,El Oro,2003-01-01,2003,1,0.47500310924488,0.212361737168054,0.149321182912286,0.0771383733828729,0.167619120474689,0.312169072299257,78.8426231023995,68.5009941395186,129.91,1.89646882694005,9,1.65298014214617,0,-4,2,El Oro_e2
190,El Oro,2003-04-01,2003,2,0.451806118612998,0.215963926167893,0.151505059903874,0.0762987769279829,0.164935274438342,0.303779272977291,79.6163839140882,71.6905981725618,129.91,1.81209256599174,10,1.65298014214617,0,-3,2,El Oro_e2
191,El Oro,2003-07-01,2003,3,0.451290540312105,0.210256688553144,0.150349619603185,0.0765313271085037,0.166003669757668,0.306129766372654,81.6132182229899,71.0782024634002,129.91,1.82770519649669,11,1.65298014214617,0,-2,2,El Oro_e2
192,El Oro,2003-10-01,2003,4,0.382834242066271,0.149764266740218,0.0811617655335968,0.0663372441429633,0.126912329561784,0.183553348376317,97.3885372441416,78.5913857569573,129.91,1.65298014214617,12,1.65298014214617,0,-1,2,El Oro_e2
193,El Oro,2004-01-01,2004,1,0.347751871051954,0.129485691571085,0.071331070385076,0.0653152827093502,0.128723521243101,0.195563081651584,106.379819075288,89.925802901032,135.63,1.50824341428753,13,1.65298014214617,0,0,2,El Oro_e2
194,El Oro,2004-04-01,2004,2,0.315815019950119,0.0983766574949962,0.046030805223822,0.0424777361849131,0.0852675047029529,0.129475434549198,101.355375477136,88.5470724541067,135.63,1.53172765898383,14,1.65298014214617,0,1,2,El Oro_e2
195,El Oro,2004-07-01,2004,3,0.39125735038627,0.162286214864989,0.0900880114561862,0.0794503442429494,0.149447648835936,0.212277746120876,97.1167252712962,77.8060365955654,135.63,1.74318093986721,15,1.65298014214617,0,2,2,El Oro_e2
196,El Oro,2004-10-01,2004,4,0.274879408871195,0.111549026519369,0.0650296919101141,0.0552177858670719,0.111037172979731,0.172122211004675,108.088313184067,92.441279488231,135.63,1.46720167387198,16,1.65298014214617,0,3,2,El Oro_e2
197,El Oro,2005-01-01,2005,1,0.174042308173381,0.0509564872346698,0.0277814671855811,0.0398759647958423,0.0798670126211346,0.124723744756936,115.781471386437,98.5415405034729,150.0,1.52220068037919,17,1.65298014214617,0,4,2,El Oro_e2
198,Guayas,2003-01-01,2003,1,0.591930316116097,0.272935564719426,0.173537515723882,0.0911155640432969,0.184348970576881,0.302044479162296,74.574327671143,56.7020571861811,129.91,2.29109853234144,9,1.98900264916091,0,-4,2,Guayas_e2
199,Guayas,2003-04-01,2003,2,0.589873239931151,0.278076067723676,0.180863443249746,0.0936103667796039,0.191314495390032,0.319414023614227,74.9995855574587,57.2884300221647,129.91,2.26764810887187,10,1.98900264916091,0,-3,2,Guayas_e2
200,Guayas,2003-07-01,2003,3,0.575424048545473,0.257774352418721,0.159429023723843,0.0867617528526069,0.175237674216626,0.286677577146281,77.4206304255123,58.5751883439974,129.91,2.2178332442923,11,1.98900264916091,0,-2,2,Guayas_e2
201,Guayas,2003-10-01,2003,4,0.510462077518742,0.236891236421736,0.142927268380609,0.106676413734969,0.200376033954632,0.286422563781087,93.5818553377216,65.3141412631123,129.91,1.98900264916091,12,1.98900264916091,0,-1,2,Guayas_e2
202,Guayas,2004-01-01,2004,1,0.455567981112664,0.189222905537597,0.108249723060133,0.0850371726702738,0.162900013391612,0.235610075236241,94.7693551454134,66.637027655037,135.63,2.03535488860821,13,1.98900264916091,0,0,2,Guayas_e2
203,Guayas,2004-04-01,2004,2,0.368157982319009,0.120065787899072,0.0579869598656048,0.0668724560087741,0.128186209900744,0.184639058076001,107.757993172829,80.2677568835219,135.63,1.68971957440913,14,1.98900264916091,0,1,2,Guayas_e2
204,Guayas,2004-07-01,2004,3,0.395309976637142,0.154351710992269,0.0848763116597025,0.0889849968991556,0.166315304999744,0.235012870411248,106.977177352571,77.2436502468346,135.63,1.75587248358396,15,1.98900264916091,0,2,2,Guayas_e2
205,Guayas,2004-10-01,2004,4,0.396342140777347,0.149796608409306,0.0803776016054654,0.0858405226390884,0.163053196171026,0.234515719477926,111.865198006223,77.5588399332955,135.63,1.74873683150301,16,1.98900264916091,0,3,2,Guayas_e2
206,Guayas,2005-01-01,2005,1,0.33749205713474,0.145218759235779,0.0885375173134104,0.0771777906791695,0.151740979478478,0.225831306153853,112.162824767566,88.4074825112587,150.0,1.6966889649968,17,1.98900264916091,0,4,2,Guayas_e2
207,Los Ríos,2003-01-01,2003,1,0.660289280357891,0.357197066878527,0.240839353459198,0.0793764115843203,0.171991081155084,0.311286807360999,53.4292013966309,46.6220551870663,129.91,2.78644944927351,9,2.10093936689688,1,-4,2,Los Ríos_e2
208,Los Ríos,2003-04-01,2003,2,0.660289280357891,0.354977005117897,0.2407213916637,0.0795963509230877,0.17266851557526,0.312480916849446,54.4139421571414,48.0310727638914,129.91,2.70470744300476,10,2.10093936689688,1,-3,2,Los Ríos_e2
209,Los Ríos,2003-07-01,2003,3,0.64199440201647,0.345501109404996,0.234464333085322,0.078282260414641,0.170575776893946,0.310314157892566,55.8067888666762,48.4177674800424,129.91,2.68310594976417,11,2.10093936689688,1,-2,2,Los Ríos_e2
210,Los Ríos,2003-10-01,2003,4,0.563602832864386,0.234527123723902,0.132961621356835,0.0602676195742243,0.117807523638128,0.175622510524059,71.7804504902545,61.8342452175947,129.91,2.10093936689688,12,2.10093936689688,1,-1,2,Los Ríos_e2
211,Los Ríos,2004-01-01,2004,1,0.54224256787352,0.227898390735913,0.128020380186569,0.0516439731233075,0.10345192131726,0.155733728733621,67.9620162409059,57.7449051125065,135.63,2.3487786452458,13,2.10093936689688,1,0,2,Los Ríos_e2
212,Los Ríos,2004-04-01,2004,2,0.450155047298001,0.177698325937204,0.101625809040616,0.0780794112560886,0.1491207537824,0.214821358527604,89.4468927536583,67.8748794897025,135.63,1.99823559201423,14,2.10093936689688,1,1,2,Los Ríos_e2
213,Los Ríos,2004-07-01,2004,3,0.482970811387287,0.192251044797917,0.105540056136885,0.0462126441419246,0.0935784549901094,0.142416826234564,74.2695015079706,66.4513413070653,135.63,2.04104232258107,15,2.10093936689688,1,2,2,Los Ríos_e2
214,Los Ríos,2004-10-01,2004,4,0.457195373287846,0.176346256366541,0.0944594060807264,0.0589182633412773,0.114795329733972,0.173136818168116,80.6436887649559,66.5677691966881,135.63,2.03747251315052,16,2.10093936689688,1,3,2,Los Ríos_e2
215,Los Ríos,2005-01-01,2005,1,0.337833499167795,0.141202246330099,0.0788200486671334,0.0463908451537781,0.0966258508652826,0.160575447575324,88.6324376566017,76.4845639701357,150.0,1.9611800370408,17,2.10093936689688,1,4,2,Los Ríos_e2
216,Manabí,2003-01-01,2003,1,0.611249764196951,0.334893325458659,0.231967647394356,0.10609155155295,0.221614785592829,0.378790631809185,70.3233746878356,45.8111558795945,129.91,2.83577214994187,9,3.01762916261854,1,-4,2,Manabí_e2
217,Manabí,2003-04-01,2003,2,0.567720428752026,0.329773879840339,0.239289587755278,0.108786333795238,0.232710889356223,0.413238445446806,72.8253153362059,53.2181438123973,129.91,2.44108476345876,10,3.01762916261854,1,-3,2,Manabí_e2
218,Manabí,2003-07-01,2003,3,0.545941502438223,0.323758842279702,0.233030629468996,0.106946369581719,0.226646602671079,0.396644385014664,73.8793289745979,53.6465992649078,129.91,2.42158872659387,11,3.01762916261854,1,-2,2,Manabí_e2
219,Manabí,2003-10-01,2003,4,0.697878984985179,0.378801371153624,0.253760238894631,0.0886980886696273,0.175742176828837,0.263810487937251,58.0589529042901,43.0503527767046,129.91,3.01762916261854,12,3.01762916261854,1,-1,2,Manabí_e2
220,Manabí,2004-01-01,2004,1,0.646461297599203,0.346599442676411,0.230114489832552,0.0990143275565705,0.192523277244663,0.284398066485915,63.8456804645059,43.1555673460701,135.63,3.14281582518347,13,3.01762916261854,1,0,2,Manabí_e2
221,Manabí,2004-04-01,2004,2,0.446007782274243,0.213026872344742,0.124518113189922,0.0809050080301148,0.165960101948685,0.271189143091334,97.2555865547638,71.3834319364913,135.63,1.90002072358566,14,3.01762916261854,1,1,2,Manabí_e2
222,Manabí,2004-07-01,2004,3,0.586285387429972,0.284199178087192,0.174253695677756,0.0918979370428877,0.175953694263098,0.253768519639135,73.962194933634,51.8578564617631,135.63,2.61541855475661,15,3.01762916261854,1,2,2,Manabí_e2
223,Manabí,2004-10-01,2004,4,0.672419749772502,0.360929685712188,0.237437694558317,0.104607749560948,0.20214458697,0.299010947498959,65.0841632624288,42.8729055385033,135.63,3.16353646426397,16,3.01762916261854,1,3,2,Manabí_e2
224,Manabí,2005-01-01,2005,1,0.423639076120585,0.196111000938992,0.119421087113755,0.0795130159835917,0.159854713978528,0.250778397857911,96.7515586727494,72.6371694308546,150.0,2.06505844287874,17,3.01762916261854,1,4,2,Manabí_e2
225,Pichincha,2003-01-01,2003,1,0.189470292412507,0.0877647449977223,0.0582002511253926,0.0754588012300519,0.153590235633163,0.250393413489134,164.788956786549,120.622978052046,129.91,1.07699214608967,9,1.08647577160862,0,-4,2,Pichincha_e2
226,Pichincha,2003-04-01,2003,2,0.181034635115904,0.0866363201276134,0.0568181165933365,0.0741345947679637,0.150619050320863,0.244070984588813,166.97371624677,121.754891021688,129.91,1.06697972385241,10,1.08647577160862,0,-3,2,Pichincha_e2
227,Pichincha,2003-07-01,2003,3,0.177037072891409,0.0801895854549225,0.0520489426434501,0.0728427874315717,0.147425436860584,0.23693452453931,170.330512966877,122.879607437452,129.91,1.05721366392,11,1.08647577160862,0,-2,2,Pichincha_e2
228,Pichincha,2003-10-01,2003,4,0.198240927346827,0.0657913817086792,0.0321947233433948,0.0738716761144587,0.14192104248526,0.204903898493094,164.455845382502,119.570084667104,129.91,1.08647577160862,12,1.08647577160862,0,-1,2,Pichincha_e2
229,Pichincha,2004-01-01,2004,1,0.201887748906083,0.0786343898369719,0.0459024857611111,0.0750598442978203,0.147053903526363,0.220220168161497,156.246886450741,121.056684807448,135.63,1.12038422509035,13,1.08647577160862,0,0,2,Pichincha_e2
230,Pichincha,2004-04-01,2004,2,0.17125261645412,0.0647847480002757,0.0327212489527541,0.0764703474317225,0.149031220139631,0.220764933194689,180.994563285126,128.192335952358,135.63,1.05801956873932,14,1.08647577160862,0,1,2,Pichincha_e2
231,Pichincha,2004-07-01,2004,3,0.151562477739714,0.0559251841998383,0.0301929853071583,0.0754133197575251,0.145596991195909,0.211273590191669,177.312615963979,122.05007310357,135.63,1.11126520903356,15,1.08647577160862,0,2,2,Pichincha_e2
232,Pichincha,2004-10-01,2004,4,0.174475111876999,0.0639297927200493,0.0333317736031126,0.0896301347657629,0.170124743595902,0.242603023014409,186.572815135267,126.156361467664,135.63,1.07509441792806,16,1.08647577160862,0,3,2,Pichincha_e2
233,Pichincha,2005-01-01,2005,1,0.0991993784544772,0.0360831123516795,0.0181325966250516,0.0658245884150344,0.128097177304331,0.187624979939381,205.582458712375,154.59444236855,150.0,0.970280675694685,17,1.08647577160862,0,4,2,Pichincha_e2
234,Sierra,2003-01-01,2003,1,0.479364533689222,0.246469045188291,0.169199357570419,0.0831582494329026,0.181805360327755,0.337290847688344,80.1886721849484,66.9486339482447,129.91,1.94044287894549,9,2.42657895118824,1,-4,2,Sierra_e2
235,Sierra,2003-04-01,2003,2,0.488067147846753,0.243459871516551,0.16354353522797,0.0818691686488104,0.179188691315255,0.334650376239905,81.1260477059074,67.3467780120105,129.91,1.92897127130317,10,2.42657895118824,1,-3,2,Sierra_e2
236,Sierra,2003-07-01,2003,3,0.47270370374804,0.244186464094864,0.170791417878803,0.0851440266732946,0.189877510313499,0.365754842047678,82.1930534726699,72.3941860307448,129.91,1.79448111958644,11,2.42657895118824,1,-2,2,Sierra_e2
237,Sierra,2003-10-01,2003,4,0.602818918728069,0.310059464687303,0.206511016748317,0.0844380198022716,0.170347624903816,0.265197312821797,68.4965457586563,53.5362758077111,129.91,2.42657895118824,12,2.42657895118824,1,-1,2,Sierra_e2
238,Sierra,2004-01-01,2004,1,0.543350423787218,0.275643332435073,0.180598426893334,0.0863925938376279,0.174266859458835,0.273819699111401,74.8821128896074,57.4404958629974,135.63,2.36122613431984,13,2.42657895118824,1,0,2,Sierra_e2
239,Sierra,2004-04-01,2004,2,0.3829599482021,0.145069298996949,0.0815010811523483,0.0746943826092688,0.147980168707049,0.220490799227739,112.674750227966,80.6007503418406,135.63,1.68273867705662,14,2.42657895118824,1,1,2,Sierra_e2
240,Sierra,2004-07-01,2004,3,0.53663201160367,0.269983011707066,0.178279611013085,0.0918371591990638,0.184386346716459,0.288352336406236,80.0189386838208,60.1776441592568,135.63,2.25382701325201,15,2.42657895118824,1,2,2,Sierra_e2
241,Sierra,2004-10-01,2004,4,0.517454127270432,0.251365961318402,0.160614795990955,0.0863028058375385,0.1717281215858,0.26319684082449,82.4797820713092,61.3241444808642,135.63,2.21169004717746,16,2.42657895118824,1,3,2,Sierra_e2
242,Sierra,2005-01-01,2005,1,0.286190894303791,0.108471565969089,0.0597815762282369,0.0626356964488585,0.125775613584704,0.194991709923347,122.949407481726,103.142236674072,150.0,1.4543023773471,17,2.42657895118824,1,4,2,Sierra_e2
243,Amazonía,2004-01-01,2004,1,0.570531820241611,0.314134954803895,0.216952790431707,0.0938149107623856,0.189066501694856,0.29208038453044,71.3340058444739,53.0220951306285,135.63,2.55799020513719,13,2.07591738098148,1,-4,3,Amazonía_e3
244,Amazonía,2004-04-01,2004,2,0.230302514532919,0.0727599643397041,0.0415864221480691,0.0524428365070632,0.10596977765138,0.166939235883151,132.350038417955,112.761052281048,135.63,1.20280892432569,14,2.07591738098148,1,-3,3,Amazonía_e3
245,Amazonía,2004-07-01,2004,3,0.537948052935851,0.292889980856225,0.198647443288204,0.0880519574951231,0.178623353303565,0.277350590736316,77.4254084506328,56.9482022325174,135.63,2.38163795665099,15,2.07591738098148,1,-2,3,Amazonía_e3
246,Amazonía,2004-10-01,2004,4,0.498657228266292,0.247718319206625,0.160679141769274,0.0843258020301618,0.171491271103588,0.273967656586048,85.658118063273,65.334970092054,135.63,2.07591738098148,16,2.07591738098148,1,-1,3,Amazonía_e3
247,Amazonía,2005-01-01,2005,1,0.201241517354224,0.0794623358708741,0.0442333816556315,0.0487320723476351,0.101553845827812,0.169840882304098,124.51891997524,100.681183920108,150.0,1.48985137202029,17,2.07591738098148,1,0,3,Amazonía_e3
248,Amazonía,2005-04-01,2005,2,0.222091025220632,0.0691859614992644,0.0359866858614261,0.0496681571477889,0.101681139651493,0.164155440952685,127.792395722978,106.218757369052,150.0,1.41217995498509,18,2.07591738098148,1,1,3,Amazonía_e3
249,Amazonía,2005-07-01,2005,3,0.27905162129948,0.109922986125094,0.0633267670890094,0.0712840783560009,0.14299373367846,0.222552021750292,134.556058346661,104.912376647593,150.0,1.42976457871943,19,2.07591738098148,1,2,3,Amazonía_e3
250,Amazonía,2005-10-01,2005,4,0.447891511848298,0.230693708041028,0.144282883252647,0.0808031686227624,0.162734147558874,0.24976179342203,90.5377005773869,76.6700756847038,150.0,1.95643474537389,20,2.07591738098148,1,3,3,Amazonía_e3
251,Amazonía,2006-01-01,2006,1,0.262505319883829,0.0969291663494083,0.0528842167749136,0.0538421218795947,0.105749817030189,0.157222525055903,135.971997047891,108.817214446982,160.0,1.47035559413217,21,2.07591738098148,1,4,3,Amazonía_e3
252,Azuay,2004-01-01,2004,1,0.392362518586093,0.167283336326266,0.0947974293260982,0.0779687282514355,0.153422678778569,0.230235366389487,106.807550694802,76.8688956247298,135.63,1.76443279037257,13,1.41044804940294,0,-4,3,Azuay_e3
253,Azuay,2004-04-01,2004,2,0.20844254529774,0.091776626735054,0.0586837875953673,0.0668657977191617,0.133243684032268,0.201424737019601,147.19640116392,112.48043053065,135.63,1.20580975161757,14,1.41044804940294,0,-3,3,Azuay_e3
254,Azuay,2004-07-01,2004,3,0.393110978289016,0.174277459536017,0.107448547716592,0.0714900551480817,0.142153460483622,0.213047433123782,98.9042565010206,84.5166037464595,135.63,1.60477342898059,15,1.41044804940294,0,-2,3,Azuay_e3
255,Azuay,2004-10-01,2004,4,0.300528212870119,0.157779601175199,0.106538910512368,0.0801957453231894,0.160074551046079,0.242681856725673,117.042416707853,96.1609327315628,135.63,1.41044804940294,16,1.41044804940294,0,-1,3,Azuay_e3
256,Azuay,2005-01-01,2005,1,0.132509568312127,0.0411656580717501,0.0181686523131289,0.0596828590512618,0.115241764699265,0.167172400938206,157.846660968752,118.053489958593,150.0,1.27061046693844,17,1.41044804940294,0,0,3,Azuay_e3
257,Azuay,2005-04-01,2005,2,0.179044290240279,0.083254174801731,0.0484325885582877,0.0763323476999291,0.147520351504728,0.214800130128399,161.088303539922,123.256422701527,150.0,1.21697512155804,18,1.41044804940294,0,1,3,Azuay_e3
258,Azuay,2005-07-01,2005,3,0.239749457002544,0.093162323480036,0.050339757628202,0.0932465419265164,0.177985197907929,0.264303651338788,158.186207327144,111.511716363575,150.0,1.34515013212546,19,1.41044804940294,0,2,3,Azuay_e3
259,Azuay,2005-10-01,2005,4,0.283959372527952,0.118626151538347,0.0710526575227503,0.0732136882426752,0.144966104496763,0.217697213709574,127.884182053092,101.817437305814,150.0,1.47322505819378,20,1.41044804940294,0,3,3,Azuay_e3
260,Azuay,2006-01-01,2006,1,0.247630090713104,0.102424166309911,0.0584676902173439,0.0604243352833903,0.120540975199079,0.180856497932918,158.325914025825,135.723465088156,160.0,1.17886763277136,21,1.41044804940294,0,4,3,Azuay_e3
261,"Costa, Santo Domingo",2004-01-01,2004,1,0.58739714062864,0.286588249138214,0.183457625633731,0.0773634573138889,0.155544448053674,0.237381419136797,68.2485394319313,54.1047361852682,135.63,2.50680457133307,13,2.45968507025424,1,-4,3,"Costa, Santo Domingo_e3"
262,"Costa, Santo Domingo",2004-04-01,2004,2,0.553274286686188,0.23698010468272,0.143071556709149,0.0750581691881507,0.155503204303221,0.25536540791138,80.5092096989263,55.1981882226049,135.63,2.45714586596624,14,2.45968507025424,1,-3,3,"Costa, Santo Domingo_e3"
263,"Costa, Santo Domingo",2004-07-01,2004,3,0.606159360402849,0.304270186783716,0.192311697609658,0.106452410588978,0.20088548500521,0.284486909692265,77.0716266964462,50.726619224872,135.63,2.67374412236601,15,2.45968507025424,1,-2,3,"Costa, Santo Domingo_e3"
264,"Costa, Santo Domingo",2004-10-01,2004,4,0.596849181861906,0.310718498415056,0.209002843912153,0.0885392006200686,0.178312292574021,0.272267917327588,70.9799911083359,55.1412055308287,135.63,2.45968507025424,16,2.45968507025424,1,-1,3,"Costa, Santo Domingo_e3"
265,"Costa, Santo Domingo",2005-01-01,2005,1,0.335715976298985,0.174921796418595,0.114547957074186,0.0605301789214052,0.122981942114172,0.187369212252553,89.2212169898445,71.4195837031399,150.0,2.10026427238059,17,2.45968507025424,1,0,3,"Costa, Santo Domingo_e3"
266,"Costa, Santo Domingo",2005-04-01,2005,2,0.27597094665228,0.159839825148142,0.115214347294883,0.0709705312652881,0.151015679800962,0.257833491850852,108.528468456506,92.0518485079749,150.0,1.62951643482754,18,2.45968507025424,1,1,3,"Costa, Santo Domingo_e3"
267,"Costa, Santo Domingo",2005-07-01,2005,3,0.416070799768649,0.172313436406801,0.0909104478554693,0.0706840692316612,0.138972220114747,0.204338164309131,101.092616270273,82.8710843001407,150.0,1.81004027239143,19,2.45968507025424,1,2,3,"Costa, Santo Domingo_e3"
268,"Costa, Santo Domingo",2005-10-01,2005,4,0.541151705338704,0.27845587464585,0.180419065812065,0.0877946652841887,0.177975500859581,0.279075666813035,78.4141199718216,54.7911629356571,150.0,2.7376677544908,20,2.45968507025424,1,3,3,"Costa, Santo Domingo_e3"
269,"Costa, Santo Domingo",2006-01-01,2006,1,0.325751591215563,0.152813779784616,0.0815938234040158,0.0612805997557392,0.121955850870721,0.182058601269776,129.067270982894,113.293667464179,160.0,1.41225898658977,21,2.45968507025424,1,4,3,"Costa, Santo Domingo_e3"
270,El Oro,2004-01-01,2004,1,0.347751871051954,0.129485691571085,0.071331070385076,0.0653152827093502,0.128723521243101,0.195563081651584,106.379819075288,89.925802901032,135.63,1.50824341428753,13,1.46720167387198,0,-4,3,El Oro_e3
271,El Oro,2004-04-01,2004,2,0.315815019950119,0.0983766574949962,0.046030805223822,0.0424777361849131,0.0852675047029529,0.129475434549198,101.355375477136,88.5470724541067,135.63,1.53172765898383,14,1.46720167387198,0,-3,3,El Oro_e3
272,El Oro,2004-07-01,2004,3,0.39125735038627,0.162286214864989,0.0900880114561862,0.0794503442429494,0.149447648835936,0.212277746120876,97.1167252712962,77.8060365955654,135.63,1.74318093986721,15,1.46720167387198,0,-2,3,El Oro_e3
273,El Oro,2004-10-01,2004,4,0.274879408871195,0.111549026519369,0.0650296919101141,0.0552177858670719,0.111037172979731,0.172122211004675,108.088313184067,92.441279488231,135.63,1.46720167387198,16,1.46720167387198,0,-1,3,El Oro_e3
274,El Oro,2005-01-01,2005,1,0.174042308173381,0.0509564872346698,0.0277814671855811,0.0398759647958423,0.0798670126211346,0.124723744756936,115.781471386437,98.5415405034729,150.0,1.52220068037919,17,1.46720167387198,0,0,3,El Oro_e3
275,El Oro,2005-04-01,2005,2,0.245759611712469,0.085273555284404,0.0433328952375416,0.0440768553129881,0.0880100681830819,0.133991781808279,108.750703257836,95.2523068290365,150.0,1.57476501088029,18,1.46720167387198,0,1,3,El Oro_e3
276,El Oro,2005-07-01,2005,3,0.194180242304591,0.0822976543735235,0.0490399104110386,0.0646302637740632,0.127702798062256,0.199791929310859,132.997468900384,102.348670275565,150.0,1.46557839585154,19,1.46720167387198,0,2,3,El Oro_e3
277,El Oro,2005-10-01,2005,4,0.273067653994494,0.099900724960902,0.052094065707689,0.0544756866008446,0.106001044744922,0.155608911807962,109.147324035853,98.6969195369983,150.0,1.51980427255148,20,1.46720167387198,0,3,3,El Oro_e3
278,El Oro,2006-01-01,2006,1,0.346715955439289,0.137577781076632,0.0798328161472056,0.0620870063656526,0.121339078957899,0.17849924084472,118.77271654305,92.2373607216816,160.0,1.73465501124633,21,1.46720167387198,0,4,3,El Oro_e3
279,Guayas,2004-01-01,2004,1,0.455567981112664,0.189222905537597,0.108249723060133,0.0850371726702738,0.162900013391612,0.235610075236241,94.7693551454134,66.637027655037,135.63,2.03535488860821,13,1.74873683150301,0,-4,3,Guayas_e3
280,Guayas,2004-04-01,2004,2,0.368157982319009,0.120065787899072,0.0579869598656048,0.0668724560087741,0.128186209900744,0.184639058076001,107.757993172829,80.2677568835219,135.63,1.68971957440913,14,1.74873683150301,0,-3,3,Guayas_e3
281,Guayas,2004-07-01,2004,3,0.395309976637142,0.154351710992269,0.0848763116597025,0.0889849968991556,0.166315304999744,0.235012870411248,106.977177352571,77.2436502468346,135.63,1.75587248358396,15,1.74873683150301,0,-2,3,Guayas_e3
282,Guayas,2004-10-01,2004,4,0.396342140777347,0.149796608409306,0.0803776016054654,0.0858405226390884,0.163053196171026,0.234515719477926,111.865198006223,77.5588399332955,135.63,1.74873683150301,16,1.74873683150301,0,-1,3,Guayas_e3
283,Guayas,2005-01-01,2005,1,0.33749205713474,0.145218759235779,0.0885375173134104,0.0771777906791695,0.151740979478478,0.225831306153853,112.162824767566,88.4074825112587,150.0,1.6966889649968,17,1.74873683150301,0,0,3,Guayas_e3
284,Guayas,2005-04-01,2005,2,0.304686062789257,0.111174249131555,0.0575229424699995,0.0725744933358985,0.138479671181762,0.202424641394898,112.900549459886,88.7374365437398,150.0,1.69038013540163,18,1.74873683150301,0,1,3,Guayas_e3
285,Guayas,2005-07-01,2005,3,0.319020441479524,0.124477342555386,0.0702236899423462,0.0920087808375704,0.175553281579661,0.259647017726385,129.552652017851,92.6450093563154,150.0,1.61908343517022,19,1.74873683150301,0,2,3,Guayas_e3
286,Guayas,2005-10-01,2005,4,0.318733623533232,0.124111381424509,0.0693816926878138,0.0796836459539867,0.156090094450179,0.234390065334851,124.490981640559,94.8449239484094,150.0,1.58152902396329,20,1.74873683150301,0,3,3,Guayas_e3
287,Guayas,2006-01-01,2006,1,0.356617652094072,0.139692274264516,0.0779684144897577,0.0699667260180582,0.135706599821513,0.197970052024256,129.259097700521,98.3821146774125,160.0,1.62631186089695,21,1.74873683150301,0,4,3,Guayas_e3
288,Los Ríos,2004-01-01,2004,1,0.54224256787352,0.227898390735913,0.128020380186569,0.0516439731233075,0.10345192131726,0.155733728733621,67.9620162409059,57.7449051125065,135.63,2.3487786452458,13,2.03747251315052,0,-4,3,Los Ríos_e3
289,Los Ríos,2004-04-01,2004,2,0.450155047298001,0.177698325937204,0.101625809040616,0.0780794112560886,0.1491207537824,0.214821358527604,89.4468927536583,67.8748794897025,135.63,1.99823559201423,14,2.03747251315052,0,-3,3,Los Ríos_e3
290,Los Ríos,2004-07-01,2004,3,0.482970811387287,0.192251044797917,0.105540056136885,0.0462126441419246,0.0935784549901094,0.142416826234564,74.2695015079706,66.4513413070653,135.63,2.04104232258107,15,2.03747251315052,0,-2,3,Los Ríos_e3
291,Los Ríos,2004-10-01,2004,4,0.457195373287846,0.176346256366541,0.0944594060807264,0.0589182633412773,0.114795329733972,0.173136818168116,80.6436887649559,66.5677691966881,135.63,2.03747251315052,16,2.03747251315052,0,-1,3,Los Ríos_e3
292,Los Ríos,2005-01-01,2005,1,0.337833499167795,0.141202246330099,0.0788200486671334,0.0463908451537781,0.0966258508652826,0.160575447575324,88.6324376566017,76.4845639701357,150.0,1.9611800370408,17,2.03747251315052,0,0,3,Los Ríos_e3
293,Los Ríos,2005-04-01,2005,2,0.33855578622748,0.0973102319305329,0.0496461323955643,0.0510589219633884,0.101447815211416,0.162791692737823,87.4005349575298,70.1162814158185,150.0,2.13930341100718,18,2.03747251315052,0,1,3,Los Ríos_e3
294,Los Ríos,2005-07-01,2005,3,0.377356926334973,0.143298912100945,0.0696254238342542,0.0575701007799148,0.113995645898693,0.173091606425918,95.9751946420325,76.843834858719,150.0,1.95201085781029,19,2.03747251315052,0,2,3,Los Ríos_e3
295,Los Ríos,2005-10-01,2005,4,0.423956477621695,0.166248676276235,0.0906315057868764,0.0564348459178244,0.111285106881589,0.166552753213391,83.6421019383342,70.6941174861088,150.0,2.12181727891963,20,2.03747251315052,0,3,3,Los Ríos_e3
296,Los Ríos,2006-01-01,2006,1,0.434185641550083,0.172836650812081,0.0957634098171842,0.0600186062488147,0.119963366032511,0.179661458388157,115.43278569927,105.463467860525,160.0,1.5171130178613,21,2.03747251315052,0,4,3,Los Ríos_e3
297,Manabí,2004-01-01,2004,1,0.646461297599203,0.346599442676411,0.230114489832552,0.0990143275565705,0.192523277244663,0.284398066485915,63.8456804645059,43.1555673460701,135.63,3.14281582518347,13,3.16353646426397,1,-4,3,Manabí_e3
298,Manabí,2004-04-01,2004,2,0.446007782274243,0.213026872344742,0.124518113189922,0.0809050080301148,0.165960101948685,0.271189143091334,97.2555865547638,71.3834319364913,135.63,1.90002072358566,14,3.16353646426397,1,-3,3,Manabí_e3
299,Manabí,2004-07-01,2004,3,0.586285387429972,0.284199178087192,0.174253695677756,0.0918979370428877,0.175953694263098,0.253768519639135,73.962194933634,51.8578564617631,135.63,2.61541855475661,15,3.16353646426397,1,-2,3,Manabí_e3
300,Manabí,2004-10-01,2004,4,0.672419749772502,0.360929685712188,0.237437694558317,0.104607749560948,0.20214458697,0.299010947498959,65.0841632624288,42.8729055385033,135.63,3.16353646426397,16,3.16353646426397,1,-1,3,Manabí_e3
301,Manabí,2005-01-01,2005,1,0.423639076120585,0.196111000938992,0.119421087113755,0.0795130159835917,0.159854713978528,0.250778397857911,96.7515586727494,72.6371694308546,150.0,2.06505844287874,17,3.16353646426397,1,0,3,Manabí_e3
302,Manabí,2005-04-01,2005,2,0.415971124385233,0.182556887691308,0.103906768312384,0.0999844278474277,0.186491114692336,0.262781647147523,104.086342857567,69.0460300542302,150.0,2.17246378802933,18,3.16353646426397,1,1,3,Manabí_e3
303,Manabí,2005-07-01,2005,3,0.481223377488326,0.230662090460998,0.138715875474424,0.107629067063229,0.207552054881366,0.304249795203039,102.896518055145,66.6579765631401,150.0,2.25029332922994,19,3.16353646426397,1,2,3,Manabí_e3
304,Manabí,2005-10-01,2005,4,0.603803242263302,0.287367552970555,0.177018763869985,0.103028124490353,0.194309347929058,0.27826097788945,75.0540511756384,52.0435136440774,150.0,2.88220355423812,20,3.16353646426397,1,3,3,Manabí_e3
305,Manabí,2006-01-01,2006,1,0.655178621222429,0.294386672232178,0.177356814373346,0.0614765090540087,0.123378514415074,0.185814806878609,74.9497176115888,62.2647775316001,160.0,2.56967111010391,21,3.16353646426397,1,4,3,Manabí_e3
306,Pichincha,2004-01-01,2004,1,0.201887748906083,0.0786343898369719,0.0459024857611111,0.0750598442978203,0.147053903526363,0.220220168161497,156.246886450741,121.056684807448,135.63,1.12038422509035,13,1.07509441792806,0,-4,3,Pichincha_e3
307,Pichincha,2004-04-01,2004,2,0.17125261645412,0.0647847480002757,0.0327212489527541,0.0764703474317225,0.149031220139631,0.220764933194689,180.994563285126,128.192335952358,135.63,1.05801956873932,14,1.07509441792806,0,-3,3,Pichincha_e3
308,Pichincha,2004-07-01,2004,3,0.151562477739714,0.0559251841998383,0.0301929853071583,0.0754133197575251,0.145596991195909,0.211273590191669,177.312615963979,122.05007310357,135.63,1.11126520903356,15,1.07509441792806,0,-2,3,Pichincha_e3
309,Pichincha,2004-10-01,2004,4,0.174475111876999,0.0639297927200493,0.0333317736031126,0.0896301347657629,0.170124743595902,0.242603023014409,186.572815135267,126.156361467664,135.63,1.07509441792806,16,1.07509441792806,0,-1,3,Pichincha_e3
310,Pichincha,2005-01-01,2005,1,0.0991993784544772,0.0360831123516795,0.0181325966250516,0.0658245884150344,0.128097177304331,0.187624979939381,205.582458712375,154.59444236855,150.0,0.970280675694685,17,1.07509441792806,0,0,3,Pichincha_e3
311,Pichincha,2005-04-01,2005,2,0.140088310195086,0.0448008506411548,0.0215499416197649,0.0792674928996542,0.153550053072726,0.224122926795445,201.813257062256,140.142974713767,150.0,1.07033549349416,18,1.07509441792806,0,1,3,Pichincha_e3
312,Pichincha,2005-07-01,2005,3,0.178067679880598,0.0691570875835528,0.0390865924571343,0.0966399000658383,0.185689699716706,0.275627586846652,203.653820002485,139.171340795728,150.0,1.07780811151461,19,1.07509441792806,0,2,3,Pichincha_e3
313,Pichincha,2005-10-01,2005,4,0.17800718408158,0.0676787735830545,0.0377056561192945,0.0864257951182695,0.164653004320761,0.238474861079509,182.506673925754,133.081911588746,150.0,1.12712537871815,20,1.07509441792806,0,3,3,Pichincha_e3
314,Pichincha,2006-01-01,2006,1,0.211751844488123,0.0770315968912158,0.0364935468720424,0.0675857916806703,0.130584148919822,0.190978855689975,180.256368912013,139.669292097979,160.0,1.14556319142621,21,1.07509441792806,0,4,3,Pichincha_e3
315,Sierra,2004-01-01,2004,1,0.543350423787218,0.275643332435073,0.180598426893334,0.0863925938376279,0.174266859458835,0.273819699111401,74.8821128896074,57.4404958629974,135.63,2.36122613431984,13,2.21169004717746,1,-4,3,Sierra_e3
316,Sierra,2004-04-01,2004,2,0.3829599482021,0.145069298996949,0.0815010811523483,0.0746943826092688,0.147980168707049,0.220490799227739,112.674750227966,80.6007503418406,135.63,1.68273867705662,14,2.21169004717746,1,-3,3,Sierra_e3
317,Sierra,2004-07-01,2004,3,0.53663201160367,0.269983011707066,0.178279611013085,0.0918371591990638,0.184386346716459,0.288352336406236,80.0189386838208,60.1776441592568,135.63,2.25382701325201,15,2.21169004717746,1,-2,3,Sierra_e3
318,Sierra,2004-10-01,2004,4,0.517454127270432,0.251365961318402,0.160614795990955,0.0863028058375385,0.1717281215858,0.26319684082449,82.4797820713092,61.3241444808642,135.63,2.21169004717746,16,2.21169004717746,1,-1,3,Sierra_e3
319,Sierra,2005-01-01,2005,1,0.286190894303791,0.108471565969089,0.0597815762282369,0.0626356964488585,0.125775613584704,0.194991709923347,122.949407481726,103.142236674072,150.0,1.4543023773471,17,2.21169004717746,1,0,3,Sierra_e3
320,Sierra,2005-04-01,2005,2,0.317189337266242,0.127315288131194,0.0644548156004639,0.069351729541988,0.138897162571024,0.212703331476216,124.429917687218,96.2239927353106,150.0,1.55886277149832,18,2.21169004717746,1,1,3,Sierra_e3
321,Sierra,2005-07-01,2005,3,0.364916643016968,0.160797035315745,0.102227082855391,0.0857635412582006,0.173284525383086,0.273013346559235,120.174437250001,89.1860051135993,150.0,1.68187822527694,19,2.21169004717746,1,2,3,Sierra_e3
322,Sierra,2005-10-01,2005,4,0.45931381432056,0.216784414014698,0.138104895575745,0.0838572431774906,0.167232284696068,0.256688473356215,90.5145033513648,70.3534436296163,150.0,2.13209179624088,20,2.21169004717746,1,3,3,Sierra_e3
323,Sierra,2006-01-01,2006,1,0.358646996928622,0.14692344796393,0.0766203106661037,0.069087943193841,0.136110068904006,0.20310929405539,136.442601743418,108.155353108708,160.0,1.47935349847347,21,2.21169004717746,1,4,3,Sierra_e3
324,Amazonía,2005-01-01,2005,1,0.201241517354224,0.0794623358708741,0.0442333816556315,0.0487320723476351,0.101553845827812,0.169840882304098,124.51891997524,100.681183920108,150.0,1.48985137202029,17,1.95643474537389,0,-4,4,Amazonía_e4
325,Amazonía,2005-04-01,2005,2,0.222091025220632,0.0691859614992644,0.0359866858614261,0.0496681571477889,0.101681139651493,0.164155440952685,127.792395722978,106.218757369052,150.0,1.41217995498509,18,1.95643474537389,0,-3,4,Amazonía_e4
326,Amazonía,2005-07-01,2005,3,0.27905162129948,0.109922986125094,0.0633267670890094,0.0712840783560009,0.14299373367846,0.222552021750292,134.556058346661,104.912376647593,150.0,1.42976457871943,19,1.95643474537389,0,-2,4,Amazonía_e4
327,Amazonía,2005-10-01,2005,4,0.447891511848298,0.230693708041028,0.144282883252647,0.0808031686227624,0.162734147558874,0.24976179342203,90.5377005773869,76.6700756847038,150.0,1.95643474537389,20,1.95643474537389,0,-1,4,Amazonía_e4
328,Amazonía,2006-01-01,2006,1,0.262505319883829,0.0969291663494083,0.0528842167749136,0.0538421218795947,0.105749817030189,0.157222525055903,135.971997047891,108.817214446982,160.0,1.47035559413217,21,1.95643474537389,0,0,4,Amazonía_e4
329,Amazonía,2006-04-01,2006,2,0.34490991820472,0.12331538681974,0.0590131427128807,0.0607359772410586,0.120641071603334,0.182846874469987,141.290004868845,110.772322112621,160.0,1.44440413406997,22,1.95643474537389,0,1,4,Amazonía_e4
330,Amazonía,2006-07-01,2006,3,0.293830234585665,0.108019533200521,0.0588844365591675,0.0698630185409077,0.138491155164357,0.208473982300658,164.546957527338,124.026997642037,160.0,1.29004170899781,23,1.95643474537389,0,2,4,Amazonía_e4
331,Amazonía,2006-10-01,2006,4,0.474821894021533,0.239933446043741,0.149279428194809,0.0821427050764311,0.166325909683188,0.262363743031178,110.021227671509,84.7708424387123,160.0,1.88744142911729,24,1.95643474537389,0,3,4,Amazonía_e4
332,Amazonía,2007-01-01,2007,1,0.330383114081385,0.131962352457483,0.0751691726029379,0.0669554498327032,0.133933196245133,0.209434451680845,137.69340898313,110.063784941751,170.0,1.54455891272474,25,1.95643474537389,0,4,4,Amazonía_e4
333,Azuay,2005-01-01,2005,1,0.132509568312127,0.0411656580717501,0.0181686523131289,0.0596828590512618,0.115241764699265,0.167172400938206,157.846660968752,118.053489958593,150.0,1.27061046693844,17,1.47322505819378,0,-4,4,Azuay_e4
334,Azuay,2005-04-01,2005,2,0.179044290240279,0.083254174801731,0.0484325885582877,0.0763323476999291,0.147520351504728,0.214800130128399,161.088303539922,123.256422701527,150.0,1.21697512155804,18,1.47322505819378,0,-3,4,Azuay_e4
335,Azuay,2005-07-01,2005,3,0.239749457002544,0.093162323480036,0.050339757628202,0.0932465419265164,0.177985197907929,0.264303651338788,158.186207327144,111.511716363575,150.0,1.34515013212546,19,1.47322505819378,0,-2,4,Azuay_e4
336,Azuay,2005-10-01,2005,4,0.283959372527952,0.118626151538347,0.0710526575227503,0.0732136882426752,0.144966104496763,0.217697213709574,127.884182053092,101.817437305814,150.0,1.47322505819378,20,1.47322505819378,0,-1,4,Azuay_e4
337,Azuay,2006-01-01,2006,1,0.247630090713104,0.102424166309911,0.0584676902173439,0.0604243352833903,0.120540975199079,0.180856497932918,158.325914025825,135.723465088156,160.0,1.17886763277136,21,1.47322505819378,0,0,4,Azuay_e4
338,Azuay,2006-04-01,2006,2,0.217194269439693,0.0866297185372245,0.0486541837521475,0.0571320896222506,0.114117756458784,0.172821704868056,166.920902426521,137.272703081812,160.0,1.16556311930889,22,1.47322505819378,0,1,4,Azuay_e4
339,Azuay,2006-07-01,2006,3,0.212494527427108,0.0876249357620076,0.054661088935134,0.0698392490989227,0.140885286338986,0.222851778480655,191.32342751677,154.344078142925,160.0,1.03664489059203,23,1.47322505819378,0,2,4,Azuay_e4
340,Azuay,2006-10-01,2006,4,0.373311541179379,0.142897011429479,0.0779429923439606,0.0657334426372533,0.130261725876634,0.195065240651678,131.003364147306,99.8888987976225,160.0,1.60177959639103,24,1.47322505819378,0,3,4,Azuay_e4
341,Azuay,2007-01-01,2007,1,0.253033582926627,0.108326579134855,0.065742074322226,0.0637410659969984,0.127901435971523,0.197633583825574,154.982291875432,137.929194920855,170.0,1.23251643785456,25,1.47322505819378,0,4,4,Azuay_e4
342,"Costa, Santo Domingo",2005-01-01,2005,1,0.335715976298985,0.174921796418595,0.114547957074186,0.0605301789214052,0.122981942114172,0.187369212252553,89.2212169898445,71.4195837031399,150.0,2.10026427238059,17,2.7376677544908,1,-4,4,"Costa, Santo Domingo_e4"
343,"Costa, Santo Domingo",2005-04-01,2005,2,0.27597094665228,0.159839825148142,0.115214347294883,0.0709705312652881,0.151015679800962,0.257833491850852,108.528468456506,92.0518485079749,150.0,1.62951643482754,18,2.7376677544908,1,-3,4,"Costa, Santo Domingo_e4"
344,"Costa, Santo Domingo",2005-07-01,2005,3,0.416070799768649,0.172313436406801,0.0909104478554693,0.0706840692316612,0.138972220114747,0.204338164309131,101.092616270273,82.8710843001407,150.0,1.81004027239143,19,2.7376677544908,1,-2,4,"Costa, Santo Domingo_e4"
345,"Costa, Santo Domingo",2005-10-01,2005,4,0.541151705338704,0.27845587464585,0.180419065812065,0.0877946652841887,0.177975500859581,0.279075666813035,78.4141199718216,54.7911629356571,150.0,2.7376677544908,20,2.7376677544908,1,-1,4,"Costa, Santo Domingo_e4"
346,"Costa, Santo Domingo",2006-01-01,2006,1,0.325751591215563,0.152813779784616,0.0815938234040158,0.0612805997557392,0.121955850870721,0.182058601269776,129.067270982894,113.293667464179,160.0,1.41225898658977,21,2.7376677544908,1,0,4,"Costa, Santo Domingo_e4"
347,"Costa, Santo Domingo",2006-04-01,2006,2,0.44141901879104,0.169895545084746,0.095568499940328,0.07139885319085,0.140804114857247,0.208030297336216,121.177602412873,87.2742448616278,160.0,1.83330145398196,22,2.7376677544908,1,1,4,"Costa, Santo Domingo_e4"
348,"Costa, Santo Domingo",2006-07-01,2006,3,0.440142418576467,0.175356012551757,0.0952823762716445,0.0792184586914317,0.156899181491385,0.241581252984986,129.43438311932,89.3754500729673,160.0,1.79020077514993,23,2.7376677544908,1,2,4,"Costa, Santo Domingo_e4"
349,"Costa, Santo Domingo",2006-10-01,2006,4,0.586431741425891,0.279284489490937,0.171698189218836,0.0820048008732652,0.162987523113192,0.253470016506418,88.9249283239829,64.3299545534795,160.0,2.48717725841058,24,2.7376677544908,1,3,4,"Costa, Santo Domingo_e4"
350,"Costa, Santo Domingo",2007-01-01,2007,1,0.436022918184997,0.16970653360117,0.0831458415011863,0.0594162226179767,0.116577432389813,0.17099306580398,114.553549178902,91.7632824747151,170.0,1.85259283904586,25,2.7376677544908,1,4,4,"Costa, Santo Domingo_e4"
351,El Oro,2005-01-01,2005,1,0.174042308173381,0.0509564872346698,0.0277814671855811,0.0398759647958423,0.0798670126211346,0.124723744756936,115.781471386437,98.5415405034729,150.0,1.52220068037919,17,1.51980427255148,0,-4,4,El Oro_e4
352,El Oro,2005-04-01,2005,2,0.245759611712469,0.085273555284404,0.0433328952375416,0.0440768553129881,0.0880100681830819,0.133991781808279,108.750703257836,95.2523068290365,150.0,1.57476501088029,18,1.51980427255148,0,-3,4,El Oro_e4
353,El Oro,2005-07-01,2005,3,0.194180242304591,0.0822976543735235,0.0490399104110386,0.0646302637740632,0.127702798062256,0.199791929310859,132.997468900384,102.348670275565,150.0,1.46557839585154,19,1.51980427255148,0,-2,4,El Oro_e4
354,El Oro,2005-10-01,2005,4,0.273067653994494,0.099900724960902,0.052094065707689,0.0544756866008446,0.106001044744922,0.155608911807962,109.147324035853,98.6969195369983,150.0,1.51980427255148,20,1.51980427255148,0,-1,4,El Oro_e4
355,El Oro,2006-01-01,2006,1,0.346715955439289,0.137577781076632,0.0798328161472056,0.0620870063656526,0.121339078957899,0.17849924084472,118.77271654305,92.2373607216816,160.0,1.73465501124633,21,1.51980427255148,0,0,4,El Oro_e4
356,El Oro,2006-04-01,2006,2,0.397748369886149,0.113041901389276,0.0596163657848991,0.0497054412834099,0.0986335308795298,0.147425638997157,117.817799240826,93.1234183001187,160.0,1.71814998762557,22,1.51980427255148,0,1,4,El Oro_e4
357,El Oro,2006-07-01,2006,3,0.341476101758705,0.154662475915183,0.0947983182922852,0.076724093168505,0.154073575811089,0.24208323359737,141.790919846198,111.67839942247,160.0,1.43268528943304,23,1.51980427255148,0,2,4,El Oro_e4
358,El Oro,2006-10-01,2006,4,0.343117168542508,0.132788323893544,0.0735278397138231,0.0518311349433103,0.103095106537648,0.154883463092463,118.509011649284,103.472817452451,160.0,1.54629982964873,24,1.51980427255148,0,3,4,El Oro_e4
359,El Oro,2007-01-01,2007,1,0.406373727367859,0.121332973596266,0.0594689773018538,0.0526264781904903,0.105353467353289,0.17026110522173,109.907600426469,88.4835068673447,170.0,1.92126200710903,25,1.51980427255148,0,4,4,El Oro_e4
360,Guayas,2005-01-01,2005,1,0.33749205713474,0.145218759235779,0.0885375173134104,0.0771777906791695,0.151740979478478,0.225831306153853,112.162824767566,88.4074825112587,150.0,1.6966889649968,17,1.58152902396329,0,-4,4,Guayas_e4
361,Guayas,2005-04-01,2005,2,0.304686062789257,0.111174249131555,0.0575229424699995,0.0725744933358985,0.138479671181762,0.202424641394898,112.900549459886,88.7374365437398,150.0,1.69038013540163,18,1.58152902396329,0,-3,4,Guayas_e4
362,Guayas,2005-07-01,2005,3,0.319020441479524,0.124477342555386,0.0702236899423462,0.0920087808375704,0.175553281579661,0.259647017726385,129.552652017851,92.6450093563154,150.0,1.61908343517022,19,1.58152902396329,0,-2,4,Guayas_e4
363,Guayas,2005-10-01,2005,4,0.318733623533232,0.124111381424509,0.0693816926878138,0.0796836459539867,0.156090094450179,0.234390065334851,124.490981640559,94.8449239484094,150.0,1.58152902396329,20,1.58152902396329,0,-1,4,Guayas_e4
364,Guayas,2006-01-01,2006,1,0.356617652094072,0.139692274264516,0.0779684144897577,0.0699667260180582,0.135706599821513,0.197970052024256,129.259097700521,98.3821146774125,160.0,1.62631186089695,21,1.58152902396329,0,0,4,Guayas_e4
365,Guayas,2006-04-01,2006,2,0.405577064346958,0.143129010650632,0.0808094949048202,0.0702505559575559,0.138507256843308,0.213274590575986,124.693708605396,92.0666882349497,160.0,1.73787070076516,22,1.58152902396329,0,1,4,Guayas_e4
366,Guayas,2006-07-01,2006,3,0.419027624748782,0.158744970387155,0.0846807457651627,0.0897099550669336,0.169270383542307,0.244156753681113,133.509622231745,93.8043809264252,160.0,1.70567726602764,23,1.58152902396329,0,2,4,Guayas_e4
367,Guayas,2006-10-01,2006,4,0.390859036586818,0.146028208509565,0.0790379544565066,0.0791700185124218,0.149908901591148,0.217749219864462,128.499602386666,97.0270630368166,160.0,1.6490244576329,24,1.58152902396329,0,3,4,Guayas_e4
368,Guayas,2007-01-01,2007,1,0.407092388679192,0.142890604880206,0.0728888098992386,0.0731112252167812,0.140319825100012,0.205526782061106,126.050687855504,93.1658102625296,170.0,1.8247037139586,25,1.58152902396329,0,4,4,Guayas_e4
369,Los Ríos,2005-01-01,2005,1,0.337833499167795,0.141202246330099,0.0788200486671334,0.0463908451537781,0.0966258508652826,0.160575447575324,88.6324376566017,76.4845639701357,150.0,1.9611800370408,17,2.12181727891963,1,-4,4,Los Ríos_e4
370,Los Ríos,2005-04-01,2005,2,0.33855578622748,0.0973102319305329,0.0496461323955643,0.0510589219633884,0.101447815211416,0.162791692737823,87.4005349575298,70.1162814158185,150.0,2.13930341100718,18,2.12181727891963,1,-3,4,Los Ríos_e4
371,Los Ríos,2005-07-01,2005,3,0.377356926334973,0.143298912100945,0.0696254238342542,0.0575701007799148,0.113995645898693,0.173091606425918,95.9751946420325,76.843834858719,150.0,1.95201085781029,19,2.12181727891963,1,-2,4,Los Ríos_e4
372,Los Ríos,2005-10-01,2005,4,0.423956477621695,0.166248676276235,0.0906315057868764,0.0564348459178244,0.111285106881589,0.166552753213391,83.6421019383342,70.6941174861088,150.0,2.12181727891963,20,2.12181727891963,1,-1,4,Los Ríos_e4
373,Los Ríos,2006-01-01,2006,1,0.434185641550083,0.172836650812081,0.0957634098171842,0.0600186062488147,0.119963366032511,0.179661458388157,115.43278569927,105.463467860525,160.0,1.5171130178613,21,2.12181727891963,1,0,4,Los Ríos_e4
374,Los Ríos,2006-04-01,2006,2,0.419416881734589,0.154364803253545,0.0821137384682317,0.0606983190024497,0.116305863695456,0.168116506640498,108.806059764056,90.7905032059504,160.0,1.76229885671031,22,2.12181727891963,1,1,4,Los Ríos_e4
375,Los Ríos,2006-07-01,2006,3,0.533614561213662,0.185023065830697,0.0902508051408105,0.0590329876743786,0.114586559225403,0.166462839140277,103.226478504349,76.4726370817549,160.0,2.0922516354307,23,2.12181727891963,1,2,4,Los Ríos_e4
376,Los Ríos,2006-10-01,2006,4,0.503582680065483,0.166752389295514,0.0830949127580126,0.0550071758790849,0.105491200056001,0.153403152672879,101.347375816368,79.6509147409113,160.0,2.00876537978815,24,2.12181727891963,1,3,4,Los Ríos_e4
377,Los Ríos,2007-01-01,2007,1,0.421235507507231,0.128452737057172,0.060144727281445,0.0399353849972098,0.0794648208243994,0.118642068672293,104.213371717783,87.5256187498024,170.0,1.94228846854492,25,2.12181727891963,1,4,4,Los Ríos_e4
378,Manabí,2005-01-01,2005,1,0.423639076120585,0.196111000938992,0.119421087113755,0.0795130159835917,0.159854713978528,0.250778397857911,96.7515586727494,72.6371694308546,150.0,2.06505844287874,17,2.88220355423812,1,-4,4,Manabí_e4
379,Manabí,2005-04-01,2005,2,0.415971124385233,0.182556887691308,0.103906768312384,0.0999844278474277,0.186491114692336,0.262781647147523,104.086342857567,69.0460300542302,150.0,2.17246378802933,18,2.88220355423812,1,-3,4,Manabí_e4
380,Manabí,2005-07-01,2005,3,0.481223377488326,0.230662090460998,0.138715875474424,0.107629067063229,0.207552054881366,0.304249795203039,102.896518055145,66.6579765631401,150.0,2.25029332922994,19,2.88220355423812,1,-2,4,Manabí_e4
381,Manabí,2005-10-01,2005,4,0.603803242263302,0.287367552970555,0.177018763869985,0.103028124490353,0.194309347929058,0.27826097788945,75.0540511756384,52.0435136440774,150.0,2.88220355423812,20,2.88220355423812,1,-1,4,Manabí_e4
382,Manabí,2006-01-01,2006,1,0.655178621222429,0.294386672232178,0.177356814373346,0.0614765090540087,0.123378514415074,0.185814806878609,74.9497176115888,62.2647775316001,160.0,2.56967111010391,21,2.88220355423812,1,0,4,Manabí_e4
383,Manabí,2006-04-01,2006,2,0.541956775151558,0.221182407399369,0.126417239642863,0.0676203711808788,0.132685074596014,0.195582413830825,96.1708225049691,76.1507249546567,160.0,2.10109621537117,22,2.88220355423812,1,1,4,Manabí_e4
384,Manabí,2006-07-01,2006,3,0.494228610822134,0.234924903745351,0.146457725243029,0.0933562154760911,0.186434701473617,0.297811463636517,113.266056797565,80.509530127792,160.0,1.98734236488567,23,2.88220355423812,1,2,4,Manabí_e4
385,Manabí,2006-10-01,2006,4,0.669537951221703,0.335520397999888,0.211555619725088,0.0866534381396522,0.168653477702458,0.247922093809004,78.3517837137333,55.9039831770771,160.0,2.86205008850973,24,2.88220355423812,1,3,4,Manabí_e4
386,Manabí,2007-01-01,2007,1,0.522789794098261,0.225142898702496,0.132380962928944,0.0604265931310776,0.120471594438326,0.180203181879202,91.6036602149477,77.0533576803767,170.0,2.20626336239847,25,2.88220355423812,1,4,4,Manabí_e4
387,Pichincha,2005-01-01,2005,1,0.0991993784544772,0.0360831123516795,0.0181325966250516,0.0658245884150344,0.128097177304331,0.187624979939381,205.582458712375,154.59444236855,150.0,0.970280675694685,17,1.12712537871815,0,-4,4,Pichincha_e4
388,Pichincha,2005-04-01,2005,2,0.140088310195086,0.0448008506411548,0.0215499416197649,0.0792674928996542,0.153550053072726,0.224122926795445,201.813257062256,140.142974713767,150.0,1.07033549349416,18,1.12712537871815,0,-3,4,Pichincha_e4
389,Pichincha,2005-07-01,2005,3,0.178067679880598,0.0691570875835528,0.0390865924571343,0.0966399000658383,0.185689699716706,0.275627586846652,203.653820002485,139.171340795728,150.0,1.07780811151461,19,1.12712537871815,0,-2,4,Pichincha_e4
390,Pichincha,2005-10-01,2005,4,0.17800718408158,0.0676787735830545,0.0377056561192945,0.0864257951182695,0.164653004320761,0.238474861079509,182.506673925754,133.081911588746,150.0,1.12712537871815,20,1.12712537871815,0,-1,4,Pichincha_e4
391,Pichincha,2006-01-01,2006,1,0.211751844488123,0.0770315968912158,0.0364935468720424,0.0675857916806703,0.130584148919822,0.190978855689975,180.256368912013,139.669292097979,160.0,1.14556319142621,21,1.12712537871815,0,0,4,Pichincha_e4
392,Pichincha,2006-04-01,2006,2,0.223573622945596,0.0840945514353028,0.0413192306694404,0.0613167896442871,0.120691126249368,0.178197789786541,175.393606083932,144.456785929116,160.0,1.10759767338664,22,1.12712537871815,0,1,4,Pichincha_e4
393,Pichincha,2006-07-01,2006,3,0.225887457561,0.0797434793333933,0.0420424412711349,0.0912006265224358,0.174882498647721,0.257100815658387,222.831429894114,160.991509613312,160.0,0.993841230412128,23,1.12712537871815,0,2,4,Pichincha_e4
394,Pichincha,2006-10-01,2006,4,0.19546408792175,0.0688835161629019,0.0357422258753883,0.0710614223648252,0.136735668693943,0.201352593640752,188.833584526614,142.224020773913,160.0,1.12498577335501,24,1.12712537871815,0,3,4,Pichincha_e4
395,Pichincha,2007-01-01,2007,1,0.172882708722701,0.0628770115748036,0.0318821884414386,0.0614594280317341,0.119088481677274,0.174040152923108,178.244171942017,142.892377344053,170.0,1.18970656909625,25,1.12712537871815,0,4,4,Pichincha_e4
396,Sierra,2005-01-01,2005,1,0.286190894303791,0.108471565969089,0.0597815762282369,0.0626356964488585,0.125775613584704,0.194991709923347,122.949407481726,103.142236674072,150.0,1.4543023773471,17,2.13209179624088,1,-4,4,Sierra_e4
397,Sierra,2005-04-01,2005,2,0.317189337266242,0.127315288131194,0.0644548156004639,0.069351729541988,0.138897162571024,0.212703331476216,124.429917687218,96.2239927353106,150.0,1.55886277149832,18,2.13209179624088,1,-3,4,Sierra_e4
398,Sierra,2005-07-01,2005,3,0.364916643016968,0.160797035315745,0.102227082855391,0.0857635412582006,0.173284525383086,0.273013346559235,120.174437250001,89.1860051135993,150.0,1.68187822527694,19,2.13209179624088,1,-2,4,Sierra_e4
399,Sierra,2005-10-01,2005,4,0.45931381432056,0.216784414014698,0.138104895575745,0.0838572431774906,0.167232284696068,0.256688473356215,90.5145033513648,70.3534436296163,150.0,2.13209179624088,20,2.13209179624088,1,-1,4,Sierra_e4
400,Sierra,2006-01-01,2006,1,0.358646996928622,0.14692344796393,0.0766203106661037,0.069087943193841,0.136110068904006,0.20310929405539,136.442601743418,108.155353108708,160.0,1.47935349847347,21,2.13209179624088,1,0,4,Sierra_e4
401,Sierra,2006-04-01,2006,2,0.408222479628669,0.163153988373244,0.0967689559980941,0.0710643864660612,0.143422243211973,0.218670761001881,133.755930391309,103.567830537759,160.0,1.54488125481847,22,2.13209179624088,1,1,4,Sierra_e4
402,Sierra,2006-07-01,2006,3,0.338690388658457,0.152308989884374,0.0905723615804453,0.0806532662227447,0.16128280526179,0.248413025306579,158.229518256299,128.467578042911,160.0,1.24545042755112,23,2.13209179624088,1,2,4,Sierra_e4
403,Sierra,2006-10-01,2006,4,0.530215335714297,0.254227970519025,0.160136235875415,0.0765616218663442,0.154229160988711,0.238228324612652,94.6521101444974,73.8320535561535,160.0,2.16708045210081,24,2.13209179624088,1,3,4,Sierra_e4
404,Sierra,2007-01-01,2007,1,0.329323574524991,0.124696345869621,0.0695031794842937,0.061835983079901,0.124439880954161,0.194701950595801,133.091065248505,104.068667768967,170.0,1.63353681414853,25,2.13209179624088,1,4,4,Sierra_e4
405,Amazonía,2006-01-01,2006,1,0.262505319883829,0.0969291663494083,0.0528842167749136,0.0538421218795947,0.105749817030189,0.157222525055903,135.971997047891,108.817214446982,160.0,1.47035559413217,21,1.88744142911729,0,-4,5,Amazonía_e5
406,Amazonía,2006-04-01,2006,2,0.34490991820472,0.12331538681974,0.0590131427128807,0.0607359772410586,0.120641071603334,0.182846874469987,141.290004868845,110.772322112621,160.0,1.44440413406997,22,1.88744142911729,0,-3,5,Amazonía_e5
407,Amazonía,2006-07-01,2006,3,0.293830234585665,0.108019533200521,0.0588844365591675,0.0698630185409077,0.138491155164357,0.208473982300658,164.546957527338,124.026997642037,160.0,1.29004170899781,23,1.88744142911729,0,-2,5,Amazonía_e5
408,Amazonía,2006-10-01,2006,4,0.474821894021533,0.239933446043741,0.149279428194809,0.0821427050764311,0.166325909683188,0.262363743031178,110.021227671509,84.7708424387123,160.0,1.88744142911729,24,1.88744142911729,0,-1,5,Amazonía_e5
409,Amazonía,2007-01-01,2007,1,0.330383114081385,0.131962352457483,0.0751691726029379,0.0669554498327032,0.133933196245133,0.209434451680845,137.69340898313,110.063784941751,170.0,1.54455891272474,25,1.88744142911729,0,0,5,Amazonía_e5
410,Amazonía,2007-04-01,2007,2,0.327009678581207,0.117428830217552,0.0618672634509979,0.0637468379507737,0.125142406281614,0.185909092264255,141.789313637301,112.597543907816,170.0,1.50980202675805,26,1.88744142911729,0,1,5,Amazonía_e5
411,Amazonía,2007-07-01,2007,3,0.288839843932328,0.100799778982224,0.0589653938765804,0.0912332916645809,0.177186652967852,0.26980977763821,192.806537190964,141.361022164242,170.0,1.20259458652247,27,1.88744142911729,0,2,5,Amazonía_e5
412,Amazonía,2007-10-01,2007,4,0.513080576374614,0.252458929980967,0.16104915145281,0.0970837434068156,0.190998817552397,0.289349503435954,108.561034321009,77.4976077890455,170.0,2.19361609796722,28,1.88744142911729,0,3,5,Amazonía_e5
413,Amazonía,2008-01-01,2008,1,0.271012,0.101021,0.056827,0.061864,0.12192,0.181321,155.472246,129.0795,200.0,1.549433,29,1.88744142911729,0,4,5,Amazonía_e5
414,Azuay,2006-01-01,2006,1,0.247630090713104,0.102424166309911,0.0584676902173439,0.0604243352833903,0.120540975199079,0.180856497932918,158.325914025825,135.723465088156,160.0,1.17886763277136,21,1.60177959639103,0,-4,5,Azuay_e5
415,Azuay,2006-04-01,2006,2,0.217194269439693,0.0866297185372245,0.0486541837521475,0.0571320896222506,0.114117756458784,0.172821704868056,166.920902426521,137.272703081812,160.0,1.16556311930889,22,1.60177959639103,0,-3,5,Azuay_e5
416,Azuay,2006-07-01,2006,3,0.212494527427108,0.0876249357620076,0.054661088935134,0.0698392490989227,0.140885286338986,0.222851778480655,191.32342751677,154.344078142925,160.0,1.03664489059203,23,1.60177959639103,0,-2,5,Azuay_e5
417,Azuay,2006-10-01,2006,4,0.373311541179379,0.142897011429479,0.0779429923439606,0.0657334426372533,0.130261725876634,0.195065240651678,131.003364147306,99.8888987976225,160.0,1.60177959639103,24,1.60177959639103,0,-1,5,Azuay_e5
418,Azuay,2007-01-01,2007,1,0.253033582926627,0.108326579134855,0.065742074322226,0.0637410659969984,0.127901435971523,0.197633583825574,154.982291875432,137.929194920855,170.0,1.23251643785456,25,1.60177959639103,0,0,5,Azuay_e5
419,Azuay,2007-04-01,2007,2,0.203242182630516,0.0881141078467367,0.0503990284436515,0.0566136629568453,0.114891357936672,0.180289625803811,172.328115086492,144.833395048294,170.0,1.17376244576269,26,1.60177959639103,0,1,5,Azuay_e5
420,Azuay,2007-07-01,2007,3,0.196895158603403,0.0701921299313205,0.03879219737463,0.0734289906751534,0.14703519441376,0.232403731626602,207.642552234337,149.996568745945,170.0,1.13335925895702,27,1.60177959639103,0,2,5,Azuay_e5
421,Azuay,2007-10-01,2007,4,0.373678586657003,0.151614660401449,0.0885838059345656,0.0812386020615861,0.161743754815798,0.253360249963197,141.250768198328,102.569102976075,170.0,1.65741919415687,28,1.60177959639103,0,3,5,Azuay_e5
422,Azuay,2008-01-01,2008,1,0.186099,0.071846,0.042012,0.075566,0.148464,0.223584,213.785822,170.146977,200.0,1.243219,29,1.60177959639103,0,4,5,Azuay_e5
423,"Costa, Santo Domingo",2006-01-01,2006,1,0.325751591215563,0.152813779784616,0.0815938234040158,0.0612805997557392,0.121955850870721,0.182058601269776,129.067270982894,113.293667464179,160.0,1.41225898658977,21,2.48717725841058,1,-4,5,"Costa, Santo Domingo_e5"
424,"Costa, Santo Domingo",2006-04-01,2006,2,0.44141901879104,0.169895545084746,0.095568499940328,0.07139885319085,0.140804114857247,0.208030297336216,121.177602412873,87.2742448616278,160.0,1.83330145398196,22,2.48717725841058,1,-3,5,"Costa, Santo Domingo_e5"
425,"Costa, Santo Domingo",2006-07-01,2006,3,0.440142418576467,0.175356012551757,0.0952823762716445,0.0792184586914317,0.156899181491385,0.241581252984986,129.43438311932,89.3754500729673,160.0,1.79020077514993,23,2.48717725841058,1,-2,5,"Costa, Santo Domingo_e5"
426,"Costa, Santo Domingo",2006-10-01,2006,4,0.586431741425891,0.279284489490937,0.171698189218836,0.0820048008732652,0.162987523113192,0.253470016506418,88.9249283239829,64.3299545534795,160.0,2.48717725841058,24,2.48717725841058,1,-1,5,"Costa, Santo Domingo_e5"
427,"Costa, Santo Domingo",2007-01-01,2007,1,0.436022918184997,0.16970653360117,0.0831458415011863,0.0594162226179767,0.116577432389813,0.17099306580398,114.553549178902,91.7632824747151,170.0,1.85259283904586,25,2.48717725841058,1,0,5,"Costa, Santo Domingo_e5"
428,"Costa, Santo Domingo",2007-04-01,2007,2,0.424474663857492,0.197687617191689,0.132305525637654,0.0678449483790092,0.145725066580033,0.255009352101447,108.079380194857,92.236653575648,170.0,1.84308507962699,26,2.48717725841058,1,1,5,"Costa, Santo Domingo_e5"
429,"Costa, Santo Domingo",2007-07-01,2007,3,0.325989004652855,0.131243220934357,0.076858909666527,0.0734240124747648,0.146168031895059,0.223404209596705,151.342064759535,119.230176890326,170.0,1.42581353507824,27,2.48717725841058,1,2,5,"Costa, Santo Domingo_e5"
430,"Costa, Santo Domingo",2007-10-01,2007,4,0.521581523287184,0.24720816439698,0.162022789232599,0.0874153407437573,0.175689944039002,0.273728442787627,101.614130713013,75.4373182484113,170.0,2.25352655618269,28,2.48717725841058,1,3,5,"Costa, Santo Domingo_e5"
431,"Costa, Santo Domingo",2008-01-01,2008,1,0.455637,0.210016,0.110111,0.06676,0.133935,0.208122,108.536781,89.705374,200.0,2.229521,29,2.48717725841058,1,4,5,"Costa, Santo Domingo_e5"
432,El Oro,2006-01-01,2006,1,0.346715955439289,0.137577781076632,0.0798328161472056,0.0620870063656526,0.121339078957899,0.17849924084472,118.77271654305,92.2373607216816,160.0,1.73465501124633,21,1.54629982964873,0,-4,5,El Oro_e5
433,El Oro,2006-04-01,2006,2,0.397748369886149,0.113041901389276,0.0596163657848991,0.0497054412834099,0.0986335308795298,0.147425638997157,117.817799240826,93.1234183001187,160.0,1.71814998762557,22,1.54629982964873,0,-3,5,El Oro_e5
434,El Oro,2006-07-01,2006,3,0.341476101758705,0.154662475915183,0.0947983182922852,0.076724093168505,0.154073575811089,0.24208323359737,141.790919846198,111.67839942247,160.0,1.43268528943304,23,1.54629982964873,0,-2,5,El Oro_e5
435,El Oro,2006-10-01,2006,4,0.343117168542508,0.132788323893544,0.0735278397138231,0.0518311349433103,0.103095106537648,0.154883463092463,118.509011649284,103.472817452451,160.0,1.54629982964873,24,1.54629982964873,0,-1,5,El Oro_e5
436,El Oro,2007-01-01,2007,1,0.406373727367859,0.121332973596266,0.0594689773018538,0.0526264781904903,0.105353467353289,0.17026110522173,109.907600426469,88.4835068673447,170.0,1.92126200710903,25,1.54629982964873,0,0,5,El Oro_e5
437,El Oro,2007-04-01,2007,2,0.378569626213802,0.155863990880165,0.0888427229475678,0.0531120591059903,0.106493877974554,0.160431011934606,111.621012595175,100.008951336961,170.0,1.69984784089194,26,1.54629982964873,0,1,5,El Oro_e5
438,El Oro,2007-07-01,2007,3,0.36726038343034,0.131054749085305,0.0692873871742874,0.064305839776852,0.125040837021162,0.183400738635472,130.088945066592,104.84562940382,170.0,1.62143144131678,27,1.54629982964873,0,2,5,El Oro_e5
439,El Oro,2007-10-01,2007,4,0.356307740264255,0.136448451374563,0.0713464521416228,0.0472760791082919,0.094189948154479,0.141532722592981,114.236873620009,102.582124617508,170.0,1.65720880352079,28,1.54629982964873,0,3,5,El Oro_e5
440,El Oro,2008-01-01,2008,1,0.310334,0.108413,0.054172,0.049476,0.097981,0.147756,125.013304,107.887662,200.0,1.874749,29,1.54629982964873,0,4,5,El Oro_e5
441,Guayas,2006-01-01,2006,1,0.356617652094072,0.139692274264516,0.0779684144897577,0.0699667260180582,0.135706599821513,0.197970052024256,129.259097700521,98.3821146774125,160.0,1.62631186089695,21,1.6490244576329,0,-4,5,Guayas_e5
442,Guayas,2006-04-01,2006,2,0.405577064346958,0.143129010650632,0.0808094949048202,0.0702505559575559,0.138507256843308,0.213274590575986,124.693708605396,92.0666882349497,160.0,1.73787070076516,22,1.6490244576329,0,-3,5,Guayas_e5
443,Guayas,2006-07-01,2006,3,0.419027624748782,0.158744970387155,0.0846807457651627,0.0897099550669336,0.169270383542307,0.244156753681113,133.509622231745,93.8043809264252,160.0,1.70567726602764,23,1.6490244576329,0,-2,5,Guayas_e5
444,Guayas,2006-10-01,2006,4,0.390859036586818,0.146028208509565,0.0790379544565066,0.0791700185124218,0.149908901591148,0.217749219864462,128.499602386666,97.0270630368166,160.0,1.6490244576329,24,1.6490244576329,0,-1,5,Guayas_e5
445,Guayas,2007-01-01,2007,1,0.407092388679192,0.142890604880206,0.0728888098992386,0.0731112252167812,0.140319825100012,0.205526782061106,126.050687855504,93.1658102625296,170.0,1.8247037139586,25,1.6490244576329,0,0,5,Guayas_e5
446,Guayas,2007-04-01,2007,2,0.333922425395028,0.130769444388408,0.0708456635402953,0.0816949767794717,0.15441410605924,0.220919548502616,140.819372015601,103.032001391747,170.0,1.64997280168934,26,1.6490244576329,0,1,5,Guayas_e5
447,Guayas,2007-07-01,2007,3,0.356244543665657,0.131569136078141,0.0701928199085783,0.0946174595730305,0.178286536827882,0.254608089403883,155.968157834423,107.900752126174,170.0,1.57552191852389,27,1.6490244576329,0,2,5,Guayas_e5
448,Guayas,2007-10-01,2007,4,0.410431324102057,0.150921448087665,0.0805810513997474,0.0875936889100035,0.164874972990477,0.23546259928863,131.169728481754,91.654309790675,170.0,1.85479548521237,28,1.6490244576329,0,3,5,Guayas_e5
449,Guayas,2008-01-01,2008,1,0.307764,0.10949,0.056049,0.070841,0.13651,0.199872,143.632815,107.519837,200.0,1.874926,29,1.6490244576329,0,4,5,Guayas_e5
450,Los Ríos,2006-01-01,2006,1,0.434185641550083,0.172836650812081,0.0957634098171842,0.0600186062488147,0.119963366032511,0.179661458388157,115.43278569927,105.463467860525,160.0,1.5171130178613,21,2.00876537978815,1,-4,5,Los Ríos_e5
451,Los Ríos,2006-04-01,2006,2,0.419416881734589,0.154364803253545,0.0821137384682317,0.0606983190024497,0.116305863695456,0.168116506640498,108.806059764056,90.7905032059504,160.0,1.76229885671031,22,2.00876537978815,1,-3,5,Los Ríos_e5
452,Los Ríos,2006-07-01,2006,3,0.533614561213662,0.185023065830697,0.0902508051408105,0.0590329876743786,0.114586559225403,0.166462839140277,103.226478504349,76.4726370817549,160.0,2.0922516354307,23,2.00876537978815,1,-2,5,Los Ríos_e5
453,Los Ríos,2006-10-01,2006,4,0.503582680065483,0.166752389295514,0.0830949127580126,0.0550071758790849,0.105491200056001,0.153403152672879,101.347375816368,79.6509147409113,160.0,2.00876537978815,24,2.00876537978815,1,-1,5,Los Ríos_e5
454,Los Ríos,2007-01-01,2007,1,0.421235507507231,0.128452737057172,0.060144727281445,0.0399353849972098,0.0794648208243994,0.118642068672293,104.213371717783,87.5256187498024,170.0,1.94228846854492,25,2.00876537978815,1,0,5,Los Ríos_e5
455,Los Ríos,2007-04-01,2007,2,0.403341471118001,0.135435179754399,0.0657367368677067,0.0580099771896335,0.11256147032902,0.16365508479355,116.180305316843,86.8924693708203,170.0,1.95644111890194,26,2.00876537978815,1,1,5,Los Ríos_e5
456,Los Ríos,2007-07-01,2007,3,0.510610980606664,0.221160884608595,0.121825175356006,0.0694081821480708,0.137693326712312,0.211622886701532,101.84121231558,72.8575979264368,170.0,2.33331875930972,27,2.00876537978815,1,2,5,Los Ríos_e5
457,Los Ríos,2007-10-01,2007,4,0.496481319462431,0.1814505793778,0.0946107897587392,0.0539728093745946,0.106173331833046,0.156864595681249,99.6588629970115,80.585962351914,170.0,2.10954854962978,28,2.00876537978815,1,3,5,Los Ríos_e5
458,Los Ríos,2008-01-01,2008,1,0.451553,0.172585,0.090528,0.052086,0.103011,0.152582,99.310193,81.782751,200.0,2.445503,29,2.00876537978815,1,4,5,Los Ríos_e5
459,Manabí,2006-01-01,2006,1,0.655178621222429,0.294386672232178,0.177356814373346,0.0614765090540087,0.123378514415074,0.185814806878609,74.9497176115888,62.2647775316001,160.0,2.56967111010391,21,2.86205008850973,1,-4,5,Manabí_e5
460,Manabí,2006-04-01,2006,2,0.541956775151558,0.221182407399369,0.126417239642863,0.0676203711808788,0.132685074596014,0.195582413830825,96.1708225049691,76.1507249546567,160.0,2.10109621537117,22,2.86205008850973,1,-3,5,Manabí_e5
461,Manabí,2006-07-01,2006,3,0.494228610822134,0.234924903745351,0.146457725243029,0.0933562154760911,0.186434701473617,0.297811463636517,113.266056797565,80.509530127792,160.0,1.98734236488567,23,2.86205008850973,1,-2,5,Manabí_e5
462,Manabí,2006-10-01,2006,4,0.669537951221703,0.335520397999888,0.211555619725088,0.0866534381396522,0.168653477702458,0.247922093809004,78.3517837137333,55.9039831770771,160.0,2.86205008850973,24,2.86205008850973,1,-1,5,Manabí_e5
463,Manabí,2007-01-01,2007,1,0.522789794098261,0.225142898702496,0.132380962928944,0.0604265931310776,0.120471594438326,0.180203181879202,91.6036602149477,77.0533576803767,170.0,2.20626336239847,25,2.86205008850973,1,0,5,Manabí_e5
464,Manabí,2007-04-01,2007,2,0.536679232738412,0.214691575968115,0.128774008302661,0.0660372316509437,0.135852193446698,0.222341376202772,97.1881309711217,75.8187476479587,170.0,2.2421895015906,26,2.86205008850973,1,1,5,Manabí_e5
465,Manabí,2007-07-01,2007,3,0.453470789133578,0.206179253768725,0.118264340277005,0.0761134430801674,0.15195547295858,0.233855849026361,117.510181465808,89.7998660019484,170.0,1.89309859322409,27,2.86205008850973,1,2,5,Manabí_e5
466,Manabí,2007-10-01,2007,4,0.631318957210067,0.291333404747087,0.183992694244903,0.0825404881308198,0.162820429885811,0.241601509419358,87.2568026799166,65.7625767407179,170.0,2.58505685794915,28,2.86205008850973,1,3,5,Manabí_e5
467,Manabí,2008-01-01,2008,1,0.530296,0.200508,0.099944,0.062749,0.122396,0.17884,100.865634,69.181193,200.0,2.890959,29,2.86205008850973,1,4,5,Manabí_e5
468,Pichincha,2006-01-01,2006,1,0.211751844488123,0.0770315968912158,0.0364935468720424,0.0675857916806703,0.130584148919822,0.190978855689975,180.256368912013,139.669292097979,160.0,1.14556319142621,21,1.12498577335501,0,-4,5,Pichincha_e5
469,Pichincha,2006-04-01,2006,2,0.223573622945596,0.0840945514353028,0.0413192306694404,0.0613167896442871,0.120691126249368,0.178197789786541,175.393606083932,144.456785929116,160.0,1.10759767338664,22,1.12498577335501,0,-3,5,Pichincha_e5
470,Pichincha,2006-07-01,2006,3,0.225887457561,0.0797434793333933,0.0420424412711349,0.0912006265224358,0.174882498647721,0.257100815658387,222.831429894114,160.991509613312,160.0,0.993841230412128,23,1.12498577335501,0,-2,5,Pichincha_e5
471,Pichincha,2006-10-01,2006,4,0.19546408792175,0.0688835161629019,0.0357422258753883,0.0710614223648252,0.136735668693943,0.201352593640752,188.833584526614,142.224020773913,160.0,1.12498577335501,24,1.12498577335501,0,-1,5,Pichincha_e5
472,Pichincha,2007-01-01,2007,1,0.172882708722701,0.0628770115748036,0.0318821884414386,0.0614594280317341,0.119088481677274,0.174040152923108,178.244171942017,142.892377344053,170.0,1.18970656909625,25,1.12498577335501,0,0,5,Pichincha_e5
473,Pichincha,2007-04-01,2007,2,0.190363328048664,0.0584016199184307,0.0280751843286005,0.0627862454277276,0.122699486477664,0.183970049426387,189.989125205136,153.903840315351,170.0,1.10458582223593,26,1.12498577335501,0,1,5,Pichincha_e5
474,Pichincha,2007-07-01,2007,3,0.192387216378241,0.0707022553720148,0.0391000055506785,0.0768646218296293,0.149715688158497,0.223592683736395,208.07716145786,155.041396315416,170.0,1.09648135298106,27,1.12498577335501,0,2,5,Pichincha_e5
475,Pichincha,2007-10-01,2007,4,0.201390350807053,0.071016799969072,0.0375295351611774,0.0684987458569218,0.133850196489803,0.196339537917945,196.847094451302,151.968414079642,170.0,1.1186535111889,28,1.12498577335501,0,3,5,Pichincha_e5
476,Pichincha,2008-01-01,2008,1,0.160227,0.053636,0.027544,0.069623,0.135925,0.201638,217.227409,163.709342,200.0,1.234018,29,1.12498577335501,0,4,5,Pichincha_e5
477,Sierra,2006-01-01,2006,1,0.358646996928622,0.14692344796393,0.0766203106661037,0.069087943193841,0.136110068904006,0.20310929405539,136.442601743418,108.155353108708,160.0,1.47935349847347,21,2.16708045210081,1,-4,5,Sierra_e5
478,Sierra,2006-04-01,2006,2,0.408222479628669,0.163153988373244,0.0967689559980941,0.0710643864660612,0.143422243211973,0.218670761001881,133.755930391309,103.567830537759,160.0,1.54488125481847,22,2.16708045210081,1,-3,5,Sierra_e5
479,Sierra,2006-07-01,2006,3,0.338690388658457,0.152308989884374,0.0905723615804453,0.0806532662227447,0.16128280526179,0.248413025306579,158.229518256299,128.467578042911,160.0,1.24545042755112,23,2.16708045210081,1,-2,5,Sierra_e5
480,Sierra,2006-10-01,2006,4,0.530215335714297,0.254227970519025,0.160136235875415,0.0765616218663442,0.154229160988711,0.238228324612652,94.6521101444974,73.8320535561535,160.0,2.16708045210081,24,2.16708045210081,1,-1,5,Sierra_e5
481,Sierra,2007-01-01,2007,1,0.329323574524991,0.124696345869621,0.0695031794842937,0.061835983079901,0.124439880954161,0.194701950595801,133.091065248505,104.068667768967,170.0,1.63353681414853,25,2.16708045210081,1,0,5,Sierra_e5
482,Sierra,2007-04-01,2007,2,0.377543003849173,0.160958434520095,0.0934430000244685,0.0775886325888617,0.153678106027019,0.232285364773234,137.893002429808,101.073256182481,170.0,1.68194838497215,26,2.16708045210081,1,1,5,Sierra_e5
483,Sierra,2007-07-01,2007,3,0.412238707285787,0.173941670344816,0.104439602060627,0.0871522154614667,0.174426200225921,0.274676717449354,135.703433865483,93.4483903676406,170.0,1.81918596276718,27,2.16708045210081,1,2,5,Sierra_e5
484,Sierra,2007-10-01,2007,4,0.505004146153421,0.241762715677766,0.151106664141169,0.0908038047187523,0.175549275379428,0.26224326260965,104.911647111319,78.7792606127032,170.0,2.15792835167315,28,2.16708045210081,1,3,5,Sierra_e5
485,Sierra,2008-01-01,2008,1,0.308874,0.135643,0.082393,0.084924,0.169715,0.26394,169.235818,122.138723,200.0,1.646141,29,2.16708045210081,1,4,5,Sierra_e5
486,Amazonía,2007-01-01,2007,1,0.330383114081385,0.131962352457483,0.0751691726029379,0.0669554498327032,0.133933196245133,0.209434451680845,137.69340898313,110.063784941751,170.0,1.54455891272474,25,2.19361609796722,1,-4,6,Amazonía_e6
487,Amazonía,2007-04-01,2007,2,0.327009678581207,0.117428830217552,0.0618672634509979,0.0637468379507737,0.125142406281614,0.185909092264255,141.789313637301,112.597543907816,170.0,1.50980202675805,26,2.19361609796722,1,-3,6,Amazonía_e6
488,Amazonía,2007-07-01,2007,3,0.288839843932328,0.100799778982224,0.0589653938765804,0.0912332916645809,0.177186652967852,0.26980977763821,192.806537190964,141.361022164242,170.0,1.20259458652247,27,2.19361609796722,1,-2,6,Amazonía_e6
489,Amazonía,2007-10-01,2007,4,0.513080576374614,0.252458929980967,0.16104915145281,0.0970837434068156,0.190998817552397,0.289349503435954,108.561034321009,77.4976077890455,170.0,2.19361609796722,28,2.19361609796722,1,-1,6,Amazonía_e6
490,Amazonía,2008-01-01,2008,1,0.271012,0.101021,0.056827,0.061864,0.12192,0.181321,155.472246,129.0795,200.0,1.549433,29,2.19361609796722,1,0,6,Amazonía_e6
491,Amazonía,2008-04-01,2008,2,0.506703,0.251842,0.16113,0.086633,0.178514,0.296498,102.395952,76.235112,200.0,2.623463,30,2.19361609796722,1,1,6,Amazonía_e6
492,Amazonía,2008-07-01,2008,3,0.32905,0.12027,0.064492,0.070987,0.142312,0.220352,158.543219,120.09596,200.0,1.665335,31,2.19361609796722,1,2,6,Amazonía_e6
493,Amazonía,2008-10-01,2008,4,0.476957,0.259788,0.176492,0.092982,0.189797,0.302873,109.560282,85.425585,200.0,2.341219,32,2.19361609796722,1,3,6,Amazonía_e6
494,Amazonía,2009-01-01,2009,1,0.268259755276788,0.122452515823823,0.0779037561627971,0.0624747314761007,0.13052246866322,0.214061678208955,156.995718711083,140.268242182458,218.0,1.55416505267407,33,2.19361609796722,1,4,6,Amazonía_e6
495,Azuay,2007-01-01,2007,1,0.253033582926627,0.108326579134855,0.065742074322226,0.0637410659969984,0.127901435971523,0.197633583825574,154.982291875432,137.929194920855,170.0,1.23251643785456,25,1.65741919415687,0,-4,6,Azuay_e6
496,Azuay,2007-04-01,2007,2,0.203242182630516,0.0881141078467367,0.0503990284436515,0.0566136629568453,0.114891357936672,0.180289625803811,172.328115086492,144.833395048294,170.0,1.17376244576269,26,1.65741919415687,0,-3,6,Azuay_e6
497,Azuay,2007-07-01,2007,3,0.196895158603403,0.0701921299313205,0.03879219737463,0.0734289906751534,0.14703519441376,0.232403731626602,207.642552234337,149.996568745945,170.0,1.13335925895702,27,1.65741919415687,0,-2,6,Azuay_e6
498,Azuay,2007-10-01,2007,4,0.373678586657003,0.151614660401449,0.0885838059345656,0.0812386020615861,0.161743754815798,0.253360249963197,141.250768198328,102.569102976075,170.0,1.65741919415687,28,1.65741919415687,0,-1,6,Azuay_e6
499,Azuay,2008-01-01,2008,1,0.186099,0.071846,0.042012,0.075566,0.148464,0.223584,213.785822,170.146977,200.0,1.243219,29,1.65741919415687,0,0,6,Azuay_e6
500,Azuay,2008-04-01,2008,2,0.204454,0.075188,0.04077,0.070845,0.137953,0.205181,186.606348,143.369674,200.0,1.482959,30,1.65741919415687,0,1,6,Azuay_e6
501,Azuay,2008-07-01,2008,3,0.198243,0.081015,0.044588,0.068025,0.133992,0.199337,193.956336,156.108777,200.0,1.284243,31,1.65741919415687,0,2,6,Azuay_e6
502,Azuay,2008-10-01,2008,4,0.273978,0.107384,0.060815,0.074626,0.146279,0.216753,176.823524,133.562223,200.0,1.561264,32,1.65741919415687,0,3,6,Azuay_e6
503,Azuay,2009-01-01,2009,1,0.245126706698952,0.0721838961832041,0.0344551738039407,0.0592191878599148,0.117833498145401,0.178927073951732,174.978221314255,142.714368424135,218.0,1.52752664225177,33,1.65741919415687,0,4,6,Azuay_e6
504,"Costa, Santo Domingo",2007-01-01,2007,1,0.436022918184997,0.16970653360117,0.0831458415011863,0.0594162226179767,0.116577432389813,0.17099306580398,114.553549178902,91.7632824747151,170.0,1.85259283904586,25,2.25352655618269,1,-4,6,"Costa, Santo Domingo_e6"
505,"Costa, Santo Domingo",2007-04-01,2007,2,0.424474663857492,0.197687617191689,0.132305525637654,0.0678449483790092,0.145725066580033,0.255009352101447,108.079380194857,92.236653575648,170.0,1.84308507962699,26,2.25352655618269,1,-3,6,"Costa, Santo Domingo_e6"
506,"Costa, Santo Domingo",2007-07-01,2007,3,0.325989004652855,0.131243220934357,0.076858909666527,0.0734240124747648,0.146168031895059,0.223404209596705,151.342064759535,119.230176890326,170.0,1.42581353507824,27,2.25352655618269,1,-2,6,"Costa, Santo Domingo_e6"
507,"Costa, Santo Domingo",2007-10-01,2007,4,0.521581523287184,0.24720816439698,0.162022789232599,0.0874153407437573,0.175689944039002,0.273728442787627,101.614130713013,75.4373182484113,170.0,2.25352655618269,28,2.25352655618269,1,-1,6,"Costa, Santo Domingo_e6"
508,"Costa, Santo Domingo",2008-01-01,2008,1,0.455637,0.210016,0.110111,0.06676,0.133935,0.208122,108.536781,89.705374,200.0,2.229521,29,2.25352655618269,1,0,6,"Costa, Santo Domingo_e6"
509,"Costa, Santo Domingo",2008-04-01,2008,2,0.577454,0.26694,0.161987,0.07059,0.141692,0.214496,84.538369,66.229748,200.0,3.019791,30,2.25352655618269,1,1,6,"Costa, Santo Domingo_e6"
510,"Costa, Santo Domingo",2008-07-01,2008,3,0.396623,0.140779,0.084804,0.084421,0.166961,0.259039,139.760399,95.173876,200.0,2.101417,31,2.25352655618269,1,2,6,"Costa, Santo Domingo_e6"
511,"Costa, Santo Domingo",2008-10-01,2008,4,0.602905,0.274457,0.164189,0.087989,0.17006,0.248763,95.181473,65.756076,200.0,3.041544,32,2.25352655618269,1,3,6,"Costa, Santo Domingo_e6"
512,"Costa, Santo Domingo",2009-01-01,2009,1,0.538198682787336,0.243020142162931,0.154305827090592,0.0708954389875278,0.13973681339169,0.20676668092461,89.4639765494496,70.7646888813468,218.0,3.08063249406109,33,2.25352655618269,1,4,6,"Costa, Santo Domingo_e6"
513,El Oro,2007-01-01,2007,1,0.406373727367859,0.121332973596266,0.0594689773018538,0.0526264781904903,0.105353467353289,0.17026110522173,109.907600426469,88.4835068673447,170.0,1.92126200710903,25,1.65720880352079,0,-4,6,El Oro_e6
514,El Oro,2007-04-01,2007,2,0.378569626213802,0.155863990880165,0.0888427229475678,0.0531120591059903,0.106493877974554,0.160431011934606,111.621012595175,100.008951336961,170.0,1.69984784089194,26,1.65720880352079,0,-3,6,El Oro_e6
515,El Oro,2007-07-01,2007,3,0.36726038343034,0.131054749085305,0.0692873871742874,0.064305839776852,0.125040837021162,0.183400738635472,130.088945066592,104.84562940382,170.0,1.62143144131678,27,1.65720880352079,0,-2,6,El Oro_e6
516,El Oro,2007-10-01,2007,4,0.356307740264255,0.136448451374563,0.0713464521416228,0.0472760791082919,0.094189948154479,0.141532722592981,114.236873620009,102.582124617508,170.0,1.65720880352079,28,1.65720880352079,0,-1,6,El Oro_e6
517,El Oro,2008-01-01,2008,1,0.310334,0.108413,0.054172,0.049476,0.097981,0.147756,125.013304,107.887662,200.0,1.874749,29,1.65720880352079,0,0,6,El Oro_e6
518,El Oro,2008-04-01,2008,2,0.281987,0.090414,0.045641,0.049338,0.097021,0.144752,126.238357,104.236359,200.0,1.921218,30,1.65720880352079,0,1,6,El Oro_e6
519,El Oro,2008-07-01,2008,3,0.290178,0.100316,0.048959,0.057497,0.111403,0.1635,135.318681,109.438543,200.0,1.837849,31,1.65720880352079,0,2,6,El Oro_e6
520,El Oro,2008-10-01,2008,4,0.321445,0.118482,0.063427,0.058402,0.114312,0.168736,133.967909,108.993981,200.0,1.836885,32,1.65720880352079,0,3,6,El Oro_e6
521,El Oro,2009-01-01,2009,1,0.343477077404261,0.109339678265444,0.0597139299490663,0.0513371756304322,0.105179515855579,0.174705042682085,121.859462426451,105.540840988302,218.0,2.06555109812099,33,1.65720880352079,0,4,6,El Oro_e6
522,Guayas,2007-01-01,2007,1,0.407092388679192,0.142890604880206,0.0728888098992386,0.0731112252167812,0.140319825100012,0.205526782061106,126.050687855504,93.1658102625296,170.0,1.8247037139586,25,1.85479548521237,0,-4,6,Guayas_e6
523,Guayas,2007-04-01,2007,2,0.333922425395028,0.130769444388408,0.0708456635402953,0.0816949767794717,0.15441410605924,0.220919548502616,140.819372015601,103.032001391747,170.0,1.64997280168934,26,1.85479548521237,0,-3,6,Guayas_e6
524,Guayas,2007-07-01,2007,3,0.356244543665657,0.131569136078141,0.0701928199085783,0.0946174595730305,0.178286536827882,0.254608089403883,155.968157834423,107.900752126174,170.0,1.57552191852389,27,1.85479548521237,0,-2,6,Guayas_e6
525,Guayas,2007-10-01,2007,4,0.410431324102057,0.150921448087665,0.0805810513997474,0.0875936889100035,0.164874972990477,0.23546259928863,131.169728481754,91.654309790675,170.0,1.85479548521237,28,1.85479548521237,0,-1,6,Guayas_e6
526,Guayas,2008-01-01,2008,1,0.307764,0.10949,0.056049,0.070841,0.13651,0.199872,143.632815,107.519837,200.0,1.874926,29,1.85479548521237,0,0,6,Guayas_e6
527,Guayas,2008-04-01,2008,2,0.32817,0.11701,0.060906,0.068591,0.132173,0.194732,132.176206,103.088919,200.0,1.945894,30,1.85479548521237,0,1,6,Guayas_e6
528,Guayas,2008-07-01,2008,3,0.275865,0.099696,0.051756,0.06679,0.12936,0.193032,145.51859,112.247521,200.0,1.786015,31,1.85479548521237,0,2,6,Guayas_e6
529,Guayas,2008-10-01,2008,4,0.294117,0.100743,0.051362,0.05519,0.108583,0.16257,140.797784,116.80271,200.0,1.732975,32,1.85479548521237,0,3,6,Guayas_e6
530,Guayas,2009-01-01,2009,1,0.368111816908137,0.137049013463422,0.0742145126938781,0.0675346193571169,0.131641846161566,0.19358938568803,125.263866334966,95.9774907216731,218.0,2.27136590424292,33,1.85479548521237,0,4,6,Guayas_e6
531,Los Ríos,2007-01-01,2007,1,0.421235507507231,0.128452737057172,0.060144727281445,0.0399353849972098,0.0794648208243994,0.118642068672293,104.213371717783,87.5256187498024,170.0,1.94228846854492,25,2.10954854962978,0,-4,6,Los Ríos_e6
532,Los Ríos,2007-04-01,2007,2,0.403341471118001,0.135435179754399,0.0657367368677067,0.0580099771896335,0.11256147032902,0.16365508479355,116.180305316843,86.8924693708203,170.0,1.95644111890194,26,2.10954854962978,0,-3,6,Los Ríos_e6
533,Los Ríos,2007-07-01,2007,3,0.510610980606664,0.221160884608595,0.121825175356006,0.0694081821480708,0.137693326712312,0.211622886701532,101.84121231558,72.8575979264368,170.0,2.33331875930972,27,2.10954854962978,0,-2,6,Los Ríos_e6
534,Los Ríos,2007-10-01,2007,4,0.496481319462431,0.1814505793778,0.0946107897587392,0.0539728093745946,0.106173331833046,0.156864595681249,99.6588629970115,80.585962351914,170.0,2.10954854962978,28,2.10954854962978,0,-1,6,Los Ríos_e6
535,Los Ríos,2008-01-01,2008,1,0.451553,0.172585,0.090528,0.052086,0.103011,0.152582,99.310193,81.782751,200.0,2.445503,29,2.10954854962978,0,0,6,Los Ríos_e6
536,Los Ríos,2008-04-01,2008,2,0.415125,0.132741,0.071869,0.054292,0.105497,0.154447,104.11707,84.163511,200.0,2.376327,30,2.10954854962978,0,1,6,Los Ríos_e6
537,Los Ríos,2008-07-01,2008,3,0.454361,0.179383,0.093998,0.071862,0.141237,0.212309,119.574699,86.825602,200.0,2.303468,31,2.10954854962978,0,2,6,Los Ríos_e6
538,Los Ríos,2008-10-01,2008,4,0.478029,0.175425,0.094372,0.052329,0.103244,0.15418,99.306462,83.134553,200.0,2.405739,32,2.10954854962978,0,3,6,Los Ríos_e6
539,Los Ríos,2009-01-01,2009,1,0.293257792171155,0.102184591053435,0.0521094358709279,0.0437490126205407,0.0857040645874954,0.126258659258738,113.612027138282,95.3290990732105,218.0,2.2868148563177,33,2.10954854962978,0,4,6,Los Ríos_e6
540,Manabí,2007-01-01,2007,1,0.522789794098261,0.225142898702496,0.132380962928944,0.0604265931310776,0.120471594438326,0.180203181879202,91.6036602149477,77.0533576803767,170.0,2.20626336239847,25,2.58505685794915,1,-4,6,Manabí_e6
541,Manabí,2007-04-01,2007,2,0.536679232738412,0.214691575968115,0.128774008302661,0.0660372316509437,0.135852193446698,0.222341376202772,97.1881309711217,75.8187476479587,170.0,2.2421895015906,26,2.58505685794915,1,-3,6,Manabí_e6
542,Manabí,2007-07-01,2007,3,0.453470789133578,0.206179253768725,0.118264340277005,0.0761134430801674,0.15195547295858,0.233855849026361,117.510181465808,89.7998660019484,170.0,1.89309859322409,27,2.58505685794915,1,-2,6,Manabí_e6
543,Manabí,2007-10-01,2007,4,0.631318957210067,0.291333404747087,0.183992694244903,0.0825404881308198,0.162820429885811,0.241601509419358,87.2568026799166,65.7625767407179,170.0,2.58505685794915,28,2.58505685794915,1,-1,6,Manabí_e6
544,Manabí,2008-01-01,2008,1,0.530296,0.200508,0.099944,0.062749,0.122396,0.17884,100.865634,69.181193,200.0,2.890959,29,2.58505685794915,1,0,6,Manabí_e6
545,Manabí,2008-04-01,2008,2,0.591216,0.287718,0.177095,0.105616,0.202598,0.298954,96.830678,62.519093,200.0,3.199023,30,2.58505685794915,1,1,6,Manabí_e6
546,Manabí,2008-07-01,2008,3,0.405038,0.200931,0.123441,0.084228,0.166472,0.252781,122.563969,97.476134,200.0,2.051784,31,2.58505685794915,1,2,6,Manabí_e6
547,Manabí,2008-10-01,2008,4,0.567317,0.239981,0.139286,0.065557,0.129964,0.19801,89.22652,73.264715,200.0,2.729827,32,2.58505685794915,1,3,6,Manabí_e6
548,Manabí,2009-01-01,2009,1,0.264978680671273,0.100940891641662,0.0546494402515123,0.0543336555802835,0.107801583598567,0.160576986974866,133.655018487368,98.9948689055096,218.0,2.20213433696327,33,2.58505685794915,1,4,6,Manabí_e6
549,Pichincha,2007-01-01,2007,1,0.172882708722701,0.0628770115748036,0.0318821884414386,0.0614594280317341,0.119088481677274,0.174040152923108,178.244171942017,142.892377344053,170.0,1.18970656909625,25,1.1186535111889,0,-4,6,Pichincha_e6
550,Pichincha,2007-04-01,2007,2,0.190363328048664,0.0584016199184307,0.0280751843286005,0.0627862454277276,0.122699486477664,0.183970049426387,189.989125205136,153.903840315351,170.0,1.10458582223593,26,1.1186535111889,0,-3,6,Pichincha_e6
551,Pichincha,2007-07-01,2007,3,0.192387216378241,0.0707022553720148,0.0391000055506785,0.0768646218296293,0.149715688158497,0.223592683736395,208.07716145786,155.041396315416,170.0,1.09648135298106,27,1.1186535111889,0,-2,6,Pichincha_e6
552,Pichincha,2007-10-01,2007,4,0.201390350807053,0.071016799969072,0.0375295351611774,0.0684987458569218,0.133850196489803,0.196339537917945,196.847094451302,151.968414079642,170.0,1.1186535111889,28,1.1186535111889,0,-1,6,Pichincha_e6
553,Pichincha,2008-01-01,2008,1,0.160227,0.053636,0.027544,0.069623,0.135925,0.201638,217.227409,163.709342,200.0,1.234018,29,1.1186535111889,0,0,6,Pichincha_e6
554,Pichincha,2008-04-01,2008,2,0.16851,0.059294,0.032001,0.062662,0.124106,0.189482,205.620369,163.839924,200.0,1.228729,30,1.1186535111889,0,1,6,Pichincha_e6
555,Pichincha,2008-07-01,2008,3,0.162095,0.058596,0.033767,0.066844,0.132454,0.202817,211.329488,162.969821,200.0,1.234235,31,1.1186535111889,0,2,6,Pichincha_e6
556,Pichincha,2008-10-01,2008,4,0.162572,0.053598,0.026991,0.059272,0.116772,0.174973,202.910366,160.844165,200.0,1.250251,32,1.1186535111889,0,3,6,Pichincha_e6
557,Pichincha,2009-01-01,2009,1,0.173601824736516,0.0619684888686597,0.0352013991277064,0.0569246863349435,0.112755534736125,0.170877329601065,177.965869067857,149.71027634895,218.0,1.45614586597835,33,1.1186535111889,0,4,6,Pichincha_e6
558,Sierra,2007-01-01,2007,1,0.329323574524991,0.124696345869621,0.0695031794842937,0.061835983079901,0.124439880954161,0.194701950595801,133.091065248505,104.068667768967,170.0,1.63353681414853,25,2.15792835167315,1,-4,6,Sierra_e6
559,Sierra,2007-04-01,2007,2,0.377543003849173,0.160958434520095,0.0934430000244685,0.0775886325888617,0.153678106027019,0.232285364773234,137.893002429808,101.073256182481,170.0,1.68194838497215,26,2.15792835167315,1,-3,6,Sierra_e6
560,Sierra,2007-07-01,2007,3,0.412238707285787,0.173941670344816,0.104439602060627,0.0871522154614667,0.174426200225921,0.274676717449354,135.703433865483,93.4483903676406,170.0,1.81918596276718,27,2.15792835167315,1,-2,6,Sierra_e6
561,Sierra,2007-10-01,2007,4,0.505004146153421,0.241762715677766,0.151106664141169,0.0908038047187523,0.175549275379428,0.26224326260965,104.911647111319,78.7792606127032,170.0,2.15792835167315,28,2.15792835167315,1,-1,6,Sierra_e6
562,Sierra,2008-01-01,2008,1,0.308874,0.135643,0.082393,0.084924,0.169715,0.26394,169.235818,122.138723,200.0,1.646141,29,2.15792835167315,1,0,6,Sierra_e6
563,Sierra,2008-04-01,2008,2,0.331058,0.147743,0.089257,0.072315,0.144413,0.221677,141.863994,113.793933,200.0,1.884454,30,2.15792835167315,1,1,6,Sierra_e6
564,Sierra,2008-07-01,2008,3,0.318151,0.131052,0.07564,0.070581,0.141148,0.217664,146.157129,114.168749,200.0,1.752788,31,2.15792835167315,1,2,6,Sierra_e6
565,Sierra,2008-10-01,2008,4,0.359915,0.15834,0.095256,0.069598,0.140015,0.218349,137.60786,114.837084,200.0,1.829002,32,2.15792835167315,1,3,6,Sierra_e6
566,Sierra,2009-01-01,2009,1,0.336357279258749,0.13374454603845,0.0735095755708367,0.0649639503145523,0.129860064121008,0.199369337369511,135.487436871558,108.040883033035,218.0,2.01775470433117,33,2.15792835167315,1,4,6,Sierra_e6
567,Amazonía,2008-01-01,2008,1,0.271012,0.101021,0.056827,0.061864,0.12192,0.181321,155.472246,129.0795,200.0,1.549433,29,2.341219,1,-4,7,Amazonía_e7
568,Amazonía,2008-04-01,2008,2,0.506703,0.251842,0.16113,0.086633,0.178514,0.296498,102.395952,76.235112,200.0,2.623463,30,2.341219,1,-3,7,Amazonía_e7
569,Amazonía,2008-07-01,2008,3,0.32905,0.12027,0.064492,0.070987,0.142312,0.220352,158.543219,120.09596,200.0,1.665335,31,2.341219,1,-2,7,Amazonía_e7
570,Amazonía,2008-10-01,2008,4,0.476957,0.259788,0.176492,0.092982,0.189797,0.302873,109.560282,85.425585,200.0,2.341219,32,2.341219,1,-1,7,Amazonía_e7
571,Amazonía,2009-01-01,2009,1,0.268259755276788,0.122452515823823,0.0779037561627971,0.0624747314761007,0.13052246866322,0.214061678208955,156.995718711083,140.268242182458,218.0,1.55416505267407,33,2.341219,1,0,7,Amazonía_e7
572,Amazonía,2009-04-01,2009,2,0.201474180181788,0.0589711734806268,0.0280952083747582,0.0510939331786336,0.101000535921511,0.149917122473268,167.826407406668,138.197015622117,218.0,1.57745808777879,34,2.341219,1,1,7,Amazonía_e7
573,Amazonía,2009-07-01,2009,3,0.304873690787726,0.161251618234583,0.104663493830612,0.0827744185548762,0.168370117275003,0.268242227292992,159.316029230981,127.711655282867,218.0,1.7069702801765,35,2.341219,1,2,7,Amazonía_e7
574,Amazonía,2009-10-01,2009,4,0.545435930089774,0.259370902159524,0.164373973253479,0.0923180665507939,0.183892511422537,0.286388951978827,103.949111168615,74.1139041514133,218.0,2.94141838155807,36,2.341219,1,3,7,Amazonía_e7
575,Amazonía,2010-01-01,2010,1,0.276301582303238,0.136974996260051,0.0925119990070523,0.0716374455082192,0.14954725957751,0.25270826709332,145.708283417422,119.557349440657,240.0,2.00740482390106,37,2.341219,1,4,7,Amazonía_e7
576,Azuay,2008-01-01,2008,1,0.186099,0.071846,0.042012,0.075566,0.148464,0.223584,213.785822,170.146977,200.0,1.243219,29,1.561264,0,-4,7,Azuay_e7
577,Azuay,2008-04-01,2008,2,0.204454,0.075188,0.04077,0.070845,0.137953,0.205181,186.606348,143.369674,200.0,1.482959,30,1.561264,0,-3,7,Azuay_e7
578,Azuay,2008-07-01,2008,3,0.198243,0.081015,0.044588,0.068025,0.133992,0.199337,193.956336,156.108777,200.0,1.284243,31,1.561264,0,-2,7,Azuay_e7
579,Azuay,2008-10-01,2008,4,0.273978,0.107384,0.060815,0.074626,0.146279,0.216753,176.823524,133.562223,200.0,1.561264,32,1.561264,0,-1,7,Azuay_e7
580,Azuay,2009-01-01,2009,1,0.245126706698952,0.0721838961832041,0.0344551738039407,0.0592191878599148,0.117833498145401,0.178927073951732,174.978221314255,142.714368424135,218.0,1.52752664225177,33,1.561264,0,0,7,Azuay_e7
581,Azuay,2009-04-01,2009,2,0.189921561764385,0.0622789062353483,0.0307247320911481,0.0660489673761439,0.127860841796001,0.185968297811477,180.785219546504,133.392941264574,218.0,1.63426938437181,34,1.561264,0,1,7,Azuay_e7
582,Azuay,2009-07-01,2009,3,0.236154450331588,0.0913732993107673,0.0589813824349458,0.0806619114204186,0.161958515924661,0.255138073219435,202.169419253608,143.023692185548,218.0,1.52422299179064,35,1.561264,0,2,7,Azuay_e7
583,Azuay,2009-10-01,2009,4,0.338241627041538,0.136780757728921,0.078151861046758,0.0630562748031855,0.127143211837976,0.197143384851808,137.626415120626,116.080016074463,218.0,1.87801490189454,36,1.561264,0,3,7,Azuay_e7
584,Azuay,2010-01-01,2010,1,0.175018763851374,0.0559385583926529,0.0246658270958225,0.0510972828362165,0.099981660023774,0.146943350054164,172.428921285585,148.302699873106,240.0,1.61831173812313,37,1.561264,0,4,7,Azuay_e7
585,"Costa, Santo Domingo",2008-01-01,2008,1,0.455637,0.210016,0.110111,0.06676,0.133935,0.208122,108.536781,89.705374,200.0,2.229521,29,3.041544,1,-4,7,"Costa, Santo Domingo_e7"
586,"Costa, Santo Domingo",2008-04-01,2008,2,0.577454,0.26694,0.161987,0.07059,0.141692,0.214496,84.538369,66.229748,200.0,3.019791,30,3.041544,1,-3,7,"Costa, Santo Domingo_e7"
587,"Costa, Santo Domingo",2008-07-01,2008,3,0.396623,0.140779,0.084804,0.084421,0.166961,0.259039,139.760399,95.173876,200.0,2.101417,31,3.041544,1,-2,7,"Costa, Santo Domingo_e7"
588,"Costa, Santo Domingo",2008-10-01,2008,4,0.602905,0.274457,0.164189,0.087989,0.17006,0.248763,95.181473,65.756076,200.0,3.041544,32,3.041544,1,-1,7,"Costa, Santo Domingo_e7"
589,"Costa, Santo Domingo",2009-01-01,2009,1,0.538198682787336,0.243020142162931,0.154305827090592,0.0708954389875278,0.13973681339169,0.20676668092461,89.4639765494496,70.7646888813468,218.0,3.08063249406109,33,3.041544,1,0,7,"Costa, Santo Domingo_e7"
590,"Costa, Santo Domingo",2009-04-01,2009,2,0.504116264507614,0.211636486057692,0.129442684112711,0.0758159483400908,0.150759090749954,0.22608733463019,104.198150615638,75.3933071592855,218.0,2.89150334709984,34,3.041544,1,1,7,"Costa, Santo Domingo_e7"
591,"Costa, Santo Domingo",2009-07-01,2009,3,0.453978286800291,0.174478512643507,0.092675873895198,0.0754697282789479,0.146972205095489,0.221033592543416,124.383896359681,97.5438817375395,218.0,2.23489158024868,35,3.041544,1,2,7,"Costa, Santo Domingo_e7"
592,"Costa, Santo Domingo",2009-10-01,2009,4,0.53681017673682,0.258247029935562,0.160925170744311,0.0790904600432125,0.157603039370986,0.242375675111992,94.1429058367828,73.6377853387279,218.0,2.96043666980501,36,3.041544,1,3,7,"Costa, Santo Domingo_e7"
593,"Costa, Santo Domingo",2010-01-01,2010,1,0.388008155332385,0.138133229749716,0.0821529246092635,0.0719061877496999,0.142872060725627,0.212737368609409,136.338989234553,96.5104071913908,240.0,2.48677844166644,37,3.041544,1,4,7,"Costa, Santo Domingo_e7"
594,El Oro,2008-01-01,2008,1,0.310334,0.108413,0.054172,0.049476,0.097981,0.147756,125.013304,107.887662,200.0,1.874749,29,1.836885,0,-4,7,El Oro_e7
595,El Oro,2008-04-01,2008,2,0.281987,0.090414,0.045641,0.049338,0.097021,0.144752,126.238357,104.236359,200.0,1.921218,30,1.836885,0,-3,7,El Oro_e7
596,El Oro,2008-07-01,2008,3,0.290178,0.100316,0.048959,0.057497,0.111403,0.1635,135.318681,109.438543,200.0,1.837849,31,1.836885,0,-2,7,El Oro_e7
597,El Oro,2008-10-01,2008,4,0.321445,0.118482,0.063427,0.058402,0.114312,0.168736,133.967909,108.993981,200.0,1.836885,32,1.836885,0,-1,7,El Oro_e7
598,El Oro,2009-01-01,2009,1,0.343477077404261,0.109339678265444,0.0597139299490663,0.0513371756304322,0.105179515855579,0.174705042682085,121.859462426451,105.540840988302,218.0,2.06555109812099,33,1.836885,0,0,7,El Oro_e7
599,El Oro,2009-04-01,2009,2,0.312067742981453,0.103186520839572,0.0551491833727391,0.0557642689824149,0.110027886654875,0.165253895046409,134.687280868278,105.863441462318,218.0,2.05925668945495,34,1.836885,0,1,7,El Oro_e7
600,El Oro,2009-07-01,2009,3,0.329010718350684,0.114958627422157,0.0583111909577952,0.0792173238651802,0.152822272458157,0.222400135911177,163.599228767731,113.987034597531,218.0,1.91249821323733,35,1.836885,0,2,7,El Oro_e7
601,El Oro,2009-10-01,2009,4,0.354157269477988,0.123796814444209,0.0612026413886401,0.0589019950099505,0.114844232000646,0.172487603139498,127.385110591892,107.714590967499,218.0,2.02386694357664,36,1.836885,0,3,7,El Oro_e7
602,El Oro,2010-01-01,2010,1,0.321444877801254,0.111715421675609,0.0633580876957925,0.0475081699040455,0.0950497345504939,0.144808796988257,115.242195934153,97.1973701396693,240.0,2.46920260965012,37,1.836885,0,4,7,El Oro_e7
603,Guayas,2008-01-01,2008,1,0.307764,0.10949,0.056049,0.070841,0.13651,0.199872,143.632815,107.519837,200.0,1.874926,29,1.732975,0,-4,7,Guayas_e7
604,Guayas,2008-04-01,2008,2,0.32817,0.11701,0.060906,0.068591,0.132173,0.194732,132.176206,103.088919,200.0,1.945894,30,1.732975,0,-3,7,Guayas_e7
605,Guayas,2008-07-01,2008,3,0.275865,0.099696,0.051756,0.06679,0.12936,0.193032,145.51859,112.247521,200.0,1.786015,31,1.732975,0,-2,7,Guayas_e7
606,Guayas,2008-10-01,2008,4,0.294117,0.100743,0.051362,0.05519,0.108583,0.16257,140.797784,116.80271,200.0,1.732975,32,1.732975,0,-1,7,Guayas_e7
607,Guayas,2009-01-01,2009,1,0.368111816908137,0.137049013463422,0.0742145126938781,0.0675346193571169,0.131641846161566,0.19358938568803,125.263866334966,95.9774907216731,218.0,2.27136590424292,33,1.732975,0,0,7,Guayas_e7
608,Guayas,2009-04-01,2009,2,0.319820560332407,0.106574983440688,0.0551954354277777,0.0611563442868526,0.120078492124137,0.1802586136608,135.251200667801,102.446823778104,218.0,2.12793322389555,34,1.732975,0,1,7,Guayas_e7
609,Guayas,2009-07-01,2009,3,0.371536345193418,0.153531990909555,0.0883431215000333,0.0871488665805771,0.166644105908345,0.2448821757463,138.168543764917,102.488921877369,218.0,2.12705915924107,35,1.732975,0,2,7,Guayas_e7
610,Guayas,2009-10-01,2009,4,0.338645945480143,0.1280735640762,0.0698739043321534,0.0626523458895179,0.122740826601507,0.183099374948263,130.277961299221,106.664183867205,218.0,2.04379757193292,36,1.732975,0,3,7,Guayas_e7
611,Guayas,2010-01-01,2010,1,0.369971693084448,0.124387980574276,0.0622318016692807,0.0542448835304245,0.105047948824524,0.153500261953535,116.860627538401,96.4585188077375,240.0,2.48811616606276,37,1.732975,0,4,7,Guayas_e7
612,Los Ríos,2008-01-01,2008,1,0.451553,0.172585,0.090528,0.052086,0.103011,0.152582,99.310193,81.782751,200.0,2.445503,29,2.405739,1,-4,7,Los Ríos_e7
613,Los Ríos,2008-04-01,2008,2,0.415125,0.132741,0.071869,0.054292,0.105497,0.154447,104.11707,84.163511,200.0,2.376327,30,2.405739,1,-3,7,Los Ríos_e7
614,Los Ríos,2008-07-01,2008,3,0.454361,0.179383,0.093998,0.071862,0.141237,0.212309,119.574699,86.825602,200.0,2.303468,31,2.405739,1,-2,7,Los Ríos_e7
615,Los Ríos,2008-10-01,2008,4,0.478029,0.175425,0.094372,0.052329,0.103244,0.15418,99.306462,83.134553,200.0,2.405739,32,2.405739,1,-1,7,Los Ríos_e7
616,Los Ríos,2009-01-01,2009,1,0.293257792171155,0.102184591053435,0.0521094358709279,0.0437490126205407,0.0857040645874954,0.126258659258738,113.612027138282,95.3290990732105,218.0,2.2868148563177,33,2.405739,1,0,7,Los Ríos_e7
617,Los Ríos,2009-04-01,2009,2,0.27801746413812,0.0820034321875111,0.0339546782318506,0.0349759303552939,0.0691911753669068,0.102583530641225,115.891762338185,90.9176018954341,218.0,2.39777551821842,34,2.405739,1,1,7,Los Ríos_e7
618,Los Ríos,2009-07-01,2009,3,0.462025647625566,0.188641613094908,0.104670056309015,0.0759794634135624,0.149946277361755,0.226471712728505,118.738033822552,86.2658035407517,218.0,2.52707319763175,35,2.405739,1,2,7,Los Ríos_e7
619,Los Ríos,2009-10-01,2009,4,0.48172107075758,0.188396136853898,0.0942335017601119,0.0475532608138698,0.0938995714148374,0.140326835878476,95.1336127857181,82.2798491293327,218.0,2.64949440606453,36,2.405739,1,3,7,Los Ríos_e7
620,Los Ríos,2010-01-01,2010,1,0.246478091088751,0.0781447926279123,0.0431983821819687,0.0440428893312578,0.0880721084034373,0.132512677598759,132.793980046995,116.840781523106,240.0,2.05407732532616,37,2.405739,1,4,7,Los Ríos_e7
621,Manabí,2008-01-01,2008,1,0.530296,0.200508,0.099944,0.062749,0.122396,0.17884,100.865634,69.181193,200.0,2.890959,29,2.729827,1,-4,7,Manabí_e7
622,Manabí,2008-04-01,2008,2,0.591216,0.287718,0.177095,0.105616,0.202598,0.298954,96.830678,62.519093,200.0,3.199023,30,2.729827,1,-3,7,Manabí_e7
623,Manabí,2008-07-01,2008,3,0.405038,0.200931,0.123441,0.084228,0.166472,0.252781,122.563969,97.476134,200.0,2.051784,31,2.729827,1,-2,7,Manabí_e7
624,Manabí,2008-10-01,2008,4,0.567317,0.239981,0.139286,0.065557,0.129964,0.19801,89.22652,73.264715,200.0,2.729827,32,2.729827,1,-1,7,Manabí_e7
625,Manabí,2009-01-01,2009,1,0.264978680671273,0.100940891641662,0.0546494402515123,0.0543336555802835,0.107801583598567,0.160576986974866,133.655018487368,98.9948689055096,218.0,2.20213433696327,33,2.729827,1,0,7,Manabí_e7
626,Manabí,2009-04-01,2009,2,0.408969077507565,0.149215758112909,0.081183849406034,0.0619013657880247,0.123870788199002,0.186065365723072,123.506074836657,101.959019296976,218.0,2.13811393541391,34,2.729827,1,1,7,Manabí_e7
627,Manabí,2009-07-01,2009,3,0.475323016773922,0.195896579274128,0.108601901997904,0.0789845616912581,0.154815421098033,0.232663756988949,118.60416240903,88.7523443602876,218.0,2.45627314491024,35,2.729827,1,2,7,Manabí_e7
628,Manabí,2009-10-01,2009,4,0.525574236140425,0.240346320920777,0.145366049004547,0.0744777961151739,0.147171557417185,0.218697576401357,98.7879260273028,77.2865871421729,218.0,2.82067054661085,36,2.729827,1,3,7,Manabí_e7
629,Manabí,2010-01-01,2010,1,0.396660433906385,0.191493198230733,0.126047314086769,0.0801302867890267,0.166263311284227,0.272423288774277,127.277979032373,104.381974120157,240.0,2.29924756667017,37,2.729827,1,4,7,Manabí_e7
630,Pichincha,2008-01-01,2008,1,0.160227,0.053636,0.027544,0.069623,0.135925,0.201638,217.227409,163.709342,200.0,1.234018,29,1.250251,0,-4,7,Pichincha_e7
631,Pichincha,2008-04-01,2008,2,0.16851,0.059294,0.032001,0.062662,0.124106,0.189482,205.620369,163.839924,200.0,1.228729,30,1.250251,0,-3,7,Pichincha_e7
632,Pichincha,2008-07-01,2008,3,0.162095,0.058596,0.033767,0.066844,0.132454,0.202817,211.329488,162.969821,200.0,1.234235,31,1.250251,0,-2,7,Pichincha_e7
633,Pichincha,2008-10-01,2008,4,0.162572,0.053598,0.026991,0.059272,0.116772,0.174973,202.910366,160.844165,200.0,1.250251,32,1.250251,0,-1,7,Pichincha_e7
634,Pichincha,2009-01-01,2009,1,0.173601824736516,0.0619684888686597,0.0352013991277064,0.0569246863349435,0.112755534736125,0.170877329601065,177.965869067857,149.71027634895,218.0,1.45614586597835,33,1.250251,0,0,7,Pichincha_e7
635,Pichincha,2009-04-01,2009,2,0.141177432876692,0.0498406055086473,0.0247130520635966,0.0591667167572161,0.11440059237982,0.167350111215057,198.362223076245,161.214323669786,218.0,1.35223716502094,34,1.250251,0,1,7,Pichincha_e7
636,Pichincha,2009-07-01,2009,3,0.233883316527437,0.0917846179023522,0.0552428309456914,0.0950380995217135,0.185724426569138,0.285730835323455,218.883062342467,153.83998755781,218.0,1.41705679687526,35,1.250251,0,2,7,Pichincha_e7
637,Pichincha,2009-10-01,2009,4,0.273290668706034,0.10507972955654,0.0572439085679432,0.0868633291833396,0.165743111970158,0.238613188996623,180.522791015714,131.708372197282,218.0,1.65517192539184,36,1.250251,0,3,7,Pichincha_e7
638,Pichincha,2010-01-01,2010,1,0.199614080547329,0.0723099883644512,0.0361214196842222,0.0817674770575558,0.156571313877638,0.227422878009528,209.224251603306,151.230317923848,240.0,1.58698337274442,37,1.250251,0,4,7,Pichincha_e7
639,Sierra,2008-01-01,2008,1,0.308874,0.135643,0.082393,0.084924,0.169715,0.26394,169.235818,122.138723,200.0,1.646141,29,1.829002,0,-4,7,Sierra_e7
640,Sierra,2008-04-01,2008,2,0.331058,0.147743,0.089257,0.072315,0.144413,0.221677,141.863994,113.793933,200.0,1.884454,30,1.829002,0,-3,7,Sierra_e7
641,Sierra,2008-07-01,2008,3,0.318151,0.131052,0.07564,0.070581,0.141148,0.217664,146.157129,114.168749,200.0,1.752788,31,1.829002,0,-2,7,Sierra_e7
642,Sierra,2008-10-01,2008,4,0.359915,0.15834,0.095256,0.069598,0.140015,0.218349,137.60786,114.837084,200.0,1.829002,32,1.829002,0,-1,7,Sierra_e7
643,Sierra,2009-01-01,2009,1,0.336357279258749,0.13374454603845,0.0735095755708367,0.0649639503145523,0.129860064121008,0.199369337369511,135.487436871558,108.040883033035,218.0,2.01775470433117,33,1.829002,0,0,7,Sierra_e7
644,Sierra,2009-04-01,2009,2,0.30465516788867,0.105687604957061,0.0516504607887006,0.0599190138987371,0.117103501579683,0.17184102310672,141.661949168946,111.611577289805,218.0,1.95320239435335,34,1.829002,0,1,7,Sierra_e7
645,Sierra,2009-07-01,2009,3,0.321462327082819,0.133991269010609,0.0801291153088263,0.079887943399598,0.159680381622625,0.253298389601068,154.122984471193,120.503295008124,218.0,1.80907916240218,35,1.829002,0,2,7,Sierra_e7
646,Sierra,2009-10-01,2009,4,0.470628257773303,0.219186334082739,0.13548200688678,0.081349455263084,0.161287676014186,0.242646852212275,112.667956681673,84.1623731395568,218.0,2.59023114329863,36,1.829002,0,3,7,Sierra_e7
647,Sierra,2010-01-01,2010,1,0.300469565340804,0.104003572669525,0.0526635047805833,0.0597547877563324,0.119285061720817,0.182309665192222,146.72681059016,116.030398541625,240.0,2.06842347364602,37,1.829002,0,4,7,Sierra_e7
648,Amazonía,2009-01-01,2009,1,0.268259755276788,0.122452515823823,0.0779037561627971,0.0624747314761007,0.13052246866322,0.214061678208955,156.995718711083,140.268242182458,218.0,1.55416505267407,33,2.94141838155807,1,-4,8,Amazonía_e8
649,Amazonía,2009-04-01,2009,2,0.201474180181788,0.0589711734806268,0.0280952083747582,0.0510939331786336,0.101000535921511,0.149917122473268,167.826407406668,138.197015622117,218.0,1.57745808777879,34,2.94141838155807,1,-3,8,Amazonía_e8
650,Amazonía,2009-07-01,2009,3,0.304873690787726,0.161251618234583,0.104663493830612,0.0827744185548762,0.168370117275003,0.268242227292992,159.316029230981,127.711655282867,218.0,1.7069702801765,35,2.94141838155807,1,-2,8,Amazonía_e8
651,Amazonía,2009-10-01,2009,4,0.545435930089774,0.259370902159524,0.164373973253479,0.0923180665507939,0.183892511422537,0.286388951978827,103.949111168615,74.1139041514133,218.0,2.94141838155807,36,2.94141838155807,1,-1,8,Amazonía_e8
652,Amazonía,2010-01-01,2010,1,0.276301582303238,0.136974996260051,0.0925119990070523,0.0716374455082192,0.14954725957751,0.25270826709332,145.708283417422,119.557349440657,240.0,2.00740482390106,37,2.94141838155807,1,0,8,Amazonía_e8
653,Amazonía,2010-04-01,2010,2,0.567287159422265,0.277170889842442,0.18123357111255,0.10887571284246,0.213991753947158,0.321557055638436,107.306247198604,71.6816522055937,240.0,3.3481371120136,38,2.94141838155807,1,1,8,Amazonía_e8
654,Amazonía,2010-07-01,2010,3,0.309359920639319,0.12791387537715,0.0782970541184999,0.0810011794924753,0.162824252563479,0.250799090860912,177.160089559435,134.673150909824,240.0,1.78209240950115,39,2.94141838155807,1,2,8,Amazonía_e8
655,Amazonía,2010-10-01,2010,4,0.50105844806459,0.204456855045309,0.114175743931416,0.0751444441224313,0.14720362365185,0.216394485688178,116.183505432931,80.1242534190578,240.0,2.99534772255257,40,2.94141838155807,1,3,8,Amazonía_e8
656,Amazonía,2011-01-01,2011,1,0.267486846612559,0.0980222534273698,0.0567771195053166,0.0616295456723416,0.123759219938149,0.18661799867944,160.697807511503,146.857954605673,264.0,1.79765543316237,41,2.94141838155807,1,4,8,Amazonía_e8
657,Azuay,2009-01-01,2009,1,0.245126706698952,0.0721838961832041,0.0344551738039407,0.0592191878599148,0.117833498145401,0.178927073951732,174.978221314255,142.714368424135,218.0,1.52752664225177,33,1.87801490189454,0,-4,8,Azuay_e8
658,Azuay,2009-04-01,2009,2,0.189921561764385,0.0622789062353483,0.0307247320911481,0.0660489673761439,0.127860841796001,0.185968297811477,180.785219546504,133.392941264574,218.0,1.63426938437181,34,1.87801490189454,0,-3,8,Azuay_e8
659,Azuay,2009-07-01,2009,3,0.236154450331588,0.0913732993107673,0.0589813824349458,0.0806619114204186,0.161958515924661,0.255138073219435,202.169419253608,143.023692185548,218.0,1.52422299179064,35,1.87801490189454,0,-2,8,Azuay_e8
660,Azuay,2009-10-01,2009,4,0.338241627041538,0.136780757728921,0.078151861046758,0.0630562748031855,0.127143211837976,0.197143384851808,137.626415120626,116.080016074463,218.0,1.87801490189454,36,1.87801490189454,0,-1,8,Azuay_e8
661,Azuay,2010-01-01,2010,1,0.175018763851374,0.0559385583926529,0.0246658270958225,0.0510972828362165,0.099981660023774,0.146943350054164,172.428921285585,148.302699873106,240.0,1.61831173812313,37,1.87801490189454,0,0,8,Azuay_e8
662,Azuay,2010-04-01,2010,2,0.301636696804853,0.132832745988253,0.0771557646943216,0.0655774822111277,0.132176023897094,0.201690348876971,147.267566706959,122.698350601442,240.0,1.95601651386159,38,1.87801490189454,0,1,8,Azuay_e8
663,Azuay,2010-07-01,2010,3,0.167421644622677,0.0624742514050262,0.0325474014298777,0.0669979193994358,0.133439543771532,0.20617992894079,209.069587027545,152.39084377465,240.0,1.57489776980895,39,1.87801490189454,0,2,8,Azuay_e8
664,Azuay,2010-10-01,2010,4,0.28270008678863,0.114489727436685,0.0619270520876704,0.0578565897203012,0.116682402386478,0.177567242469007,153.896605478784,137.342192594902,240.0,1.74746008830581,40,1.87801490189454,0,3,8,Azuay_e8
665,Azuay,2011-01-01,2011,1,0.136773534858757,0.0593686391734213,0.0320945204562784,0.0469981252608724,0.0945793384453829,0.142909397290974,181.636696932652,147.328047832925,264.0,1.79191948772297,41,1.87801490189454,0,4,8,Azuay_e8
666,"Costa, Santo Domingo",2009-01-01,2009,1,0.538198682787336,0.243020142162931,0.154305827090592,0.0708954389875278,0.13973681339169,0.20676668092461,89.4639765494496,70.7646888813468,218.0,3.08063249406109,33,2.96043666980501,1,-4,8,"Costa, Santo Domingo_e8"
667,"Costa, Santo Domingo",2009-04-01,2009,2,0.504116264507614,0.211636486057692,0.129442684112711,0.0758159483400908,0.150759090749954,0.22608733463019,104.198150615638,75.3933071592855,218.0,2.89150334709984,34,2.96043666980501,1,-3,8,"Costa, Santo Domingo_e8"
668,"Costa, Santo Domingo",2009-07-01,2009,3,0.453978286800291,0.174478512643507,0.092675873895198,0.0754697282789479,0.146972205095489,0.221033592543416,124.383896359681,97.5438817375395,218.0,2.23489158024868,35,2.96043666980501,1,-2,8,"Costa, Santo Domingo_e8"
669,"Costa, Santo Domingo",2009-10-01,2009,4,0.53681017673682,0.258247029935562,0.160925170744311,0.0790904600432125,0.157603039370986,0.242375675111992,94.1429058367828,73.6377853387279,218.0,2.96043666980501,36,2.96043666980501,1,-1,8,"Costa, Santo Domingo_e8"
670,"Costa, Santo Domingo",2010-01-01,2010,1,0.388008155332385,0.138133229749716,0.0821529246092635,0.0719061877496999,0.142872060725627,0.212737368609409,136.338989234553,96.5104071913908,240.0,2.48677844166644,37,2.96043666980501,1,0,8,"Costa, Santo Domingo_e8"
671,"Costa, Santo Domingo",2010-04-01,2010,2,0.516821930892466,0.231059570438376,0.13761291699066,0.0806424976290161,0.15956395059729,0.242624806488,104.037991177457,76.1075139748309,240.0,3.15343370799589,38,2.96043666980501,1,1,8,"Costa, Santo Domingo_e8"
672,"Costa, Santo Domingo",2010-07-01,2010,3,0.431406734655371,0.188624163514035,0.106215604441107,0.0885012377184923,0.172605752676107,0.25197102528509,144.555311403174,110.422098134445,240.0,2.17347799086181,39,2.96043666980501,1,2,8,"Costa, Santo Domingo_e8"
673,"Costa, Santo Domingo",2010-10-01,2010,4,0.518555846742241,0.211673499106843,0.11663438421838,0.0725364603358438,0.141704917526593,0.208411994771978,106.696033601609,77.378192801612,240.0,3.10164907334202,40,2.96043666980501,1,3,8,"Costa, Santo Domingo_e8"
674,"Costa, Santo Domingo",2011-01-01,2011,1,0.459553118928063,0.188289408512088,0.0918941833877662,0.0760941870607411,0.14965362682639,0.219303940098049,130.439660438451,92.0591919688966,264.0,2.86772015215163,41,2.96043666980501,1,4,8,"Costa, Santo Domingo_e8"
675,El Oro,2009-01-01,2009,1,0.343477077404261,0.109339678265444,0.0597139299490663,0.0513371756304322,0.105179515855579,0.174705042682085,121.859462426451,105.540840988302,218.0,2.06555109812099,33,2.02386694357664,0,-4,8,El Oro_e8
676,El Oro,2009-04-01,2009,2,0.312067742981453,0.103186520839572,0.0551491833727391,0.0557642689824149,0.110027886654875,0.165253895046409,134.687280868278,105.863441462318,218.0,2.05925668945495,34,2.02386694357664,0,-3,8,El Oro_e8
677,El Oro,2009-07-01,2009,3,0.329010718350684,0.114958627422157,0.0583111909577952,0.0792173238651802,0.152822272458157,0.222400135911177,163.599228767731,113.987034597531,218.0,1.91249821323733,35,2.02386694357664,0,-2,8,El Oro_e8
678,El Oro,2009-10-01,2009,4,0.354157269477988,0.123796814444209,0.0612026413886401,0.0589019950099505,0.114844232000646,0.172487603139498,127.385110591892,107.714590967499,218.0,2.02386694357664,36,2.02386694357664,0,-1,8,El Oro_e8
679,El Oro,2010-01-01,2010,1,0.321444877801254,0.111715421675609,0.0633580876957925,0.0475081699040455,0.0950497345504939,0.144808796988257,115.242195934153,97.1973701396693,240.0,2.46920260965012,37,2.02386694357664,0,0,8,El Oro_e8
680,El Oro,2010-04-01,2010,2,0.323850789707814,0.109295258572019,0.0548778545484845,0.0539532731436668,0.106531701795357,0.158637069287279,131.918384116809,113.057010949544,240.0,2.12282279519233,38,2.02386694357664,0,1,8,El Oro_e8
681,El Oro,2010-07-01,2010,3,0.316244353135638,0.112970536282378,0.056643128150986,0.079657080756991,0.154412368850089,0.228019415290452,167.607775776768,123.711479409464,240.0,1.93999781706304,39,2.02386694357664,0,2,8,El Oro_e8
682,El Oro,2010-10-01,2010,4,0.237199098178281,0.0813034792843805,0.0398767684771343,0.0480470408266508,0.0950972777637039,0.143468586464054,144.690677284087,124.601944394439,240.0,1.92613366642384,40,2.02386694357664,0,3,8,El Oro_e8
683,El Oro,2011-01-01,2011,1,0.322176612959805,0.102178593174118,0.0505126440928911,0.0545517612986794,0.106288515247019,0.155564643911174,130.36636970412,107.732862080743,264.0,2.4505057686311,41,2.02386694357664,0,4,8,El Oro_e8
684,Guayas,2009-01-01,2009,1,0.368111816908137,0.137049013463422,0.0742145126938781,0.0675346193571169,0.131641846161566,0.19358938568803,125.263866334966,95.9774907216731,218.0,2.27136590424292,33,2.04379757193292,0,-4,8,Guayas_e8
685,Guayas,2009-04-01,2009,2,0.319820560332407,0.106574983440688,0.0551954354277777,0.0611563442868526,0.120078492124137,0.1802586136608,135.251200667801,102.446823778104,218.0,2.12793322389555,34,2.04379757193292,0,-3,8,Guayas_e8
686,Guayas,2009-07-01,2009,3,0.371536345193418,0.153531990909555,0.0883431215000333,0.0871488665805771,0.166644105908345,0.2448821757463,138.168543764917,102.488921877369,218.0,2.12705915924107,35,2.04379757193292,0,-2,8,Guayas_e8
687,Guayas,2009-10-01,2009,4,0.338645945480143,0.1280735640762,0.0698739043321534,0.0626523458895179,0.122740826601507,0.183099374948263,130.277961299221,106.664183867205,218.0,2.04379757193292,36,2.04379757193292,0,-1,8,Guayas_e8
688,Guayas,2010-01-01,2010,1,0.369971693084448,0.124387980574276,0.0622318016692807,0.0542448835304245,0.105047948824524,0.153500261953535,116.860627538401,96.4585188077375,240.0,2.48811616606276,37,2.04379757193292,0,0,8,Guayas_e8
689,Guayas,2010-04-01,2010,2,0.330151324572833,0.115454165863523,0.0614997463094721,0.0713692433111081,0.136908746435345,0.198969331593021,137.820078423586,103.156379331328,240.0,2.32656478984342,38,2.04379757193292,0,1,8,Guayas_e8
690,Guayas,2010-07-01,2010,3,0.334663203428895,0.129315511377675,0.0707390420697121,0.0751394211387281,0.145547211570945,0.216381383741447,143.929028854517,109.436000980044,240.0,2.1930625922978,39,2.04379757193292,0,2,8,Guayas_e8
691,Guayas,2010-10-01,2010,4,0.328814313400731,0.115785039831306,0.0610045990990251,0.0608479545653837,0.118427644703949,0.175417706511595,134.59670314765,110.605090353834,240.0,2.16988204821515,40,2.04379757193292,0,3,8,Guayas_e8
692,Guayas,2011-01-01,2011,1,0.339426786119319,0.122399029193181,0.0629017222169219,0.0539744332947217,0.106378432648853,0.160338241339628,121.338491565737,102.51612637013,264.0,2.57520459802431,41,2.04379757193292,0,4,8,Guayas_e8
693,Los Ríos,2009-01-01,2009,1,0.293257792171155,0.102184591053435,0.0521094358709279,0.0437490126205407,0.0857040645874954,0.126258659258738,113.612027138282,95.3290990732105,218.0,2.2868148563177,33,2.64949440606453,1,-4,8,Los Ríos_e8
694,Los Ríos,2009-04-01,2009,2,0.27801746413812,0.0820034321875111,0.0339546782318506,0.0349759303552939,0.0691911753669068,0.102583530641225,115.891762338185,90.9176018954341,218.0,2.39777551821842,34,2.64949440606453,1,-3,8,Los Ríos_e8
695,Los Ríos,2009-07-01,2009,3,0.462025647625566,0.188641613094908,0.104670056309015,0.0759794634135624,0.149946277361755,0.226471712728505,118.738033822552,86.2658035407517,218.0,2.52707319763175,35,2.64949440606453,1,-2,8,Los Ríos_e8
696,Los Ríos,2009-10-01,2009,4,0.48172107075758,0.188396136853898,0.0942335017601119,0.0475532608138698,0.0938995714148374,0.140326835878476,95.1336127857181,82.2798491293327,218.0,2.64949440606453,36,2.64949440606453,1,-1,8,Los Ríos_e8
697,Los Ríos,2010-01-01,2010,1,0.246478091088751,0.0781447926279123,0.0431983821819687,0.0440428893312578,0.0880721084034373,0.132512677598759,132.793980046995,116.840781523106,240.0,2.05407732532616,37,2.64949440606453,1,0,8,Los Ríos_e8
698,Los Ríos,2010-04-01,2010,2,0.396094356570623,0.146232206009436,0.0772779518810239,0.0531125221214571,0.104755850040938,0.15531167383718,111.36254890723,96.2916011150626,240.0,2.49242921730229,38,2.64949440606453,1,1,8,Los Ríos_e8
699,Los Ríos,2010-07-01,2010,3,0.336517475653943,0.135137194698971,0.0720602173234728,0.0655742953862641,0.129742893707813,0.19905270804107,129.655402236032,97.8152017077454,240.0,2.45360634962526,39,2.64949440606453,1,2,8,Los Ríos_e8
700,Los Ríos,2010-10-01,2010,4,0.402693233520824,0.156561446813145,0.0861151238217252,0.055622277188822,0.109960239865606,0.164974944176352,110.097853873453,92.8154604367842,240.0,2.58577610745639,40,2.64949440606453,1,3,8,Los Ríos_e8
701,Los Ríos,2011-01-01,2011,1,0.309095282043006,0.109059077531276,0.0504607697954432,0.0513526241858512,0.100961727277481,0.148762286595345,127.390912728767,106.205823471959,264.0,2.48573940081263,41,2.64949440606453,1,4,8,Los Ríos_e8
702,Manabí,2009-01-01,2009,1,0.264978680671273,0.100940891641662,0.0546494402515123,0.0543336555802835,0.107801583598567,0.160576986974866,133.655018487368,98.9948689055096,218.0,2.20213433696327,33,2.82067054661085,1,-4,8,Manabí_e8
703,Manabí,2009-04-01,2009,2,0.408969077507565,0.149215758112909,0.081183849406034,0.0619013657880247,0.123870788199002,0.186065365723072,123.506074836657,101.959019296976,218.0,2.13811393541391,34,2.82067054661085,1,-3,8,Manabí_e8
704,Manabí,2009-07-01,2009,3,0.475323016773922,0.195896579274128,0.108601901997904,0.0789845616912581,0.154815421098033,0.232663756988949,118.60416240903,88.7523443602876,218.0,2.45627314491024,35,2.82067054661085,1,-2,8,Manabí_e8
705,Manabí,2009-10-01,2009,4,0.525574236140425,0.240346320920777,0.145366049004547,0.0744777961151739,0.147171557417185,0.218697576401357,98.7879260273028,77.2865871421729,218.0,2.82067054661085,36,2.82067054661085,1,-1,8,Manabí_e8
706,Manabí,2010-01-01,2010,1,0.396660433906385,0.191493198230733,0.126047314086769,0.0801302867890267,0.166263311284227,0.272423288774277,127.277979032373,104.381974120157,240.0,2.29924756667017,37,2.82067054661085,1,0,8,Manabí_e8
707,Manabí,2010-04-01,2010,2,0.609768939269638,0.269726564799745,0.156949781333301,0.0813661454280256,0.156874465927041,0.229287730952914,90.6642658050883,67.206966915003,240.0,3.5710583443459,38,2.82067054661085,1,1,8,Manabí_e8
708,Manabí,2010-07-01,2010,3,0.384607721509303,0.150232701494443,0.0816185124017192,0.0835032289669219,0.160194762914505,0.236749035815964,137.56321684955,93.3578210798378,240.0,2.57075408598875,39,2.82067054661085,1,2,8,Manabí_e8
709,Manabí,2010-10-01,2010,4,0.554095820452429,0.23329568240129,0.129473903356492,0.0712495771430435,0.139523654061673,0.210045776787648,95.3738374944342,69.8309110089416,240.0,3.43687339220405,40,2.82067054661085,1,3,8,Manabí_e8
710,Manabí,2011-01-01,2011,1,0.337522732373435,0.164471069408182,0.0961115657076411,0.0614425203304334,0.123935443423511,0.187112197316554,126.453472090082,114.550952107029,264.0,2.30465129397908,41,2.82067054661085,1,4,8,Manabí_e8
711,Pichincha,2009-01-01,2009,1,0.173601824736516,0.0619684888686597,0.0352013991277064,0.0569246863349435,0.112755534736125,0.170877329601065,177.965869067857,149.71027634895,218.0,1.45614586597835,33,1.65517192539184,0,-4,8,Pichincha_e8
712,Pichincha,2009-04-01,2009,2,0.141177432876692,0.0498406055086473,0.0247130520635966,0.0591667167572161,0.11440059237982,0.167350111215057,198.362223076245,161.214323669786,218.0,1.35223716502094,34,1.65517192539184,0,-3,8,Pichincha_e8
713,Pichincha,2009-07-01,2009,3,0.233883316527437,0.0917846179023522,0.0552428309456914,0.0950380995217135,0.185724426569138,0.285730835323455,218.883062342467,153.83998755781,218.0,1.41705679687526,35,1.65517192539184,0,-2,8,Pichincha_e8
714,Pichincha,2009-10-01,2009,4,0.273290668706034,0.10507972955654,0.0572439085679432,0.0868633291833396,0.165743111970158,0.238613188996623,180.522791015714,131.708372197282,218.0,1.65517192539184,36,1.65517192539184,0,-1,8,Pichincha_e8
715,Pichincha,2010-01-01,2010,1,0.199614080547329,0.0723099883644512,0.0361214196842222,0.0817674770575558,0.156571313877638,0.227422878009528,209.224251603306,151.230317923848,240.0,1.58698337274442,37,1.65517192539184,0,0,8,Pichincha_e8
716,Pichincha,2010-04-01,2010,2,0.192279522381349,0.0734156483837209,0.0397846836918625,0.0817995160895615,0.157477205629648,0.230620931710802,213.169727903784,154.372928838052,240.0,1.55467672866256,38,1.65517192539184,0,1,8,Pichincha_e8
717,Pichincha,2010-07-01,2010,3,0.171055868827743,0.0605132807214101,0.0316095247279306,0.0857450049938551,0.163100793255535,0.236835597361056,220.526384636218,154.374555641663,240.0,1.55466034543343,39,1.65517192539184,0,2,8,Pichincha_e8
718,Pichincha,2010-10-01,2010,4,0.202053174737992,0.0822889465253183,0.0463480201653181,0.0772197440540892,0.151967787494412,0.23031925232992,205.624833236447,150.829251392732,240.0,1.59120328307593,40,1.65517192539184,0,3,8,Pichincha_e8
719,Pichincha,2011-01-01,2011,1,0.121304078665432,0.0528544606667507,0.0304303382528358,0.0809467887675394,0.156456714432124,0.232659376647914,236.209102158912,164.451689977301,264.0,1.60533467327967,41,1.65517192539184,0,4,8,Pichincha_e8
720,Sierra,2009-01-01,2009,1,0.336357279258749,0.13374454603845,0.0735095755708367,0.0649639503145523,0.129860064121008,0.199369337369511,135.487436871558,108.040883033035,218.0,2.01775470433117,33,2.59023114329863,0,-4,8,Sierra_e8
721,Sierra,2009-04-01,2009,2,0.30465516788867,0.105687604957061,0.0516504607887006,0.0599190138987371,0.117103501579683,0.17184102310672,141.661949168946,111.611577289805,218.0,1.95320239435335,34,2.59023114329863,0,-3,8,Sierra_e8
722,Sierra,2009-07-01,2009,3,0.321462327082819,0.133991269010609,0.0801291153088263,0.079887943399598,0.159680381622625,0.253298389601068,154.122984471193,120.503295008124,218.0,1.80907916240218,35,2.59023114329863,0,-2,8,Sierra_e8
723,Sierra,2009-10-01,2009,4,0.470628257773303,0.219186334082739,0.13548200688678,0.081349455263084,0.161287676014186,0.242646852212275,112.667956681673,84.1623731395568,218.0,2.59023114329863,36,2.59023114329863,0,-1,8,Sierra_e8
724,Sierra,2010-01-01,2010,1,0.300469565340804,0.104003572669525,0.0526635047805833,0.0597547877563324,0.119285061720817,0.182309665192222,146.72681059016,116.030398541625,240.0,2.06842347364602,37,2.59023114329863,0,0,8,Sierra_e8
725,Sierra,2010-04-01,2010,2,0.45891172838291,0.224530988533045,0.144683618969546,0.0890566085447728,0.178273777353429,0.275436010037861,116.597889062309,87.5395752436903,240.0,2.74161714095476,38,2.59023114329863,0,1,8,Sierra_e8
726,Sierra,2010-07-01,2010,3,0.302795397196058,0.134131705774905,0.0856589837760862,0.0861729577970679,0.173955508866901,0.282609969096518,160.989955100765,117.119314335997,240.0,2.04919232460223,39,2.59023114329863,0,2,8,Sierra_e8
727,Sierra,2010-10-01,2010,4,0.422126563239997,0.198131413949531,0.12398520489344,0.0790281350437785,0.157561802444402,0.240908702295137,118.494312521422,94.2423318967367,240.0,2.54662628958474,40,2.59023114329863,0,3,8,Sierra_e8
728,Sierra,2011-01-01,2011,1,0.29700418747237,0.12074539371743,0.071327487797017,0.0620248527742191,0.128402319495458,0.212243443613167,145.272683095696,121.801267828943,264.0,2.16746512335784,41,2.59023114329863,0,4,8,Sierra_e8
729,Amazonía,2010-01-01,2010,1,0.276301582303238,0.136974996260051,0.0925119990070523,0.0716374455082192,0.14954725957751,0.25270826709332,145.708283417422,119.557349440657,240.0,2.00740482390106,37,2.99534772255257,1,-4,9,Amazonía_e9
730,Amazonía,2010-04-01,2010,2,0.567287159422265,0.277170889842442,0.18123357111255,0.10887571284246,0.213991753947158,0.321557055638436,107.306247198604,71.6816522055937,240.0,3.3481371120136,38,2.99534772255257,1,-3,9,Amazonía_e9
731,Amazonía,2010-07-01,2010,3,0.309359920639319,0.12791387537715,0.0782970541184999,0.0810011794924753,0.162824252563479,0.250799090860912,177.160089559435,134.673150909824,240.0,1.78209240950115,39,2.99534772255257,1,-2,9,Amazonía_e9
732,Amazonía,2010-10-01,2010,4,0.50105844806459,0.204456855045309,0.114175743931416,0.0751444441224313,0.14720362365185,0.216394485688178,116.183505432931,80.1242534190578,240.0,2.99534772255257,40,2.99534772255257,1,-1,9,Amazonía_e9
733,Amazonía,2011-01-01,2011,1,0.267486846612559,0.0980222534273698,0.0567771195053166,0.0616295456723416,0.123759219938149,0.18661799867944,160.697807511503,146.857954605673,264.0,1.79765543316237,41,2.99534772255257,1,0,9,Amazonía_e9
734,Amazonía,2011-04-01,2011,2,0.445131165216311,0.214255635344823,0.129913008824044,0.0898017902436398,0.181089435710552,0.285757068783672,125.835836322136,87.0150353190004,264.0,3.03395843065703,42,2.99534772255257,1,1,9,Amazonía_e9
735,Amazonía,2011-07-01,2011,3,0.424592113101945,0.15352096198398,0.074965987416113,0.0826125854909005,0.161470839409581,0.241048711860211,148.609047299013,105.149694156209,264.0,2.51070630417437,43,2.99534772255257,1,2,9,Amazonía_e9
736,Amazonía,2011-10-01,2011,4,0.368632335111251,0.197162615605332,0.134585556287075,0.0890677272558719,0.180914950494541,0.287119111401962,132.767167238208,102.940199774709,264.0,2.5645957612068,44,2.99534772255257,1,3,9,Amazonía_e9
737,Amazonía,2012-01-01,2012,1,0.22176671959808,0.0887451751696053,0.0545432115929937,0.067068208883418,0.137520792605252,0.220164789311235,189.492009207097,144.474929847235,292.0,2.02111190023594,45,2.99534772255257,1,4,9,Amazonía_e9
738,Azuay,2010-01-01,2010,1,0.175018763851374,0.0559385583926529,0.0246658270958225,0.0510972828362165,0.099981660023774,0.146943350054164,172.428921285585,148.302699873106,240.0,1.61831173812313,37,1.74746008830581,0,-4,9,Azuay_e9
739,Azuay,2010-04-01,2010,2,0.301636696804853,0.132832745988253,0.0771557646943216,0.0655774822111277,0.132176023897094,0.201690348876971,147.267566706959,122.698350601442,240.0,1.95601651386159,38,1.74746008830581,0,-3,9,Azuay_e9
740,Azuay,2010-07-01,2010,3,0.167421644622677,0.0624742514050262,0.0325474014298777,0.0669979193994358,0.133439543771532,0.20617992894079,209.069587027545,152.39084377465,240.0,1.57489776980895,39,1.74746008830581,0,-2,9,Azuay_e9
741,Azuay,2010-10-01,2010,4,0.28270008678863,0.114489727436685,0.0619270520876704,0.0578565897203012,0.116682402386478,0.177567242469007,153.896605478784,137.342192594902,240.0,1.74746008830581,40,1.74746008830581,0,-1,9,Azuay_e9
742,Azuay,2011-01-01,2011,1,0.136773534858757,0.0593686391734213,0.0320945204562784,0.0469981252608724,0.0945793384453829,0.142909397290974,181.636696932652,147.328047832925,264.0,1.79191948772297,41,1.74746008830581,0,0,9,Azuay_e9
743,Azuay,2011-04-01,2011,2,0.301837431153181,0.151380280121904,0.0987989471749061,0.0722719809678112,0.147797958193577,0.22836243203478,145.371335215149,117.958120598182,264.0,2.23808245385073,42,1.74746008830581,0,1,9,Azuay_e9
744,Azuay,2011-07-01,2011,3,0.127353903517721,0.0546979613446021,0.0308238927055184,0.0558550181751031,0.111818260684689,0.171961349986196,208.4060916436,173.932518907707,264.0,1.5178300277482,43,1.74746008830581,0,2,9,Azuay_e9
745,Azuay,2011-10-01,2011,4,0.334603054913666,0.147704771291744,0.0934614725315525,0.0805198826874003,0.162495796519568,0.250930662625498,157.822749874593,123.398107071803,264.0,2.13941693486744,44,1.74746008830581,0,3,9,Azuay_e9
746,Azuay,2012-01-01,2012,1,0.163403288321005,0.0725319738539908,0.0439825751476296,0.0542948528551972,0.111782224768873,0.179836940525992,206.110261549774,189.333084745218,292.0,1.54225554605492,45,1.74746008830581,0,4,9,Azuay_e9
747,"Costa, Santo Domingo",2010-01-01,2010,1,0.388008155332385,0.138133229749716,0.0821529246092635,0.0719061877496999,0.142872060725627,0.212737368609409,136.338989234553,96.5104071913908,240.0,2.48677844166644,37,3.10164907334202,1,-4,9,"Costa, Santo Domingo_e9"
748,"Costa, Santo Domingo",2010-04-01,2010,2,0.516821930892466,0.231059570438376,0.13761291699066,0.0806424976290161,0.15956395059729,0.242624806488,104.037991177457,76.1075139748309,240.0,3.15343370799589,38,3.10164907334202,1,-3,9,"Costa, Santo Domingo_e9"
749,"Costa, Santo Domingo",2010-07-01,2010,3,0.431406734655371,0.188624163514035,0.106215604441107,0.0885012377184923,0.172605752676107,0.25197102528509,144.555311403174,110.422098134445,240.0,2.17347799086181,39,3.10164907334202,1,-2,9,"Costa, Santo Domingo_e9"
750,"Costa, Santo Domingo",2010-10-01,2010,4,0.518555846742241,0.211673499106843,0.11663438421838,0.0725364603358438,0.141704917526593,0.208411994771978,106.696033601609,77.378192801612,240.0,3.10164907334202,40,3.10164907334202,1,-1,9,"Costa, Santo Domingo_e9"
751,"Costa, Santo Domingo",2011-01-01,2011,1,0.459553118928063,0.188289408512088,0.0918941833877662,0.0760941870607411,0.14965362682639,0.219303940098049,130.439660438451,92.0591919688966,264.0,2.86772015215163,41,3.10164907334202,1,0,9,"Costa, Santo Domingo_e9"
752,"Costa, Santo Domingo",2011-04-01,2011,2,0.429306896968661,0.180048826912189,0.0996530207985016,0.0717567894126423,0.141703893032535,0.212255025834402,117.954095012729,87.4198517440626,264.0,3.0199090336244,42,3.10164907334202,1,1,9,"Costa, Santo Domingo_e9"
753,"Costa, Santo Domingo",2011-07-01,2011,3,0.372927492468676,0.146621886318887,0.0709559475760709,0.0860132896429496,0.162901811500676,0.231827024091573,152.777429163041,121.729267726875,264.0,2.16874712983847,43,3.10164907334202,1,2,9,"Costa, Santo Domingo_e9"
754,"Costa, Santo Domingo",2011-10-01,2011,4,0.416667144580907,0.191978268720684,0.111661010266962,0.0837765647981569,0.165391797299503,0.253196416415502,129.88410942281,100.480685112702,264.0,2.62737062057141,44,3.10164907334202,1,3,9,"Costa, Santo Domingo_e9"
755,"Costa, Santo Domingo",2012-01-01,2012,1,0.479240094501897,0.270706489403485,0.190175610775738,0.101919657563799,0.217231511113882,0.376581791774148,119.700622976293,103.815474893232,292.0,2.81268279416249,45,3.10164907334202,1,4,9,"Costa, Santo Domingo_e9"
756,El Oro,2010-01-01,2010,1,0.321444877801254,0.111715421675609,0.0633580876957925,0.0475081699040455,0.0950497345504939,0.144808796988257,115.242195934153,97.1973701396693,240.0,2.46920260965012,37,1.92613366642384,0,-4,9,El Oro_e9
757,El Oro,2010-04-01,2010,2,0.323850789707814,0.109295258572019,0.0548778545484845,0.0539532731436668,0.106531701795357,0.158637069287279,131.918384116809,113.057010949544,240.0,2.12282279519233,38,1.92613366642384,0,-3,9,El Oro_e9
758,El Oro,2010-07-01,2010,3,0.316244353135638,0.112970536282378,0.056643128150986,0.079657080756991,0.154412368850089,0.228019415290452,167.607775776768,123.711479409464,240.0,1.93999781706304,39,1.92613366642384,0,-2,9,El Oro_e9
759,El Oro,2010-10-01,2010,4,0.237199098178281,0.0813034792843805,0.0398767684771343,0.0480470408266508,0.0950972777637039,0.143468586464054,144.690677284087,124.601944394439,240.0,1.92613366642384,40,1.92613366642384,0,-1,9,El Oro_e9
760,El Oro,2011-01-01,2011,1,0.322176612959805,0.102178593174118,0.0505126440928911,0.0545517612986794,0.106288515247019,0.155564643911174,130.36636970412,107.732862080743,264.0,2.4505057686311,41,1.92613366642384,0,0,9,El Oro_e9
761,El Oro,2011-04-01,2011,2,0.30973984230582,0.120875704868538,0.0605948538642582,0.05869328546995,0.11584508767293,0.172627204398088,138.348258013842,111.907525273523,264.0,2.35909068094155,42,1.92613366642384,0,1,9,El Oro_e9
762,El Oro,2011-07-01,2011,3,0.210722873002856,0.0709883072417994,0.0357238062557439,0.0565482783123984,0.110304254113279,0.164629139263319,162.313148924804,141.937829862427,264.0,1.85996925735641,43,1.92613366642384,0,2,9,El Oro_e9
763,El Oro,2011-10-01,2011,4,0.209299721552266,0.0741027623785177,0.0356717357032605,0.0502505254463689,0.0995534504385032,0.148301118147166,157.379747572393,126.593433189811,264.0,2.08541622853506,44,1.92613366642384,0,3,9,El Oro_e9
764,El Oro,2012-01-01,2012,1,0.211410290861033,0.063958107581935,0.0274321493223452,0.0509622779420876,0.0994336031018073,0.145585411095634,159.029489495085,136.631085901238,292.0,2.13714176443762,45,1.92613366642384,0,4,9,El Oro_e9
765,Guayas,2010-01-01,2010,1,0.369971693084448,0.124387980574276,0.0622318016692807,0.0542448835304245,0.105047948824524,0.153500261953535,116.860627538401,96.4585188077375,240.0,2.48811616606276,37,2.16988204821515,0,-4,9,Guayas_e9
766,Guayas,2010-04-01,2010,2,0.330151324572833,0.115454165863523,0.0614997463094721,0.0713692433111081,0.136908746435345,0.198969331593021,137.820078423586,103.156379331328,240.0,2.32656478984342,38,2.16988204821515,0,-3,9,Guayas_e9
767,Guayas,2010-07-01,2010,3,0.334663203428895,0.129315511377675,0.0707390420697121,0.0751394211387281,0.145547211570945,0.216381383741447,143.929028854517,109.436000980044,240.0,2.1930625922978,39,2.16988204821515,0,-2,9,Guayas_e9
768,Guayas,2010-10-01,2010,4,0.328814313400731,0.115785039831306,0.0610045990990251,0.0608479545653837,0.118427644703949,0.175417706511595,134.59670314765,110.605090353834,240.0,2.16988204821515,40,2.16988204821515,0,-1,9,Guayas_e9
769,Guayas,2011-01-01,2011,1,0.339426786119319,0.122399029193181,0.0629017222169219,0.0539744332947217,0.106378432648853,0.160338241339628,121.338491565737,102.51612637013,264.0,2.57520459802431,41,2.16988204821515,0,0,9,Guayas_e9
770,Guayas,2011-04-01,2011,2,0.253014768219553,0.0970620974549614,0.0531457236949562,0.0519553250991809,0.102334934680445,0.153729439537512,133.150839650521,114.701140572371,264.0,2.30163360784916,42,2.16988204821515,0,1,9,Guayas_e9
771,Guayas,2011-07-01,2011,3,0.301825061605266,0.0907890347581934,0.040768052233717,0.0599825973241696,0.116937564631125,0.173273785228463,153.841232415176,128.055766793337,264.0,2.06160180529829,43,2.16988204821515,0,2,9,Guayas_e9
772,Guayas,2011-10-01,2011,4,0.268825376568755,0.0895324154812495,0.0446466080819309,0.0605258273529757,0.118457487982827,0.174837232613029,153.440866817604,117.040861098186,264.0,2.25562250245689,44,2.16988204821515,0,3,9,Guayas_e9
773,Guayas,2012-01-01,2012,1,0.270423397087709,0.0927957101398423,0.0454932503403595,0.0579902168689485,0.113320311947244,0.167170432410172,148.090984445081,114.300924085829,292.0,2.55466001115386,45,2.16988204821515,0,4,9,Guayas_e9
774,Los Ríos,2010-01-01,2010,1,0.246478091088751,0.0781447926279123,0.0431983821819687,0.0440428893312578,0.0880721084034373,0.132512677598759,132.793980046995,116.840781523106,240.0,2.05407732532616,37,2.58577610745639,1,-4,9,Los Ríos_e9
775,Los Ríos,2010-04-01,2010,2,0.396094356570623,0.146232206009436,0.0772779518810239,0.0531125221214571,0.104755850040938,0.15531167383718,111.36254890723,96.2916011150626,240.0,2.49242921730229,38,2.58577610745639,1,-3,9,Los Ríos_e9
776,Los Ríos,2010-07-01,2010,3,0.336517475653943,0.135137194698971,0.0720602173234728,0.0655742953862641,0.129742893707813,0.19905270804107,129.655402236032,97.8152017077454,240.0,2.45360634962526,39,2.58577610745639,1,-2,9,Los Ríos_e9
777,Los Ríos,2010-10-01,2010,4,0.402693233520824,0.156561446813145,0.0861151238217252,0.055622277188822,0.109960239865606,0.164974944176352,110.097853873453,92.8154604367842,240.0,2.58577610745639,40,2.58577610745639,1,-1,9,Los Ríos_e9
778,Los Ríos,2011-01-01,2011,1,0.309095282043006,0.109059077531276,0.0504607697954432,0.0513526241858512,0.100961727277481,0.148762286595345,127.390912728767,106.205823471959,264.0,2.48573940081263,41,2.58577610745639,1,0,9,Los Ríos_e9
779,Los Ríos,2011-04-01,2011,2,0.412354771858844,0.148270550436647,0.0733833038186927,0.0533182825277765,0.105082636075927,0.157609868748159,109.83050578424,90.2524485967652,264.0,2.92512839379587,42,2.58577610745639,1,1,9,Los Ríos_e9
780,Los Ríos,2011-07-01,2011,3,0.346851584508317,0.104959734953563,0.041962180720421,0.0551636049734012,0.107856723045313,0.157740439161431,140.068467436847,103.785786704076,264.0,2.54370090918847,43,2.58577610745639,1,2,9,Los Ríos_e9
781,Los Ríos,2011-10-01,2011,4,0.403017472941971,0.134094904134671,0.0627786338837597,0.060025264258316,0.114817357434797,0.165390810944369,121.358527764011,97.4505243649609,264.0,2.70906700318304,44,2.58577610745639,1,3,9,Los Ríos_e9
782,Los Ríos,2012-01-01,2012,1,0.367049487561096,0.186057770562509,0.12057366532192,0.0508799701324209,0.104478589812512,0.160800275426761,99.0249353980101,104.471978403506,292.0,2.79500785246163,45,2.58577610745639,1,4,9,Los Ríos_e9
783,Manabí,2010-01-01,2010,1,0.396660433906385,0.191493198230733,0.126047314086769,0.0801302867890267,0.166263311284227,0.272423288774277,127.277979032373,104.381974120157,240.0,2.29924756667017,37,3.43687339220405,1,-4,9,Manabí_e9
784,Manabí,2010-04-01,2010,2,0.609768939269638,0.269726564799745,0.156949781333301,0.0813661454280256,0.156874465927041,0.229287730952914,90.6642658050883,67.206966915003,240.0,3.5710583443459,38,3.43687339220405,1,-3,9,Manabí_e9
785,Manabí,2010-07-01,2010,3,0.384607721509303,0.150232701494443,0.0816185124017192,0.0835032289669219,0.160194762914505,0.236749035815964,137.56321684955,93.3578210798378,240.0,2.57075408598875,39,3.43687339220405,1,-2,9,Manabí_e9
786,Manabí,2010-10-01,2010,4,0.554095820452429,0.23329568240129,0.129473903356492,0.0712495771430435,0.139523654061673,0.210045776787648,95.3738374944342,69.8309110089416,240.0,3.43687339220405,40,3.43687339220405,1,-1,9,Manabí_e9
787,Manabí,2011-01-01,2011,1,0.337522732373435,0.164471069408182,0.0961115657076411,0.0614425203304334,0.123935443423511,0.187112197316554,126.453472090082,114.550952107029,264.0,2.30465129397908,41,3.43687339220405,1,0,9,Manabí_e9
788,Manabí,2011-04-01,2011,2,0.490992519784744,0.206930143512132,0.11930690752143,0.0747222731667415,0.145613797704293,0.213820364583083,104.41266863549,78.866226165502,264.0,3.34744050572411,42,3.43687339220405,1,1,9,Manabí_e9
789,Manabí,2011-07-01,2011,3,0.445350937303763,0.142396027786881,0.074019253287581,0.0770552125148604,0.151500163704243,0.228829170993034,138.924002829373,95.4140455515088,264.0,2.7668882340544,43,3.43687339220405,1,2,9,Manabí_e9
790,Manabí,2011-10-01,2011,4,0.458512172884239,0.192128789390163,0.107602713846655,0.0791555290570343,0.151656460667647,0.218683653517649,115.421509911457,86.7987891816813,264.0,3.04151708208064,44,3.43687339220405,1,3,9,Manabí_e9
791,Manabí,2012-01-01,2012,1,0.301145538302089,0.0939326459888512,0.0404339326370291,0.0423439710465389,0.0845685348285522,0.126545070304125,129.271881277273,114.253231413276,292.0,2.55572640167857,45,3.43687339220405,1,4,9,Manabí_e9
792,Pichincha,2010-01-01,2010,1,0.199614080547329,0.0723099883644512,0.0361214196842222,0.0817674770575558,0.156571313877638,0.227422878009528,209.224251603306,151.230317923848,240.0,1.58698337274442,37,1.59120328307593,0,-4,9,Pichincha_e9
793,Pichincha,2010-04-01,2010,2,0.192279522381349,0.0734156483837209,0.0397846836918625,0.0817995160895615,0.157477205629648,0.230620931710802,213.169727903784,154.372928838052,240.0,1.55467672866256,38,1.59120328307593,0,-3,9,Pichincha_e9
794,Pichincha,2010-07-01,2010,3,0.171055868827743,0.0605132807214101,0.0316095247279306,0.0857450049938551,0.163100793255535,0.236835597361056,220.526384636218,154.374555641663,240.0,1.55466034543343,39,1.59120328307593,0,-2,9,Pichincha_e9
795,Pichincha,2010-10-01,2010,4,0.202053174737992,0.0822889465253183,0.0463480201653181,0.0772197440540892,0.151967787494412,0.23031925232992,205.624833236447,150.829251392732,240.0,1.59120328307593,40,1.59120328307593,0,-1,9,Pichincha_e9
796,Pichincha,2011-01-01,2011,1,0.121304078665432,0.0528544606667507,0.0304303382528358,0.0809467887675394,0.156456714432124,0.232659376647914,236.209102158912,164.451689977301,264.0,1.60533467327967,41,1.59120328307593,0,0,9,Pichincha_e9
797,Pichincha,2011-04-01,2011,2,0.168726462276858,0.0630700878352584,0.0339222383750193,0.0780728809135658,0.150441406509733,0.219677665080656,219.520626125801,163.726959472518,264.0,1.61244061973993,42,1.59120328307593,0,1,9,Pichincha_e9
798,Pichincha,2011-07-01,2011,3,0.146222594423383,0.048716191783645,0.0284847234894726,0.0728352501848398,0.14405297249313,0.219971580706843,236.971785462004,181.192104074529,264.0,1.45701713299499,43,1.59120328307593,0,2,9,Pichincha_e9
799,Pichincha,2011-10-01,2011,4,0.196920017378853,0.0807284988659543,0.0467665955629137,0.0505775069306565,0.103898123233151,0.164278967704263,173.282780945195,152.679094485523,264.0,1.72911688328773,44,1.59120328307593,0,3,9,Pichincha_e9
800,Pichincha,2012-01-01,2012,1,0.144128645933922,0.0510088537562119,0.0263770483055583,0.0693955865100374,0.135514343723445,0.205358585141256,222.624542325234,167.862487733855,292.0,1.73951907863396,45,1.59120328307593,0,4,9,Pichincha_e9
801,Sierra,2010-01-01,2010,1,0.300469565340804,0.104003572669525,0.0526635047805833,0.0597547877563324,0.119285061720817,0.182309665192222,146.72681059016,116.030398541625,240.0,2.06842347364602,37,2.54662628958474,0,-4,9,Sierra_e9
802,Sierra,2010-04-01,2010,2,0.45891172838291,0.224530988533045,0.144683618969546,0.0890566085447728,0.178273777353429,0.275436010037861,116.597889062309,87.5395752436903,240.0,2.74161714095476,38,2.54662628958474,0,-3,9,Sierra_e9
803,Sierra,2010-07-01,2010,3,0.302795397196058,0.134131705774905,0.0856589837760862,0.0861729577970679,0.173955508866901,0.282609969096518,160.989955100765,117.119314335997,240.0,2.04919232460223,39,2.54662628958474,0,-2,9,Sierra_e9
804,Sierra,2010-10-01,2010,4,0.422126563239997,0.198131413949531,0.12398520489344,0.0790281350437785,0.157561802444402,0.240908702295137,118.494312521422,94.2423318967367,240.0,2.54662628958474,40,2.54662628958474,0,-1,9,Sierra_e9
805,Sierra,2011-01-01,2011,1,0.29700418747237,0.12074539371743,0.071327487797017,0.0620248527742191,0.128402319495458,0.212243443613167,145.272683095696,121.801267828943,264.0,2.16746512335784,41,2.54662628958474,0,0,9,Sierra_e9
806,Sierra,2011-04-01,2011,2,0.430358732375102,0.198996832412274,0.122352618303471,0.0826342975163915,0.164607501380179,0.251628158929861,120.457574818004,90.7541796094881,264.0,2.90895693328927,42,2.54662628958474,0,1,9,Sierra_e9
807,Sierra,2011-07-01,2011,3,0.258994608226937,0.103559402134499,0.0634138351175251,0.0726851061114204,0.145238816112648,0.224564796328955,169.93977518642,128.185157919778,264.0,2.05952080790211,43,2.54662628958474,0,2,9,Sierra_e9
808,Sierra,2011-10-01,2011,4,0.436537979521642,0.206099707294972,0.128617650880154,0.0968818562165069,0.189073082615174,0.28481592412634,130.694768209389,91.8069262292107,264.0,2.87560003197233,44,2.54662628958474,0,3,9,Sierra_e9
809,Sierra,2012-01-01,2012,1,0.243185302277527,0.0925710141761578,0.042932653370952,0.0587962040636278,0.117175139423578,0.176445812386236,167.234580028403,135.499736493645,292.0,2.1549857406084,45,2.54662628958474,0,4,9,Sierra_e9
810,Amazonía,2011-01-01,2011,1,0.267486846612559,0.0980222534273698,0.0567771195053166,0.0616295456723416,0.123759219938149,0.18661799867944,160.697807511503,146.857954605673,264.0,1.79765543316237,41,2.5645957612068,0,-4,10,Amazonía_e10
811,Amazonía,2011-04-01,2011,2,0.445131165216311,0.214255635344823,0.129913008824044,0.0898017902436398,0.181089435710552,0.285757068783672,125.835836322136,87.0150353190004,264.0,3.03395843065703,42,2.5645957612068,0,-3,10,Amazonía_e10
812,Amazonía,2011-07-01,2011,3,0.424592113101945,0.15352096198398,0.074965987416113,0.0826125854909005,0.161470839409581,0.241048711860211,148.609047299013,105.149694156209,264.0,2.51070630417437,43,2.5645957612068,0,-2,10,Amazonía_e10
813,Amazonía,2011-10-01,2011,4,0.368632335111251,0.197162615605332,0.134585556287075,0.0890677272558719,0.180914950494541,0.287119111401962,132.767167238208,102.940199774709,264.0,2.5645957612068,44,2.5645957612068,0,-1,10,Amazonía_e10
814,Amazonía,2012-01-01,2012,1,0.22176671959808,0.0887451751696053,0.0545432115929937,0.067068208883418,0.137520792605252,0.220164789311235,189.492009207097,144.474929847235,292.0,2.02111190023594,45,2.5645957612068,0,0,10,Amazonía_e10
815,Amazonía,2012-04-01,2012,2,0.385486779798135,0.161623816893033,0.0915964589947502,0.0805392504921743,0.158113169862505,0.239822681557958,136.325503210184,107.204775303376,292.0,2.72375926514166,46,2.5645957612068,0,1,10,Amazonía_e10
816,Amazonía,2012-07-01,2012,3,0.196001211665945,0.0513614532517658,0.0186580898420044,0.0501237577936415,0.0993779430847572,0.147558726654689,190.992264997518,157.417240517116,292.0,1.85494294678765,47,2.5645957612068,0,2,10,Amazonía_e10
817,Amazonía,2012-10-01,2012,4,0.405886243987034,0.157791716688598,0.0879318425753277,0.0763556990421134,0.152949730385338,0.231135914919372,149.780379653469,103.111946942564,292.0,2.83187359620561,48,2.5645957612068,0,3,10,Amazonía_e10
818,Amazonía,2013-01-01,2013,1,0.291603908132476,0.0946345334856054,0.0491785297671213,0.0677452267846488,0.137380727558073,0.213056942795411,184.437318007037,149.284854271012,318.0,2.13015581220786,49,2.5645957612068,0,4,10,Amazonía_e10
819,Azuay,2011-01-01,2011,1,0.136773534858757,0.0593686391734213,0.0320945204562784,0.0469981252608724,0.0945793384453829,0.142909397290974,181.636696932652,147.328047832925,264.0,1.79191948772297,41,2.13941693486744,0,-4,10,Azuay_e10
820,Azuay,2011-04-01,2011,2,0.301837431153181,0.151380280121904,0.0987989471749061,0.0722719809678112,0.147797958193577,0.22836243203478,145.371335215149,117.958120598182,264.0,2.23808245385073,42,2.13941693486744,0,-3,10,Azuay_e10
821,Azuay,2011-07-01,2011,3,0.127353903517721,0.0546979613446021,0.0308238927055184,0.0558550181751031,0.111818260684689,0.171961349986196,208.4060916436,173.932518907707,264.0,1.5178300277482,43,2.13941693486744,0,-2,10,Azuay_e10
822,Azuay,2011-10-01,2011,4,0.334603054913666,0.147704771291744,0.0934614725315525,0.0805198826874003,0.162495796519568,0.250930662625498,157.822749874593,123.398107071803,264.0,2.13941693486744,44,2.13941693486744,0,-1,10,Azuay_e10
823,Azuay,2012-01-01,2012,1,0.163403288321005,0.0725319738539908,0.0439825751476296,0.0542948528551972,0.111782224768873,0.179836940525992,206.110261549774,189.333084745218,292.0,1.54225554605492,45,2.13941693486744,0,0,10,Azuay_e10
824,Azuay,2012-04-01,2012,2,0.300855411400257,0.114281768676855,0.0628911376298187,0.0667849607248592,0.135099704042146,0.212305568194785,156.724756588345,128.893810921903,292.0,2.2654307286866,46,2.13941693486744,0,1,10,Azuay_e10
825,Azuay,2012-07-01,2012,3,0.107022414396767,0.0434042076063937,0.029102710034091,0.0501825318164475,0.102734359803047,0.16543524117292,217.711800113183,193.736504737321,292.0,1.50720175527018,47,2.13941693486744,0,2,10,Azuay_e10
826,Azuay,2012-10-01,2012,4,0.236444500223284,0.0971319751873114,0.0575410928489164,0.0607510801990795,0.12396156917475,0.197181525679421,163.581196879432,135.037528828917,292.0,2.16236184512783,48,2.13941693486744,0,3,10,Azuay_e10
827,Azuay,2013-01-01,2013,1,0.113611692718612,0.0490073515897689,0.0295189753309534,0.0554220278943837,0.112622157315012,0.178595659011045,217.705130305112,185.057274120085,318.0,1.71838692378905,49,2.13941693486744,0,4,10,Azuay_e10
828,"Costa, Santo Domingo",2011-01-01,2011,1,0.459553118928063,0.188289408512088,0.0918941833877662,0.0760941870607411,0.14965362682639,0.219303940098049,130.439660438451,92.0591919688966,264.0,2.86772015215163,41,2.62737062057141,1,-4,10,"Costa, Santo Domingo_e10"
829,"Costa, Santo Domingo",2011-04-01,2011,2,0.429306896968661,0.180048826912189,0.0996530207985016,0.0717567894126423,0.141703893032535,0.212255025834402,117.954095012729,87.4198517440626,264.0,3.0199090336244,42,2.62737062057141,1,-3,10,"Costa, Santo Domingo_e10"
830,"Costa, Santo Domingo",2011-07-01,2011,3,0.372927492468676,0.146621886318887,0.0709559475760709,0.0860132896429496,0.162901811500676,0.231827024091573,152.777429163041,121.729267726875,264.0,2.16874712983847,43,2.62737062057141,1,-2,10,"Costa, Santo Domingo_e10"
831,"Costa, Santo Domingo",2011-10-01,2011,4,0.416667144580907,0.191978268720684,0.111661010266962,0.0837765647981569,0.165391797299503,0.253196416415502,129.88410942281,100.480685112702,264.0,2.62737062057141,44,2.62737062057141,1,-1,10,"Costa, Santo Domingo_e10"
832,"Costa, Santo Domingo",2012-01-01,2012,1,0.479240094501897,0.270706489403485,0.190175610775738,0.101919657563799,0.217231511113882,0.376581791774148,119.700622976293,103.815474893232,292.0,2.81268279416249,45,2.62737062057141,1,0,10,"Costa, Santo Domingo_e10"
833,"Costa, Santo Domingo",2012-04-01,2012,2,0.3937753795633,0.163136678011659,0.0929413178087313,0.0715109689785094,0.138916674548284,0.203359842950368,118.082851608975,87.8941890033533,292.0,3.32217639540266,46,2.62737062057141,1,1,10,"Costa, Santo Domingo_e10"
834,"Costa, Santo Domingo",2012-07-01,2012,3,0.220199925639026,0.101322489017432,0.0540099921046617,0.0584704395132851,0.118716128451756,0.180879317859849,195.496677325154,196.242063403792,292.0,1.48795826407091,47,2.62737062057141,1,2,10,"Costa, Santo Domingo_e10"
835,"Costa, Santo Domingo",2012-10-01,2012,4,0.423951591822613,0.196603363228167,0.127394992061918,0.0767486991866753,0.155692494118281,0.243925176332153,118.141433242801,94.4813829054087,292.0,3.09055594891471,48,2.62737062057141,1,3,10,"Costa, Santo Domingo_e10"
836,"Costa, Santo Domingo",2013-01-01,2013,1,0.318845212288523,0.127323895733516,0.0647560681517294,0.0702805550804762,0.143310422504216,0.217814969035394,197.234172910279,149.77836699071,318.0,2.12313704835441,49,2.62737062057141,1,4,10,"Costa, Santo Domingo_e10"
837,El Oro,2011-01-01,2011,1,0.322176612959805,0.102178593174118,0.0505126440928911,0.0545517612986794,0.106288515247019,0.155564643911174,130.36636970412,107.732862080743,264.0,2.4505057686311,41,2.08541622853506,0,-4,10,El Oro_e10
838,El Oro,2011-04-01,2011,2,0.30973984230582,0.120875704868538,0.0605948538642582,0.05869328546995,0.11584508767293,0.172627204398088,138.348258013842,111.907525273523,264.0,2.35909068094155,42,2.08541622853506,0,-3,10,El Oro_e10
839,El Oro,2011-07-01,2011,3,0.210722873002856,0.0709883072417994,0.0357238062557439,0.0565482783123984,0.110304254113279,0.164629139263319,162.313148924804,141.937829862427,264.0,1.85996925735641,43,2.08541622853506,0,-2,10,El Oro_e10
840,El Oro,2011-10-01,2011,4,0.209299721552266,0.0741027623785177,0.0356717357032605,0.0502505254463689,0.0995534504385032,0.148301118147166,157.379747572393,126.593433189811,264.0,2.08541622853506,44,2.08541622853506,0,-1,10,El Oro_e10
841,El Oro,2012-01-01,2012,1,0.211410290861033,0.063958107581935,0.0274321493223452,0.0509622779420876,0.0994336031018073,0.145585411095634,159.029489495085,136.631085901238,292.0,2.13714176443762,45,2.08541622853506,0,0,10,El Oro_e10
842,El Oro,2012-04-01,2012,2,0.188662048313881,0.0650951054539297,0.0303540239500431,0.044796303106119,0.0891643436210367,0.134993539162078,156.195614740004,139.195129034295,292.0,2.09777455594769,46,2.08541622853506,0,1,10,El Oro_e10
843,El Oro,2012-07-01,2012,3,0.137221878213443,0.0674067368496034,0.044078781735488,0.0506814898269548,0.101553328100714,0.153599709177164,169.407644551198,141.858697851516,292.0,2.05838629863667,47,2.08541622853506,0,2,10,El Oro_e10
844,El Oro,2012-10-01,2012,4,0.207937136393827,0.0712037682490141,0.0385885389484941,0.0491555721854222,0.0991904335120988,0.156911665218913,162.197180181855,142.89013278651,292.0,2.04352808906878,48,2.08541622853506,0,3,10,El Oro_e10
845,El Oro,2013-01-01,2013,1,0.178407279404396,0.061186365088657,0.0283604603792284,0.0394991752659972,0.0788427492240875,0.118404728492909,160.516142571144,149.943771748118,318.0,2.12079499063283,49,2.08541622853506,0,4,10,El Oro_e10
846,Guayas,2011-01-01,2011,1,0.339426786119319,0.122399029193181,0.0629017222169219,0.0539744332947217,0.106378432648853,0.160338241339628,121.338491565737,102.51612637013,264.0,2.57520459802431,41,2.25562250245689,0,-4,10,Guayas_e10
847,Guayas,2011-04-01,2011,2,0.253014768219553,0.0970620974549614,0.0531457236949562,0.0519553250991809,0.102334934680445,0.153729439537512,133.150839650521,114.701140572371,264.0,2.30163360784916,42,2.25562250245689,0,-3,10,Guayas_e10
848,Guayas,2011-07-01,2011,3,0.301825061605266,0.0907890347581934,0.040768052233717,0.0599825973241696,0.116937564631125,0.173273785228463,153.841232415176,128.055766793337,264.0,2.06160180529829,43,2.25562250245689,0,-2,10,Guayas_e10
849,Guayas,2011-10-01,2011,4,0.268825376568755,0.0895324154812495,0.0446466080819309,0.0605258273529757,0.118457487982827,0.174837232613029,153.440866817604,117.040861098186,264.0,2.25562250245689,44,2.25562250245689,0,-1,10,Guayas_e10
850,Guayas,2012-01-01,2012,1,0.270423397087709,0.0927957101398423,0.0454932503403595,0.0579902168689485,0.113320311947244,0.167170432410172,148.090984445081,114.300924085829,292.0,2.55466001115386,45,2.25562250245689,0,0,10,Guayas_e10
851,Guayas,2012-04-01,2012,2,0.272858569610392,0.0915009439283758,0.0476401428789056,0.0588886013285179,0.116332446969572,0.176166732938967,150.914201503536,125.103176588503,292.0,2.33407342613261,46,2.25562250245689,0,1,10,Guayas_e10
852,Guayas,2012-07-01,2012,3,0.289207564395265,0.0973388310425404,0.0456470920483404,0.0537550153855141,0.106321192000983,0.157913757295248,150.377549673618,131.427910216054,292.0,2.22175030798239,47,2.25562250245689,0,2,10,Guayas_e10
853,Guayas,2012-10-01,2012,4,0.260987947780671,0.108801023148322,0.0597537083480895,0.0595756044129272,0.119072810033071,0.181224313586015,152.354117588951,128.307032493913,292.0,2.27579107960316,48,2.25562250245689,0,3,10,Guayas_e10
854,Guayas,2013-01-01,2013,1,0.225929078973439,0.0714910457777414,0.0364203749866211,0.053663342067208,0.106055218744429,0.159992686718994,156.280959606675,127.897012198789,318.0,2.48637551834077,49,2.25562250245689,0,4,10,Guayas_e10
855,Los Ríos,2011-01-01,2011,1,0.309095282043006,0.109059077531276,0.0504607697954432,0.0513526241858512,0.100961727277481,0.148762286595345,127.390912728767,106.205823471959,264.0,2.48573940081263,41,2.70906700318304,1,-4,10,Los Ríos_e10
856,Los Ríos,2011-04-01,2011,2,0.412354771858844,0.148270550436647,0.0733833038186927,0.0533182825277765,0.105082636075927,0.157609868748159,109.83050578424,90.2524485967652,264.0,2.92512839379587,42,2.70906700318304,1,-3,10,Los Ríos_e10
857,Los Ríos,2011-07-01,2011,3,0.346851584508317,0.104959734953563,0.041962180720421,0.0551636049734012,0.107856723045313,0.157740439161431,140.068467436847,103.785786704076,264.0,2.54370090918847,43,2.70906700318304,1,-2,10,Los Ríos_e10
858,Los Ríos,2011-10-01,2011,4,0.403017472941971,0.134094904134671,0.0627786338837597,0.060025264258316,0.114817357434797,0.165390810944369,121.358527764011,97.4505243649609,264.0,2.70906700318304,44,2.70906700318304,1,-1,10,Los Ríos_e10
859,Los Ríos,2012-01-01,2012,1,0.367049487561096,0.186057770562509,0.12057366532192,0.0508799701324209,0.104478589812512,0.160800275426761,99.0249353980101,104.471978403506,292.0,2.79500785246163,45,2.70906700318304,1,0,10,Los Ríos_e10
860,Los Ríos,2012-04-01,2012,2,0.338993925451906,0.129766159703078,0.0693156991078338,0.0561749777749757,0.111627795982487,0.169957628977958,122.96574218101,102.731550431916,292.0,2.8423595163544,46,2.70906700318304,1,1,10,Los Ríos_e10
861,Los Ríos,2012-07-01,2012,3,0.204576965462198,0.0681062162342182,0.0342634211856005,0.0289865800263787,0.0599033314003129,0.0933185128924411,134.410296747895,129.258080684637,292.0,2.259046385753,47,2.70906700318304,1,2,10,Los Ríos_e10
862,Los Ríos,2012-10-01,2012,4,0.373210084458047,0.14592102269609,0.0806586419275167,0.0550236509029476,0.110036790344135,0.169479080097296,114.852644483825,97.5759336580838,292.0,2.99254118359962,48,2.70906700318304,1,3,10,Los Ríos_e10
863,Los Ríos,2013-01-01,2013,1,0.27049580124246,0.085592902247351,0.0393645304722789,0.0409474933709582,0.080731805396337,0.119492438569567,127.29111545453,104.405463251539,318.0,3.04581762387145,49,2.70906700318304,1,4,10,Los Ríos_e10
864,Manabí,2011-01-01,2011,1,0.337522732373435,0.164471069408182,0.0961115657076411,0.0614425203304334,0.123935443423511,0.187112197316554,126.453472090082,114.550952107029,264.0,2.30465129397908,41,3.04151708208064,1,-4,10,Manabí_e10
865,Manabí,2011-04-01,2011,2,0.490992519784744,0.206930143512132,0.11930690752143,0.0747222731667415,0.145613797704293,0.213820364583083,104.41266863549,78.866226165502,264.0,3.34744050572411,42,3.04151708208064,1,-3,10,Manabí_e10
866,Manabí,2011-07-01,2011,3,0.445350937303763,0.142396027786881,0.074019253287581,0.0770552125148604,0.151500163704243,0.228829170993034,138.924002829373,95.4140455515088,264.0,2.7668882340544,43,3.04151708208064,1,-2,10,Manabí_e10
867,Manabí,2011-10-01,2011,4,0.458512172884239,0.192128789390163,0.107602713846655,0.0791555290570343,0.151656460667647,0.218683653517649,115.421509911457,86.7987891816813,264.0,3.04151708208064,44,3.04151708208064,1,-1,10,Manabí_e10
868,Manabí,2012-01-01,2012,1,0.301145538302089,0.0939326459888512,0.0404339326370291,0.0423439710465389,0.0845685348285522,0.126545070304125,129.271881277273,114.253231413276,292.0,2.55572640167857,45,3.04151708208064,1,0,10,Manabí_e10
869,Manabí,2012-04-01,2012,2,0.414297997930582,0.172994187100612,0.0982913985523152,0.0626674395036206,0.12592206325747,0.196387095331805,109.325146169683,88.0696811166302,292.0,3.31555645822433,46,3.04151708208064,1,1,10,Manabí_e10
870,Manabí,2012-07-01,2012,3,0.166384893959859,0.0519623114770008,0.0246647447551321,0.0526153309398613,0.102373122507302,0.149484862608172,162.571092271823,121.847038388106,292.0,2.3964472494598,47,3.04151708208064,1,2,10,Manabí_e10
871,Manabí,2012-10-01,2012,4,0.443619714495938,0.188756839571502,0.107129184994084,0.0740519739508943,0.14348182195071,0.208919638556177,114.179295787081,90.1089575791881,292.0,3.24052134043821,48,3.04151708208064,1,3,10,Manabí_e10
872,Manabí,2013-01-01,2013,1,0.304096858435192,0.0972579848862694,0.0428947192742474,0.0540637584356558,0.107024619909227,0.161049820146287,137.786774985648,96.724877110129,318.0,3.2876754098941,49,3.04151708208064,1,4,10,Manabí_e10
873,Pichincha,2011-01-01,2011,1,0.121304078665432,0.0528544606667507,0.0304303382528358,0.0809467887675394,0.156456714432124,0.232659376647914,236.209102158912,164.451689977301,264.0,1.60533467327967,41,1.72911688328773,0,-4,10,Pichincha_e10
874,Pichincha,2011-04-01,2011,2,0.168726462276858,0.0630700878352584,0.0339222383750193,0.0780728809135658,0.150441406509733,0.219677665080656,219.520626125801,163.726959472518,264.0,1.61244061973993,42,1.72911688328773,0,-3,10,Pichincha_e10
875,Pichincha,2011-07-01,2011,3,0.146222594423383,0.048716191783645,0.0284847234894726,0.0728352501848398,0.14405297249313,0.219971580706843,236.971785462004,181.192104074529,264.0,1.45701713299499,43,1.72911688328773,0,-2,10,Pichincha_e10
876,Pichincha,2011-10-01,2011,4,0.196920017378853,0.0807284988659543,0.0467665955629137,0.0505775069306565,0.103898123233151,0.164278967704263,173.282780945195,152.679094485523,264.0,1.72911688328773,44,1.72911688328773,0,-1,10,Pichincha_e10
877,Pichincha,2012-01-01,2012,1,0.144128645933922,0.0510088537562119,0.0263770483055583,0.0693955865100374,0.135514343723445,0.205358585141256,222.624542325234,167.862487733855,292.0,1.73951907863396,45,1.72911688328773,0,0,10,Pichincha_e10
878,Pichincha,2012-04-01,2012,2,0.180061784799682,0.0647161755705851,0.0317835699689172,0.0534857858602141,0.106066791223248,0.159262899720284,183.833252560014,156.130499266072,292.0,1.8702303609648,46,1.72911688328773,0,1,10,Pichincha_e10
879,Pichincha,2012-07-01,2012,3,0.139650126842821,0.0472821627613764,0.0222797876291682,0.0573837942063311,0.111404587916711,0.164571168375647,209.337534926424,174.792135962166,292.0,1.6705557054535,47,1.72911688328773,0,2,10,Pichincha_e10
880,Pichincha,2012-10-01,2012,4,0.178360940339744,0.0595710663737495,0.0303727635338391,0.0550939903746573,0.109202608902505,0.16309578395762,192.631658915004,161.45145134539,292.0,1.80859321837454,48,1.72911688328773,0,3,10,Pichincha_e10
881,Pichincha,2013-01-01,2013,1,0.167193626800433,0.0561345785424532,0.0297987774676995,0.0616074083782209,0.121483230204433,0.185890843492671,200.586314711847,166.31069040087,318.0,1.91208393900297,49,1.72911688328773,0,4,10,Pichincha_e10
882,Sierra,2011-01-01,2011,1,0.29700418747237,0.12074539371743,0.071327487797017,0.0620248527742191,0.128402319495458,0.212243443613167,145.272683095696,121.801267828943,264.0,2.16746512335784,41,2.87560003197233,1,-4,10,Sierra_e10
883,Sierra,2011-04-01,2011,2,0.430358732375102,0.198996832412274,0.122352618303471,0.0826342975163915,0.164607501380179,0.251628158929861,120.457574818004,90.7541796094881,264.0,2.90895693328927,42,2.87560003197233,1,-3,10,Sierra_e10
884,Sierra,2011-07-01,2011,3,0.258994608226937,0.103559402134499,0.0634138351175251,0.0726851061114204,0.145238816112648,0.224564796328955,169.93977518642,128.185157919778,264.0,2.05952080790211,43,2.87560003197233,1,-2,10,Sierra_e10
885,Sierra,2011-10-01,2011,4,0.436537979521642,0.206099707294972,0.128617650880154,0.0968818562165069,0.189073082615174,0.28481592412634,130.694768209389,91.8069262292107,264.0,2.87560003197233,44,2.87560003197233,1,-1,10,Sierra_e10
886,Sierra,2012-01-01,2012,1,0.243185302277527,0.0925710141761578,0.042932653370952,0.0587962040636278,0.117175139423578,0.176445812386236,167.234580028403,135.499736493645,292.0,2.1549857406084,45,2.87560003197233,1,0,10,Sierra_e10
887,Sierra,2012-04-01,2012,2,0.395394614710192,0.17884137921375,0.107751953404616,0.0773343341588921,0.155308916436544,0.243242834915762,126.386180234143,100.002708030367,292.0,2.91992092765458,46,2.87560003197233,1,1,10,Sierra_e10
888,Sierra,2012-07-01,2012,3,0.307327131645978,0.105983397529999,0.0543253726211126,0.0756034045326083,0.149541952440478,0.22827172260303,171.337888411363,123.883400060427,292.0,2.35705510066376,47,2.87560003197233,1,2,10,Sierra_e10
889,Sierra,2012-10-01,2012,4,0.411238117319603,0.185066473156999,0.112184491174559,0.0834046846709055,0.165536607707636,0.252605429944453,130.73973188478,98.505229508177,292.0,2.96430962556928,48,2.87560003197233,1,3,10,Sierra_e10
890,Sierra,2013-01-01,2013,1,0.251272950644255,0.0956616420427338,0.050764128585819,0.0612280570109792,0.12209722113895,0.185514696008723,159.955168663433,138.430794609531,318.0,2.29717672933235,49,2.87560003197233,1,4,10,Sierra_e10
891,Amazonía,2012-01-01,2012,1,0.22176671959808,0.0887451751696053,0.0545432115929937,0.067068208883418,0.137520792605252,0.220164789311235,189.492009207097,144.474929847235,292.0,2.02111190023594,45,2.83187359620561,0,-4,11,Amazonía_e11
892,Amazonía,2012-04-01,2012,2,0.385486779798135,0.161623816893033,0.0915964589947502,0.0805392504921743,0.158113169862505,0.239822681557958,136.325503210184,107.204775303376,292.0,2.72375926514166,46,2.83187359620561,0,-3,11,Amazonía_e11
893,Amazonía,2012-07-01,2012,3,0.196001211665945,0.0513614532517658,0.0186580898420044,0.0501237577936415,0.0993779430847572,0.147558726654689,190.992264997518,157.417240517116,292.0,1.85494294678765,47,2.83187359620561,0,-2,11,Amazonía_e11
894,Amazonía,2012-10-01,2012,4,0.405886243987034,0.157791716688598,0.0879318425753277,0.0763556990421134,0.152949730385338,0.231135914919372,149.780379653469,103.111946942564,292.0,2.83187359620561,48,2.83187359620561,0,-1,11,Amazonía_e11
895,Amazonía,2013-01-01,2013,1,0.291603908132476,0.0946345334856054,0.0491785297671213,0.0677452267846488,0.137380727558073,0.213056942795411,184.437318007037,149.284854271012,318.0,2.13015581220786,49,2.83187359620561,0,0,11,Amazonía_e11
896,Amazonía,2013-04-01,2013,2,0.375791789125636,0.182951824192113,0.117599182093872,0.0864956820141875,0.172968824649586,0.265747903750297,138.245670355263,103.531605539605,318.0,3.07152582385436,50,2.83187359620561,0,1,11,Amazonía_e11
897,Amazonía,2013-07-01,2013,3,0.135342141792527,0.0491892468043461,0.0242137827441,0.0627245317495314,0.124854037203874,0.188364725410741,242.754066906998,178.639282408914,318.0,1.78012358598755,51,2.83187359620561,0,2,11,Amazonía_e11
898,Amazonía,2013-10-01,2013,4,0.314654505306741,0.120515387878856,0.0704366746378044,0.0665457864379916,0.13444080337266,0.210223941736054,151.26428997044,121.730757207017,318.0,2.61232253290928,52,2.83187359620561,0,3,11,Amazonía_e11
899,Amazonía,2014-01-01,2014,1,0.338780904149012,0.140725576217913,0.0812868870425319,0.0757127977541888,0.150257000268164,0.225252610250808,151.963045060821,118.380204228192,340.0,2.87210181986686,53,2.83187359620561,0,4,11,Amazonía_e11
900,Azuay,2012-01-01,2012,1,0.163403288321005,0.0725319738539908,0.0439825751476296,0.0542948528551972,0.111782224768873,0.179836940525992,206.110261549774,189.333084745218,292.0,1.54225554605492,45,2.16236184512783,0,-4,11,Azuay_e11
901,Azuay,2012-04-01,2012,2,0.300855411400257,0.114281768676855,0.0628911376298187,0.0667849607248592,0.135099704042146,0.212305568194785,156.724756588345,128.893810921903,292.0,2.2654307286866,46,2.16236184512783,0,-3,11,Azuay_e11
902,Azuay,2012-07-01,2012,3,0.107022414396767,0.0434042076063937,0.029102710034091,0.0501825318164475,0.102734359803047,0.16543524117292,217.711800113183,193.736504737321,292.0,1.50720175527018,47,2.16236184512783,0,-2,11,Azuay_e11
903,Azuay,2012-10-01,2012,4,0.236444500223284,0.0971319751873114,0.0575410928489164,0.0607510801990795,0.12396156917475,0.197181525679421,163.581196879432,135.037528828917,292.0,2.16236184512783,48,2.16236184512783,0,-1,11,Azuay_e11
904,Azuay,2013-01-01,2013,1,0.113611692718612,0.0490073515897689,0.0295189753309534,0.0554220278943837,0.112622157315012,0.178595659011045,217.705130305112,185.057274120085,318.0,1.71838692378905,49,2.16236184512783,0,0,11,Azuay_e11
905,Azuay,2013-04-01,2013,2,0.251998024696523,0.102823974082989,0.0543875143167336,0.0624095508012957,0.125378205498751,0.1903458475774,170.490315888601,134.543740100683,318.0,2.36354363095624,50,2.16236184512783,0,1,11,Azuay_e11
906,Azuay,2013-07-01,2013,3,0.108807930871836,0.0434111165187743,0.0284255879934712,0.0645147703196811,0.131441182987495,0.211478612944081,286.256993201614,221.392320790485,318.0,1.43636418311428,51,2.16236184512783,0,2,11,Azuay_e11
907,Azuay,2013-10-01,2013,4,0.218236035417132,0.0924892209798063,0.0540555890312743,0.0690588229897904,0.135085206561907,0.201533630637104,173.424277504716,134.21629915115,318.0,2.36930985291047,52,2.16236184512783,0,3,11,Azuay_e11
908,Azuay,2014-01-01,2014,1,0.229913320704065,0.0836114355051237,0.04958718987039,0.0655642967077306,0.130998116818749,0.206868163477433,166.05111928138,128.391793873136,340.0,2.64814432249426,53,2.16236184512783,0,4,11,Azuay_e11
909,"Costa, Santo Domingo",2012-01-01,2012,1,0.479240094501897,0.270706489403485,0.190175610775738,0.101919657563799,0.217231511113882,0.376581791774148,119.700622976293,103.815474893232,292.0,2.81268279416249,45,3.09055594891471,1,-4,11,"Costa, Santo Domingo_e11"
910,"Costa, Santo Domingo",2012-04-01,2012,2,0.3937753795633,0.163136678011659,0.0929413178087313,0.0715109689785094,0.138916674548284,0.203359842950368,118.082851608975,87.8941890033533,292.0,3.32217639540266,46,3.09055594891471,1,-3,11,"Costa, Santo Domingo_e11"
911,"Costa, Santo Domingo",2012-07-01,2012,3,0.220199925639026,0.101322489017432,0.0540099921046617,0.0584704395132851,0.118716128451756,0.180879317859849,195.496677325154,196.242063403792,292.0,1.48795826407091,47,3.09055594891471,1,-2,11,"Costa, Santo Domingo_e11"
912,"Costa, Santo Domingo",2012-10-01,2012,4,0.423951591822613,0.196603363228167,0.127394992061918,0.0767486991866753,0.155692494118281,0.243925176332153,118.141433242801,94.4813829054087,292.0,3.09055594891471,48,3.09055594891471,1,-1,11,"Costa, Santo Domingo_e11"
913,"Costa, Santo Domingo",2013-01-01,2013,1,0.318845212288523,0.127323895733516,0.0647560681517294,0.0702805550804762,0.143310422504216,0.217814969035394,197.234172910279,149.77836699071,318.0,2.12313704835441,49,3.09055594891471,1,0,11,"Costa, Santo Domingo_e11"
914,"Costa, Santo Domingo",2013-04-01,2013,2,0.421405184680502,0.187637709712183,0.11461345701226,0.0848173688882284,0.164527350963612,0.242320762271012,122.49131827328,93.6830795646248,318.0,3.3944230001602,50,3.09055594891471,1,1,11,"Costa, Santo Domingo_e11"
915,"Costa, Santo Domingo",2013-07-01,2013,3,0.338999265471069,0.170489351816681,0.10321091712768,0.084212112852063,0.165281353583395,0.243863643044241,148.096079496178,115.461386989604,318.0,2.75416750388276,51,3.09055594891471,1,2,11,"Costa, Santo Domingo_e11"
916,"Costa, Santo Domingo",2013-10-01,2013,4,0.388850329232982,0.151469503560876,0.0825665266021937,0.0686656275843882,0.132746740467843,0.196570348081652,119.614801495265,93.477029730524,318.0,3.40190526931303,52,3.09055594891471,1,3,11,"Costa, Santo Domingo_e11"
917,"Costa, Santo Domingo",2014-01-01,2014,1,0.335853456063077,0.127761760287614,0.0699996676389963,0.0605823841487654,0.118684812689523,0.177048713821963,123.528920895849,100.294017098491,340.0,3.39003272414657,53,3.09055594891471,1,4,11,"Costa, Santo Domingo_e11"
918,El Oro,2012-01-01,2012,1,0.211410290861033,0.063958107581935,0.0274321493223452,0.0509622779420876,0.0994336031018073,0.145585411095634,159.029489495085,136.631085901238,292.0,2.13714176443762,45,2.04352808906878,0,-4,11,El Oro_e11
919,El Oro,2012-04-01,2012,2,0.188662048313881,0.0650951054539297,0.0303540239500431,0.044796303106119,0.0891643436210367,0.134993539162078,156.195614740004,139.195129034295,292.0,2.09777455594769,46,2.04352808906878,0,-3,11,El Oro_e11
920,El Oro,2012-07-01,2012,3,0.137221878213443,0.0674067368496034,0.044078781735488,0.0506814898269548,0.101553328100714,0.153599709177164,169.407644551198,141.858697851516,292.0,2.05838629863667,47,2.04352808906878,0,-2,11,El Oro_e11
921,El Oro,2012-10-01,2012,4,0.207937136393827,0.0712037682490141,0.0385885389484941,0.0491555721854222,0.0991904335120988,0.156911665218913,162.197180181855,142.89013278651,292.0,2.04352808906878,48,2.04352808906878,0,-1,11,El Oro_e11
922,El Oro,2013-01-01,2013,1,0.178407279404396,0.061186365088657,0.0283604603792284,0.0394991752659972,0.0788427492240875,0.118404728492909,160.516142571144,149.943771748118,318.0,2.12079499063283,49,2.04352808906878,0,0,11,El Oro_e11
923,El Oro,2013-04-01,2013,2,0.182762386369153,0.0625679033613128,0.028907921621226,0.0398584894752231,0.0798353339740976,0.121501027201439,156.529847015008,142.70027493754,318.0,2.22844700291705,50,2.04352808906878,0,1,11,El Oro_e11
924,El Oro,2013-07-01,2013,3,0.189529694781424,0.0567284310619614,0.0269548100521739,0.0585369907232424,0.111798483021076,0.162840773365901,162.549716431605,125.598578457735,318.0,2.53187578955768,51,2.04352808906878,0,2,11,El Oro_e11
925,El Oro,2013-10-01,2013,4,0.232217587082842,0.0686791720453029,0.0321253776561858,0.0522473701814088,0.102024539458711,0.15009520344211,159.071615397485,132.534034508459,318.0,2.399383684194,52,2.04352808906878,0,3,11,El Oro_e11
926,El Oro,2014-01-01,2014,1,0.240296958471401,0.0764839751944983,0.0340524904581541,0.0478935302875813,0.0947837585657244,0.141018348864841,152.031149333538,133.781840552309,340.0,2.54145105640895,53,2.04352808906878,0,4,11,El Oro_e11
927,Guayas,2012-01-01,2012,1,0.270423397087709,0.0927957101398423,0.0454932503403595,0.0579902168689485,0.113320311947244,0.167170432410172,148.090984445081,114.300924085829,292.0,2.55466001115386,45,2.27579107960316,0,-4,11,Guayas_e11
928,Guayas,2012-04-01,2012,2,0.272858569610392,0.0915009439283758,0.0476401428789056,0.0588886013285179,0.116332446969572,0.176166732938967,150.914201503536,125.103176588503,292.0,2.33407342613261,46,2.27579107960316,0,-3,11,Guayas_e11
929,Guayas,2012-07-01,2012,3,0.289207564395265,0.0973388310425404,0.0456470920483404,0.0537550153855141,0.106321192000983,0.157913757295248,150.377549673618,131.427910216054,292.0,2.22175030798239,47,2.27579107960316,0,-2,11,Guayas_e11
930,Guayas,2012-10-01,2012,4,0.260987947780671,0.108801023148322,0.0597537083480895,0.0595756044129272,0.119072810033071,0.181224313586015,152.354117588951,128.307032493913,292.0,2.27579107960316,48,2.27579107960316,0,-1,11,Guayas_e11
931,Guayas,2013-01-01,2013,1,0.225929078973439,0.0714910457777414,0.0364203749866211,0.053663342067208,0.106055218744429,0.159992686718994,156.280959606675,127.897012198789,318.0,2.48637551834077,49,2.27579107960316,0,0,11,Guayas_e11
932,Guayas,2013-04-01,2013,2,0.258367390010671,0.103474731664749,0.0594970884329657,0.0594262283682427,0.120598317123833,0.190315872849663,150.257642893957,121.636093614663,318.0,2.61435557941713,50,2.27579107960316,0,1,11,Guayas_e11
933,Guayas,2013-07-01,2013,3,0.233616845056185,0.0775511806216013,0.0384374994366458,0.0711667341830991,0.136808119187736,0.203188277468183,174.567581380086,129.902849997366,318.0,2.44798324291151,51,2.27579107960316,0,2,11,Guayas_e11
934,Guayas,2013-10-01,2013,4,0.242102370212265,0.0842186539669286,0.0446540664598042,0.0685192559784967,0.132652645036727,0.197568571565085,163.732706910224,128.700134923323,318.0,2.47085988052349,52,2.27579107960316,0,3,11,Guayas_e11
935,Guayas,2014-01-01,2014,1,0.247884485841275,0.0929102537685853,0.0505501066465588,0.0628342436281035,0.122193452893704,0.17969429045341,152.274136384933,123.631848024986,340.0,2.75010044281862,53,2.27579107960316,0,4,11,Guayas_e11
936,Los Ríos,2012-01-01,2012,1,0.367049487561096,0.186057770562509,0.12057366532192,0.0508799701324209,0.104478589812512,0.160800275426761,99.0249353980101,104.471978403506,292.0,2.79500785246163,45,2.99254118359962,1,-4,11,Los Ríos_e11
937,Los Ríos,2012-04-01,2012,2,0.338993925451906,0.129766159703078,0.0693156991078338,0.0561749777749757,0.111627795982487,0.169957628977958,122.96574218101,102.731550431916,292.0,2.8423595163544,46,2.99254118359962,1,-3,11,Los Ríos_e11
938,Los Ríos,2012-07-01,2012,3,0.204576965462198,0.0681062162342182,0.0342634211856005,0.0289865800263787,0.0599033314003129,0.0933185128924411,134.410296747895,129.258080684637,292.0,2.259046385753,47,2.99254118359962,1,-2,11,Los Ríos_e11
939,Los Ríos,2012-10-01,2012,4,0.373210084458047,0.14592102269609,0.0806586419275167,0.0550236509029476,0.110036790344135,0.169479080097296,114.852644483825,97.5759336580838,292.0,2.99254118359962,48,2.99254118359962,1,-1,11,Los Ríos_e11
940,Los Ríos,2013-01-01,2013,1,0.27049580124246,0.085592902247351,0.0393645304722789,0.0409474933709582,0.080731805396337,0.119492438569567,127.29111545453,104.405463251539,318.0,3.04581762387145,49,2.99254118359962,1,0,11,Los Ríos_e11
941,Los Ríos,2013-04-01,2013,2,0.352063422423053,0.124736152239239,0.0653210775056898,0.0595969599541741,0.115958562703141,0.170551800321689,125.195384623172,104.0816589008,318.0,3.05529334715048,50,2.99254118359962,1,1,11,Los Ríos_e11
942,Los Ríos,2013-07-01,2013,3,0.391994038040093,0.150026019360469,0.0779905668696291,0.0661793228748738,0.128367619077235,0.187016436263666,126.981861698627,109.611488908714,318.0,2.90115573801608,51,2.99254118359962,1,2,11,Los Ríos_e11
943,Los Ríos,2013-10-01,2013,4,0.399948912677966,0.149101853510459,0.0748499595834462,0.0486904965967884,0.0968563111414506,0.147122702235295,109.644546999605,96.788154095769,318.0,3.28552603333408,52,2.99254118359962,1,3,11,Los Ríos_e11
944,Los Ríos,2014-01-01,2014,1,0.332346821534169,0.122911009040229,0.062159955497623,0.0386216888223973,0.0782127302352149,0.118803862942235,109.79653897889,96.956071502195,340.0,3.50674274165804,53,2.99254118359962,1,4,11,Los Ríos_e11
945,Manabí,2012-01-01,2012,1,0.301145538302089,0.0939326459888512,0.0404339326370291,0.0423439710465389,0.0845685348285522,0.126545070304125,129.271881277273,114.253231413276,292.0,2.55572640167857,45,3.24052134043821,1,-4,11,Manabí_e11
946,Manabí,2012-04-01,2012,2,0.414297997930582,0.172994187100612,0.0982913985523152,0.0626674395036206,0.12592206325747,0.196387095331805,109.325146169683,88.0696811166302,292.0,3.31555645822433,46,3.24052134043821,1,-3,11,Manabí_e11
947,Manabí,2012-07-01,2012,3,0.166384893959859,0.0519623114770008,0.0246647447551321,0.0526153309398613,0.102373122507302,0.149484862608172,162.571092271823,121.847038388106,292.0,2.3964472494598,47,3.24052134043821,1,-2,11,Manabí_e11
948,Manabí,2012-10-01,2012,4,0.443619714495938,0.188756839571502,0.107129184994084,0.0740519739508943,0.14348182195071,0.208919638556177,114.179295787081,90.1089575791881,292.0,3.24052134043821,48,3.24052134043821,1,-1,11,Manabí_e11
949,Manabí,2013-01-01,2013,1,0.304096858435192,0.0972579848862694,0.0428947192742474,0.0540637584356558,0.107024619909227,0.161049820146287,137.786774985648,96.724877110129,318.0,3.2876754098941,49,3.24052134043821,1,0,11,Manabí_e11
950,Manabí,2013-04-01,2013,2,0.415850862480654,0.159028253058145,0.0877209539741218,0.0563357163174995,0.11219242709043,0.167803609347721,111.692017475006,91.9640330345016,318.0,3.45787357847495,50,3.24052134043821,1,1,11,Manabí_e11
951,Manabí,2013-07-01,2013,3,0.275595688806519,0.0986519332672967,0.05367103742283,0.0926265763235339,0.179159489128451,0.278188339097972,172.818354285852,113.707823751019,318.0,2.79664133486814,51,3.24052134043821,1,2,11,Manabí_e11
952,Manabí,2013-10-01,2013,4,0.40372636432547,0.14815306734002,0.0787824464622528,0.0679365475947809,0.132612899153778,0.194700401947657,125.765084491557,96.683468499973,318.0,3.28908349000831,52,3.24052134043821,1,3,11,Manabí_e11
953,Manabí,2014-01-01,2014,1,0.394537277841482,0.160365497380282,0.0857108565895157,0.0674153072833064,0.13076637487043,0.190452229418208,117.840494488214,97.7064989575138,340.0,3.47980946638815,53,3.24052134043821,1,4,11,Manabí_e11
954,Pichincha,2012-01-01,2012,1,0.144128645933922,0.0510088537562119,0.0263770483055583,0.0693955865100374,0.135514343723445,0.205358585141256,222.624542325234,167.862487733855,292.0,1.73951907863396,45,1.80859321837454,0,-4,11,Pichincha_e11
955,Pichincha,2012-04-01,2012,2,0.180061784799682,0.0647161755705851,0.0317835699689172,0.0534857858602141,0.106066791223248,0.159262899720284,183.833252560014,156.130499266072,292.0,1.8702303609648,46,1.80859321837454,0,-3,11,Pichincha_e11
956,Pichincha,2012-07-01,2012,3,0.139650126842821,0.0472821627613764,0.0222797876291682,0.0573837942063311,0.111404587916711,0.164571168375647,209.337534926424,174.792135962166,292.0,1.6705557054535,47,1.80859321837454,0,-2,11,Pichincha_e11
957,Pichincha,2012-10-01,2012,4,0.178360940339744,0.0595710663737495,0.0303727635338391,0.0550939903746573,0.109202608902505,0.16309578395762,192.631658915004,161.45145134539,292.0,1.80859321837454,48,1.80859321837454,0,-1,11,Pichincha_e11
958,Pichincha,2013-01-01,2013,1,0.167193626800433,0.0561345785424532,0.0297987774676995,0.0616074083782209,0.121483230204433,0.185890843492671,200.586314711847,166.31069040087,318.0,1.91208393900297,49,1.80859321837454,0,0,11,Pichincha_e11
959,Pichincha,2013-04-01,2013,2,0.167843072960919,0.0585736310166916,0.0284394769898391,0.0652658805453236,0.127152359294951,0.186573108911426,207.394433936152,161.703759682762,318.0,1.96655909932995,50,1.80859321837454,0,1,11,Pichincha_e11
960,Pichincha,2013-07-01,2013,3,0.109812860209772,0.0395529646391228,0.021759516807043,0.0684619149549828,0.13522394095455,0.205560938389889,266.430435684716,208.793379297006,318.0,1.52303679872746,51,1.80859321837454,0,2,11,Pichincha_e11
961,Pichincha,2013-10-01,2013,4,0.0721137614191268,0.0248367651017541,0.0119148064767733,0.0561761153689107,0.10952784439021,0.160573608069185,263.249065410027,210.467608522975,318.0,1.51092133479194,52,1.80859321837454,0,3,11,Pichincha_e11
962,Pichincha,2014-01-01,2014,1,0.0942069425473713,0.0320838365091002,0.0159519147258854,0.0696205130751839,0.132976745333215,0.193077830216093,253.295097711528,186.899798082151,340.0,1.81915659347344,53,1.80859321837454,0,4,11,Pichincha_e11
963,Sierra,2012-01-01,2012,1,0.243185302277527,0.0925710141761578,0.042932653370952,0.0587962040636278,0.117175139423578,0.176445812386236,167.234580028403,135.499736493645,292.0,2.1549857406084,45,2.96430962556928,1,-4,11,Sierra_e11
964,Sierra,2012-04-01,2012,2,0.395394614710192,0.17884137921375,0.107751953404616,0.0773343341588921,0.155308916436544,0.243242834915762,126.386180234143,100.002708030367,292.0,2.91992092765458,46,2.96430962556928,1,-3,11,Sierra_e11
965,Sierra,2012-07-01,2012,3,0.307327131645978,0.105983397529999,0.0543253726211126,0.0756034045326083,0.149541952440478,0.22827172260303,171.337888411363,123.883400060427,292.0,2.35705510066376,47,2.96430962556928,1,-2,11,Sierra_e11
966,Sierra,2012-10-01,2012,4,0.411238117319603,0.185066473156999,0.112184491174559,0.0834046846709055,0.165536607707636,0.252605429944453,130.73973188478,98.505229508177,292.0,2.96430962556928,48,2.96430962556928,1,-1,11,Sierra_e11
967,Sierra,2013-01-01,2013,1,0.251272950644255,0.0956616420427338,0.050764128585819,0.0612280570109792,0.12209722113895,0.185514696008723,159.955168663433,138.430794609531,318.0,2.29717672933235,49,2.96430962556928,1,0,11,Sierra_e11
968,Sierra,2013-04-01,2013,2,0.382738794509061,0.17167509763519,0.105407303308463,0.0762345918124282,0.15334054155509,0.23762654557907,130.02498739093,101.967575965796,318.0,3.11863841998823,50,2.96430962556928,1,1,11,Sierra_e11
969,Sierra,2013-07-01,2013,3,0.260364856014419,0.102953781965381,0.0564300631789813,0.0791203585414605,0.15801272057553,0.244282726856077,196.760529438988,144.674918061684,318.0,2.19803131227223,51,2.96430962556928,1,2,11,Sierra_e11
970,Sierra,2013-10-01,2013,4,0.332036782869259,0.147361308482368,0.0852396954681242,0.0730848337914221,0.144331176449196,0.21481108153384,142.957032601766,113.466064359848,318.0,2.80260007072678,52,2.96430962556928,1,3,11,Sierra_e11
971,Sierra,2014-01-01,2014,1,0.329126147008807,0.140496765667167,0.0808928908399403,0.063646612083519,0.127624932433615,0.195090403491002,134.01854650725,113.656994167693,340.0,2.9914569049605,53,2.96430962556928,1,4,11,Sierra_e11
972,Amazonía,2013-01-01,2013,1,0.291603908132476,0.0946345334856054,0.0491785297671213,0.0677452267846488,0.137380727558073,0.213056942795411,184.437318007037,149.284854271012,318.0,2.13015581220786,49,2.61232253290928,0,-4,12,Amazonía_e12
973,Amazonía,2013-04-01,2013,2,0.375791789125636,0.182951824192113,0.117599182093872,0.0864956820141875,0.172968824649586,0.265747903750297,138.245670355263,103.531605539605,318.0,3.07152582385436,50,2.61232253290928,0,-3,12,Amazonía_e12
974,Amazonía,2013-07-01,2013,3,0.135342141792527,0.0491892468043461,0.0242137827441,0.0627245317495314,0.124854037203874,0.188364725410741,242.754066906998,178.639282408914,318.0,1.78012358598755,51,2.61232253290928,0,-2,12,Amazonía_e12
975,Amazonía,2013-10-01,2013,4,0.314654505306741,0.120515387878856,0.0704366746378044,0.0665457864379916,0.13444080337266,0.210223941736054,151.26428997044,121.730757207017,318.0,2.61232253290928,52,2.61232253290928,0,-1,12,Amazonía_e12
976,Amazonía,2014-01-01,2014,1,0.338780904149012,0.140725576217913,0.0812868870425319,0.0757127977541888,0.150257000268164,0.225252610250808,151.963045060821,118.380204228192,340.0,2.87210181986686,53,2.61232253290928,0,0,12,Amazonía_e12
977,Amazonía,2014-04-01,2014,2,0.341591129433845,0.1442282961494,0.0811451190497138,0.07384743336425,0.146471097296159,0.220420041451805,149.472161013708,119.087400247352,340.0,2.85504595191261,54,2.61232253290928,0,1,12,Amazonía_e12
978,Amazonía,2014-07-01,2014,3,0.306107636000062,0.127135787992731,0.0742897644629244,0.0750627390644868,0.151496609711836,0.231528958405887,175.01829074454,136.505773411587,340.0,2.49073714248586,55,2.61232253290928,0,2,12,Amazonía_e12
979,Amazonía,2014-10-01,2014,4,0.323921153902756,0.135468323657298,0.0784821366840865,0.0684458364688098,0.13819219029941,0.21321162365159,152.537573390114,122.617826463544,340.0,2.77284314855383,56,2.61232253290928,0,3,12,Amazonía_e12
980,Amazonía,2015-01-01,2015,1,0.39129510575804,0.195693847188371,0.123510940655121,0.0817249615894553,0.164532968946349,0.249812456515313,131.656670894368,106.137267284428,354.0,3.33530350891122,57,2.61232253290928,0,4,12,Amazonía_e12
981,Azuay,2013-01-01,2013,1,0.113611692718612,0.0490073515897689,0.0295189753309534,0.0554220278943837,0.112622157315012,0.178595659011045,217.705130305112,185.057274120085,318.0,1.71838692378905,49,2.36930985291047,0,-4,12,Azuay_e12
982,Azuay,2013-04-01,2013,2,0.251998024696523,0.102823974082989,0.0543875143167336,0.0624095508012957,0.125378205498751,0.1903458475774,170.490315888601,134.543740100683,318.0,2.36354363095624,50,2.36930985291047,0,-3,12,Azuay_e12
983,Azuay,2013-07-01,2013,3,0.108807930871836,0.0434111165187743,0.0284255879934712,0.0645147703196811,0.131441182987495,0.211478612944081,286.256993201614,221.392320790485,318.0,1.43636418311428,51,2.36930985291047,0,-2,12,Azuay_e12
984,Azuay,2013-10-01,2013,4,0.218236035417132,0.0924892209798063,0.0540555890312743,0.0690588229897904,0.135085206561907,0.201533630637104,173.424277504716,134.21629915115,318.0,2.36930985291047,52,2.36930985291047,0,-1,12,Azuay_e12
985,Azuay,2014-01-01,2014,1,0.229913320704065,0.0836114355051237,0.04958718987039,0.0655642967077306,0.130998116818749,0.206868163477433,166.05111928138,128.391793873136,340.0,2.64814432249426,53,2.36930985291047,0,0,12,Azuay_e12
986,Azuay,2014-04-01,2014,2,0.225270463743795,0.0911084521733461,0.0526095373808789,0.0654248193475104,0.130608082244016,0.197031923541751,177.352781076954,139.786612776321,340.0,2.43227869426988,54,2.36930985291047,0,1,12,Azuay_e12
987,Azuay,2014-07-01,2014,3,0.18497657173751,0.0656129868967436,0.0300496805037644,0.0714765222576584,0.140447548961455,0.20664469468179,230.651894746513,168.572045045275,340.0,2.01694177648899,55,2.36930985291047,0,2,12,Azuay_e12
988,Azuay,2014-10-01,2014,4,0.178304682408603,0.0587936190636737,0.0277714194939206,0.0469631945913426,0.093439563937014,0.140200467445139,172.765339702221,151.405165737231,340.0,2.24563011667701,56,2.36930985291047,0,3,12,Azuay_e12
989,Azuay,2015-01-01,2015,1,0.272503938709633,0.0705907727307958,0.0266775436843953,0.0549298617183485,0.107669195649365,0.1586177606313,156.228554084262,125.57041077067,354.0,2.81913547807464,57,2.36930985291047,0,4,12,Azuay_e12
990,"Costa, Santo Domingo",2013-01-01,2013,1,0.318845212288523,0.127323895733516,0.0647560681517294,0.0702805550804762,0.143310422504216,0.217814969035394,197.234172910279,149.77836699071,318.0,2.12313704835441,49,3.40190526931303,1,-4,12,"Costa, Santo Domingo_e12"
991,"Costa, Santo Domingo",2013-04-01,2013,2,0.421405184680502,0.187637709712183,0.11461345701226,0.0848173688882284,0.164527350963612,0.242320762271012,122.49131827328,93.6830795646248,318.0,3.3944230001602,50,3.40190526931303,1,-3,12,"Costa, Santo Domingo_e12"
992,"Costa, Santo Domingo",2013-07-01,2013,3,0.338999265471069,0.170489351816681,0.10321091712768,0.084212112852063,0.165281353583395,0.243863643044241,148.096079496178,115.461386989604,318.0,2.75416750388276,51,3.40190526931303,1,-2,12,"Costa, Santo Domingo_e12"
993,"Costa, Santo Domingo",2013-10-01,2013,4,0.388850329232982,0.151469503560876,0.0825665266021937,0.0686656275843882,0.132746740467843,0.196570348081652,119.614801495265,93.477029730524,318.0,3.40190526931303,52,3.40190526931303,1,-1,12,"Costa, Santo Domingo_e12"
994,"Costa, Santo Domingo",2014-01-01,2014,1,0.335853456063077,0.127761760287614,0.0699996676389963,0.0605823841487654,0.118684812689523,0.177048713821963,123.528920895849,100.294017098491,340.0,3.39003272414657,53,3.40190526931303,1,0,12,"Costa, Santo Domingo_e12"
995,"Costa, Santo Domingo",2014-04-01,2014,2,0.371545368364703,0.148899685947449,0.0806826022845095,0.0646470656817074,0.126847527549043,0.189592428058172,122.676761727488,99.6813952186738,340.0,3.41086718593909,54,3.40190526931303,1,1,12,"Costa, Santo Domingo_e12"
996,"Costa, Santo Domingo",2014-07-01,2014,3,0.361466791916449,0.152621367824445,0.087101509726004,0.0734464199351914,0.143955228136471,0.218220374681358,130.622536410773,103.097155382002,340.0,3.29786014696729,55,3.40190526931303,1,2,12,"Costa, Santo Domingo_e12"
997,"Costa, Santo Domingo",2014-10-01,2014,4,0.320103454548324,0.122757233123291,0.0636483132228476,0.0585461647667246,0.114573144071221,0.169796466999749,128.819824444042,104.049855257783,340.0,3.26766432454567,56,3.40190526931303,1,3,12,"Costa, Santo Domingo_e12"
998,"Costa, Santo Domingo",2015-01-01,2015,1,0.404155432219666,0.163997729232235,0.0945287845091514,0.0635829265198148,0.127564780540131,0.199973994693273,113.438922742888,97.0271270704192,354.0,3.64846420468657,57,3.40190526931303,1,4,12,"Costa, Santo Domingo_e12"
999,El Oro,2013-01-01,2013,1,0.178407279404396,0.061186365088657,0.0283604603792284,0.0394991752659972,0.0788427492240875,0.118404728492909,160.516142571144,149.943771748118,318.0,2.12079499063283,49,2.399383684194,0,-4,12,El Oro_e12
1000,El Oro,2013-04-01,2013,2,0.182762386369153,0.0625679033613128,0.028907921621226,0.0398584894752231,0.0798353339740976,0.121501027201439,156.529847015008,142.70027493754,318.0,2.22844700291705,50,2.399383684194,0,-3,12,El Oro_e12
1001,El Oro,2013-07-01,2013,3,0.189529694781424,0.0567284310619614,0.0269548100521739,0.0585369907232424,0.111798483021076,0.162840773365901,162.549716431605,125.598578457735,318.0,2.53187578955768,51,2.399383684194,0,-2,12,El Oro_e12
1002,El Oro,2013-10-01,2013,4,0.232217587082842,0.0686791720453029,0.0321253776561858,0.0522473701814088,0.102024539458711,0.15009520344211,159.071615397485,132.534034508459,318.0,2.399383684194,52,2.399383684194,0,-1,12,El Oro_e12
1003,El Oro,2014-01-01,2014,1,0.240296958471401,0.0764839751944983,0.0340524904581541,0.0478935302875813,0.0947837585657244,0.141018348864841,152.031149333538,133.781840552309,340.0,2.54145105640895,53,2.399383684194,0,0,12,El Oro_e12
1004,El Oro,2014-04-01,2014,2,0.215670789773963,0.0627426214324519,0.028223449306323,0.0481995249522041,0.0947451743573885,0.141686797858388,156.209106834983,128.671828966979,340.0,2.64238103032836,54,2.399383684194,0,1,12,El Oro_e12
1005,El Oro,2014-07-01,2014,3,0.172601070653234,0.0549032267113438,0.0266623491545935,0.0433817094776492,0.0864144356278405,0.129383710579048,173.397939929171,153.523336679663,340.0,2.21464701949147,55,2.399383684194,0,2,12,El Oro_e12
1006,El Oro,2014-10-01,2014,4,0.206454620353831,0.0717931123629179,0.037368543394073,0.0500645319894159,0.098834609497262,0.148193237784158,160.842959982293,138.548330631154,340.0,2.45401729815969,56,2.399383684194,0,3,12,El Oro_e12
1007,El Oro,2015-01-01,2015,1,0.222314666306699,0.0590433079052717,0.0262612719004538,0.0381799200990117,0.0755352563910885,0.112291587475524,145.461766202531,131.399030700273,354.0,2.69408380041623,57,2.399383684194,0,4,12,El Oro_e12
1008,Guayas,2013-01-01,2013,1,0.225929078973439,0.0714910457777414,0.0364203749866211,0.053663342067208,0.106055218744429,0.159992686718994,156.280959606675,127.897012198789,318.0,2.48637551834077,49,2.47085988052349,0,-4,12,Guayas_e12
1009,Guayas,2013-04-01,2013,2,0.258367390010671,0.103474731664749,0.0594970884329657,0.0594262283682427,0.120598317123833,0.190315872849663,150.257642893957,121.636093614663,318.0,2.61435557941713,50,2.47085988052349,0,-3,12,Guayas_e12
1010,Guayas,2013-07-01,2013,3,0.233616845056185,0.0775511806216013,0.0384374994366458,0.0711667341830991,0.136808119187736,0.203188277468183,174.567581380086,129.902849997366,318.0,2.44798324291151,51,2.47085988052349,0,-2,12,Guayas_e12
1011,Guayas,2013-10-01,2013,4,0.242102370212265,0.0842186539669286,0.0446540664598042,0.0685192559784967,0.132652645036727,0.197568571565085,163.732706910224,128.700134923323,318.0,2.47085988052349,52,2.47085988052349,0,-1,12,Guayas_e12
1012,Guayas,2014-01-01,2014,1,0.247884485841275,0.0929102537685853,0.0505501066465588,0.0628342436281035,0.122193452893704,0.17969429045341,152.274136384933,123.631848024986,340.0,2.75010044281862,53,2.47085988052349,0,0,12,Guayas_e12
1013,Guayas,2014-04-01,2014,2,0.196878797462743,0.0608156197400843,0.0284774466679157,0.0550732404783908,0.107109975419486,0.156570838029713,165.427049390012,132.187168238388,340.0,2.57211047434529,54,2.47085988052349,0,1,12,Guayas_e12
1014,Guayas,2014-07-01,2014,3,0.230380813756871,0.0908968673706833,0.0492248414757547,0.0547528293784645,0.108905756418341,0.163450837990686,157.730279363411,137.161650907356,340.0,2.4788269735077,55,2.47085988052349,0,2,12,Guayas_e12
1015,Guayas,2014-10-01,2014,4,0.267431200386213,0.0977171330175965,0.0537046103119493,0.0610234092141291,0.119375224937034,0.179423726767866,153.368121471251,133.642015927428,340.0,2.54411008125342,56,2.47085988052349,0,3,12,Guayas_e12
1016,Guayas,2015-01-01,2015,1,0.248231924321391,0.0885494083172502,0.0454603394954108,0.052355875567241,0.10464125050617,0.159961317625383,153.151231891667,135.085059622783,354.0,2.62057107565059,57,2.47085988052349,0,4,12,Guayas_e12
1017,Los Ríos,2013-01-01,2013,1,0.27049580124246,0.085592902247351,0.0393645304722789,0.0409474933709582,0.080731805396337,0.119492438569567,127.29111545453,104.405463251539,318.0,3.04581762387145,49,3.28552603333408,1,-4,12,Los Ríos_e12
1018,Los Ríos,2013-04-01,2013,2,0.352063422423053,0.124736152239239,0.0653210775056898,0.0595969599541741,0.115958562703141,0.170551800321689,125.195384623172,104.0816589008,318.0,3.05529334715048,50,3.28552603333408,1,-3,12,Los Ríos_e12
1019,Los Ríos,2013-07-01,2013,3,0.391994038040093,0.150026019360469,0.0779905668696291,0.0661793228748738,0.128367619077235,0.187016436263666,126.981861698627,109.611488908714,318.0,2.90115573801608,51,3.28552603333408,1,-2,12,Los Ríos_e12
1020,Los Ríos,2013-10-01,2013,4,0.399948912677966,0.149101853510459,0.0748499595834462,0.0486904965967884,0.0968563111414506,0.147122702235295,109.644546999605,96.788154095769,318.0,3.28552603333408,52,3.28552603333408,1,-1,12,Los Ríos_e12
1021,Los Ríos,2014-01-01,2014,1,0.332346821534169,0.122911009040229,0.062159955497623,0.0386216888223973,0.0782127302352149,0.118803862942235,109.79653897889,96.956071502195,340.0,3.50674274165804,53,3.28552603333408,1,0,12,Los Ríos_e12
1022,Los Ríos,2014-04-01,2014,2,0.361555843492296,0.122966493346302,0.0597482648389656,0.0443009873531393,0.0874339574000494,0.129715300810872,113.157769702878,99.3370979731087,340.0,3.42268907525405,54,3.28552603333408,1,1,12,Los Ríos_e12
1023,Los Ríos,2014-07-01,2014,3,0.363706992680318,0.149699381835875,0.0796062470643995,0.0557606994487325,0.109657246532864,0.161989260265368,115.456281091265,97.6127497638004,340.0,3.48315154344816,55,3.28552603333408,1,2,12,Los Ríos_e12
1024,Los Ríos,2014-10-01,2014,4,0.332837624057859,0.12353587755518,0.0621574085043753,0.0405837975964666,0.081189941100034,0.122780805965198,110.935044223037,97.2257309889462,340.0,3.49701664921044,56,3.28552603333408,1,3,12,Los Ríos_e12
1025,Los Ríos,2015-01-01,2015,1,0.351700390755669,0.104858817330041,0.0476085108413499,0.0570376936203553,0.106983433536235,0.1516222865429,120.230963659644,99.8863229325423,354.0,3.54402874795053,57,3.28552603333408,1,4,12,Los Ríos_e12
1026,Manabí,2013-01-01,2013,1,0.304096858435192,0.0972579848862694,0.0428947192742474,0.0540637584356558,0.107024619909227,0.161049820146287,137.786774985648,96.724877110129,318.0,3.2876754098941,49,3.28908349000831,1,-4,12,Manabí_e12
1027,Manabí,2013-04-01,2013,2,0.415850862480654,0.159028253058145,0.0877209539741218,0.0563357163174995,0.11219242709043,0.167803609347721,111.692017475006,91.9640330345016,318.0,3.45787357847495,50,3.28908349000831,1,-3,12,Manabí_e12
1028,Manabí,2013-07-01,2013,3,0.275595688806519,0.0986519332672967,0.05367103742283,0.0926265763235339,0.179159489128451,0.278188339097972,172.818354285852,113.707823751019,318.0,2.79664133486814,51,3.28908349000831,1,-2,12,Manabí_e12
1029,Manabí,2013-10-01,2013,4,0.40372636432547,0.14815306734002,0.0787824464622528,0.0679365475947809,0.132612899153778,0.194700401947657,125.765084491557,96.683468499973,318.0,3.28908349000831,52,3.28908349000831,1,-1,12,Manabí_e12
1030,Manabí,2014-01-01,2014,1,0.394537277841482,0.160365497380282,0.0857108565895157,0.0674153072833064,0.13076637487043,0.190452229418208,117.840494488214,97.7064989575138,340.0,3.47980946638815,53,3.28908349000831,1,0,12,Manabí_e12
1031,Manabí,2014-04-01,2014,2,0.444708422687253,0.182672827588656,0.101017216049945,0.0817805562281946,0.158365919751852,0.232327177331891,125.21397520347,92.5466515325938,340.0,3.67382281659598,54,3.28908349000831,1,1,12,Manabí_e12
1032,Manabí,2014-07-01,2014,3,0.395470560309811,0.158599591666001,0.0868821680981334,0.0676933485919108,0.132048151409027,0.193569949544629,123.145613853078,98.1587889562144,340.0,3.46377541548178,55,3.28908349000831,1,2,12,Manabí_e12
1033,Manabí,2014-10-01,2014,4,0.384195948906949,0.153680796102445,0.0847820984163522,0.0624194181620454,0.122911671115708,0.183446709685217,121.933876757952,102.927427812882,340.0,3.30329832606043,56,3.28908349000831,1,3,12,Manabí_e12
1034,Manabí,2015-01-01,2015,1,0.466848984285038,0.155282893527124,0.0747549430920369,0.0533245398785069,0.104278481065669,0.153161932273844,106.558714441745,83.3816435554261,354.0,4.24553876495234,57,3.28908349000831,1,4,12,Manabí_e12
1035,Pichincha,2013-01-01,2013,1,0.167193626800433,0.0561345785424532,0.0297987774676995,0.0616074083782209,0.121483230204433,0.185890843492671,200.586314711847,166.31069040087,318.0,1.91208393900297,49,1.51092133479194,0,-4,12,Pichincha_e12
1036,Pichincha,2013-04-01,2013,2,0.167843072960919,0.0585736310166916,0.0284394769898391,0.0652658805453236,0.127152359294951,0.186573108911426,207.394433936152,161.703759682762,318.0,1.96655909932995,50,1.51092133479194,0,-3,12,Pichincha_e12
1037,Pichincha,2013-07-01,2013,3,0.109812860209772,0.0395529646391228,0.021759516807043,0.0684619149549828,0.13522394095455,0.205560938389889,266.430435684716,208.793379297006,318.0,1.52303679872746,51,1.51092133479194,0,-2,12,Pichincha_e12
1038,Pichincha,2013-10-01,2013,4,0.0721137614191268,0.0248367651017541,0.0119148064767733,0.0561761153689107,0.10952784439021,0.160573608069185,263.249065410027,210.467608522975,318.0,1.51092133479194,52,1.51092133479194,0,-1,12,Pichincha_e12
1039,Pichincha,2014-01-01,2014,1,0.0942069425473713,0.0320838365091002,0.0159519147258854,0.0696205130751839,0.132976745333215,0.193077830216093,253.295097711528,186.899798082151,340.0,1.81915659347344,53,1.51092133479194,0,0,12,Pichincha_e12
1040,Pichincha,2014-04-01,2014,2,0.0868681972775215,0.0231224646917189,0.0103453102021029,0.059657402475655,0.114819938091511,0.1663544379535,253.786910265058,198.373174437208,340.0,1.71394141856424,54,1.51092133479194,0,1,12,Pichincha_e12
1041,Pichincha,2014-07-01,2014,3,0.0589351077386293,0.0173298359960702,0.0079544269620316,0.0500255353315897,0.0991530194035003,0.14757744531812,313.581289529981,258.582063462527,340.0,1.31486304752639,55,1.51092133479194,0,2,12,Pichincha_e12
1042,Pichincha,2014-10-01,2014,4,0.0740375508677116,0.0229201985597966,0.0106078592519842,0.0613930169219592,0.117692792484103,0.169673540344133,254.979581516942,199.656181365637,340.0,1.70292749102191,56,1.51092133479194,0,3,12,Pichincha_e12
1043,Pichincha,2015-01-01,2015,1,0.0955285060630519,0.0340880171308361,0.019601321310627,0.055305097483221,0.109893144901377,0.17043226135608,230.184904813091,193.340064046523,354.0,1.83097073928152,57,1.51092133479194,0,4,12,Pichincha_e12
1044,Sierra,2013-01-01,2013,1,0.251272950644255,0.0956616420427338,0.050764128585819,0.0612280570109792,0.12209722113895,0.185514696008723,159.955168663433,138.430794609531,318.0,2.29717672933235,49,2.80260007072678,1,-4,12,Sierra_e12
1045,Sierra,2013-04-01,2013,2,0.382738794509061,0.17167509763519,0.105407303308463,0.0762345918124282,0.15334054155509,0.23762654557907,130.02498739093,101.967575965796,318.0,3.11863841998823,50,2.80260007072678,1,-3,12,Sierra_e12
1046,Sierra,2013-07-01,2013,3,0.260364856014419,0.102953781965381,0.0564300631789813,0.0791203585414605,0.15801272057553,0.244282726856077,196.760529438988,144.674918061684,318.0,2.19803131227223,51,2.80260007072678,1,-2,12,Sierra_e12
1047,Sierra,2013-10-01,2013,4,0.332036782869259,0.147361308482368,0.0852396954681242,0.0730848337914221,0.144331176449196,0.21481108153384,142.957032601766,113.466064359848,318.0,2.80260007072678,52,2.80260007072678,1,-1,12,Sierra_e12
1048,Sierra,2014-01-01,2014,1,0.329126147008807,0.140496765667167,0.0808928908399403,0.063646612083519,0.127624932433615,0.195090403491002,134.01854650725,113.656994167693,340.0,2.9914569049605,53,2.80260007072678,1,0,12,Sierra_e12
1049,Sierra,2014-04-01,2014,2,0.336991367181275,0.138759168962888,0.0802026377287493,0.0702582631295373,0.140283689637208,0.215398581114632,140.686655905055,111.098365563872,340.0,3.06035105264018,54,2.80260007072678,1,1,12,Sierra_e12
1050,Sierra,2014-07-01,2014,3,0.271942509876674,0.11677794594641,0.0692584870520669,0.0714927649127967,0.14358257313759,0.219666614237441,167.663664483732,130.01333800154,340.0,2.6151163044208,55,2.80260007072678,1,2,12,Sierra_e12
1051,Sierra,2014-10-01,2014,4,0.308831219160181,0.131674910283843,0.0763017576997578,0.0665327354390796,0.133957153024549,0.206291202854376,148.253851266998,120.677932615371,340.0,2.81741651212787,56,2.80260007072678,1,3,12,Sierra_e12
1052,Sierra,2015-01-01,2015,1,0.367488235332503,0.160051279318277,0.0932954566481904,0.0697644449791182,0.139708160689939,0.213965521998248,127.817595463257,99.5857005671733,354.0,3.55472721468899,57,2.80260007072678,1,4,12,Sierra_e12
1053,Amazonía,2014-01-01,2014,1,0.338780904149012,0.140725576217913,0.0812868870425319,0.0757127977541888,0.150257000268164,0.225252610250808,151.963045060821,118.380204228192,340.0,2.87210181986686,53,2.77284314855383,0,-4,13,Amazonía_e13
1054,Amazonía,2014-04-01,2014,2,0.341591129433845,0.1442282961494,0.0811451190497138,0.07384743336425,0.146471097296159,0.220420041451805,149.472161013708,119.087400247352,340.0,2.85504595191261,54,2.77284314855383,0,-3,13,Amazonía_e13
1055,Amazonía,2014-07-01,2014,3,0.306107636000062,0.127135787992731,0.0742897644629244,0.0750627390644868,0.151496609711836,0.231528958405887,175.01829074454,136.505773411587,340.0,2.49073714248586,55,2.77284314855383,0,-2,13,Amazonía_e13
1056,Amazonía,2014-10-01,2014,4,0.323921153902756,0.135468323657298,0.0784821366840865,0.0684458364688098,0.13819219029941,0.21321162365159,152.537573390114,122.617826463544,340.0,2.77284314855383,56,2.77284314855383,0,-1,13,Amazonía_e13
1057,Amazonía,2015-01-01,2015,1,0.39129510575804,0.195693847188371,0.123510940655121,0.0817249615894553,0.164532968946349,0.249812456515313,131.656670894368,106.137267284428,354.0,3.33530350891122,57,2.77284314855383,0,0,13,Amazonía_e13
1058,Amazonía,2015-04-01,2015,2,0.333345056405257,0.150281259996918,0.0882810130932849,0.0708623463289716,0.142813371698466,0.219199859391984,144.075436434254,118.223204079018,354.0,2.99433603375691,58,2.77284314855383,0,1,13,Amazonía_e13
1059,Amazonía,2015-07-01,2015,3,0.279220676580552,0.121876781005046,0.0727759857306277,0.0775961038973745,0.155607472836591,0.238392322962998,179.41161099032,137.406295175223,354.0,2.57630117709361,59,2.77284314855383,0,2,13,Amazonía_e13
1060,Amazonía,2015-10-01,2015,4,0.40303411654894,0.179912075423811,0.106595323782517,0.0817079901451642,0.162567519263341,0.247629808399411,137.212673460653,104.301933602361,354.0,3.39399268808942,60,2.77284314855383,0,3,13,Amazonía_e13
1061,Amazonía,2016-01-01,2016,1,0.43173642843765,0.204557281860958,0.127114524959298,0.0822110060768558,0.166237579840688,0.25975263727339,123.712582166687,95.3083045966193,366.0,3.8401690340527,61,2.77284314855383,0,4,13,Amazonía_e13
1062,Azuay,2014-01-01,2014,1,0.229913320704065,0.0836114355051237,0.04958718987039,0.0655642967077306,0.130998116818749,0.206868163477433,166.05111928138,128.391793873136,340.0,2.64814432249426,53,2.24563011667701,0,-4,13,Azuay_e13
1063,Azuay,2014-04-01,2014,2,0.225270463743795,0.0911084521733461,0.0526095373808789,0.0654248193475104,0.130608082244016,0.197031923541751,177.352781076954,139.786612776321,340.0,2.43227869426988,54,2.24563011667701,0,-3,13,Azuay_e13
1064,Azuay,2014-07-01,2014,3,0.18497657173751,0.0656129868967436,0.0300496805037644,0.0714765222576584,0.140447548961455,0.20664469468179,230.651894746513,168.572045045275,340.0,2.01694177648899,55,2.24563011667701,0,-2,13,Azuay_e13
1065,Azuay,2014-10-01,2014,4,0.178304682408603,0.0587936190636737,0.0277714194939206,0.0469631945913426,0.093439563937014,0.140200467445139,172.765339702221,151.405165737231,340.0,2.24563011667701,56,2.24563011667701,0,-1,13,Azuay_e13
1066,Azuay,2015-01-01,2015,1,0.272503938709633,0.0705907727307958,0.0266775436843953,0.0549298617183485,0.107669195649365,0.1586177606313,156.228554084262,125.57041077067,354.0,2.81913547807464,57,2.24563011667701,0,0,13,Azuay_e13
1067,Azuay,2015-04-01,2015,2,0.212209381937176,0.0734028812448169,0.0374627175469738,0.0632712538048633,0.124036630221929,0.182884703574478,183.634647479313,156.875325759389,354.0,2.25656901929215,58,2.24563011667701,0,1,13,Azuay_e13
1068,Azuay,2015-07-01,2015,3,0.179275293414104,0.0664701389252552,0.0405780649323416,0.0656033222396488,0.13238458748334,0.201863545034648,225.00935014123,178.473508362674,354.0,1.98348765173955,59,2.24563011667701,0,2,13,Azuay_e13
1069,Azuay,2015-10-01,2015,4,0.221086101970911,0.0790025200054921,0.0400283893096173,0.0593816479063619,0.118187824148318,0.177850534170582,178.604123752925,148.389120865307,354.0,2.38561963259642,60,2.24563011667701,0,3,13,Azuay_e13
1070,Azuay,2016-01-01,2016,1,0.251240116654313,0.126750554109091,0.0886645819107588,0.0751411024693,0.151842597458502,0.232324639666449,158.857555974743,124.632543253775,366.0,2.93663268392715,61,2.24563011667701,0,4,13,Azuay_e13
1071,"Costa, Santo Domingo",2014-01-01,2014,1,0.335853456063077,0.127761760287614,0.0699996676389963,0.0605823841487654,0.118684812689523,0.177048713821963,123.528920895849,100.294017098491,340.0,3.39003272414657,53,3.26766432454567,1,-4,13,"Costa, Santo Domingo_e13"
1072,"Costa, Santo Domingo",2014-04-01,2014,2,0.371545368364703,0.148899685947449,0.0806826022845095,0.0646470656817074,0.126847527549043,0.189592428058172,122.676761727488,99.6813952186738,340.0,3.41086718593909,54,3.26766432454567,1,-3,13,"Costa, Santo Domingo_e13"
1073,"Costa, Santo Domingo",2014-07-01,2014,3,0.361466791916449,0.152621367824445,0.087101509726004,0.0734464199351914,0.143955228136471,0.218220374681358,130.622536410773,103.097155382002,340.0,3.29786014696729,55,3.26766432454567,1,-2,13,"Costa, Santo Domingo_e13"
1074,"Costa, Santo Domingo",2014-10-01,2014,4,0.320103454548324,0.122757233123291,0.0636483132228476,0.0585461647667246,0.114573144071221,0.169796466999749,128.819824444042,104.049855257783,340.0,3.26766432454567,56,3.26766432454567,1,-1,13,"Costa, Santo Domingo_e13"
1075,"Costa, Santo Domingo",2015-01-01,2015,1,0.404155432219666,0.163997729232235,0.0945287845091514,0.0635829265198148,0.127564780540131,0.199973994693273,113.438922742888,97.0271270704192,354.0,3.64846420468657,57,3.26766432454567,1,0,13,"Costa, Santo Domingo_e13"
1076,"Costa, Santo Domingo",2015-04-01,2015,2,0.352588608964816,0.1348825175238,0.0725262494533651,0.0597270404135979,0.117658030542811,0.175823711203681,122.763313932414,102.875294904852,354.0,3.44105939455543,58,3.26766432454567,1,1,13,"Costa, Santo Domingo_e13"
1077,"Costa, Santo Domingo",2015-07-01,2015,3,0.375510633685436,0.147522264215486,0.0809906063564137,0.0834549227639972,0.160942850948251,0.235063639387357,141.089241904133,104.485906132559,354.0,3.38801674888944,59,3.26766432454567,1,2,13,"Costa, Santo Domingo_e13"
1078,"Costa, Santo Domingo",2015-10-01,2015,4,0.383798207158412,0.153938843279572,0.0853424373966281,0.0652356595597533,0.128171243301181,0.19146810566134,122.785581021071,98.6048356272235,354.0,3.59008762347417,60,3.26766432454567,1,3,13,"Costa, Santo Domingo_e13"
1079,"Costa, Santo Domingo",2016-01-01,2016,1,0.383752700556184,0.158156264104389,0.0925905622169932,0.0760922318089733,0.147660144387114,0.219967062593357,121.437877404914,93.3774553015571,366.0,3.91957564936873,61,3.26766432454567,1,4,13,"Costa, Santo Domingo_e13"
1080,El Oro,2014-01-01,2014,1,0.240296958471401,0.0764839751944983,0.0340524904581541,0.0478935302875813,0.0947837585657244,0.141018348864841,152.031149333538,133.781840552309,340.0,2.54145105640895,53,2.45401729815969,0,-4,13,El Oro_e13
1081,El Oro,2014-04-01,2014,2,0.215670789773963,0.0627426214324519,0.028223449306323,0.0481995249522041,0.0947451743573885,0.141686797858388,156.209106834983,128.671828966979,340.0,2.64238103032836,54,2.45401729815969,0,-3,13,El Oro_e13
1082,El Oro,2014-07-01,2014,3,0.172601070653234,0.0549032267113438,0.0266623491545935,0.0433817094776492,0.0864144356278405,0.129383710579048,173.397939929171,153.523336679663,340.0,2.21464701949147,55,2.45401729815969,0,-2,13,El Oro_e13
1083,El Oro,2014-10-01,2014,4,0.206454620353831,0.0717931123629179,0.037368543394073,0.0500645319894159,0.098834609497262,0.148193237784158,160.842959982293,138.548330631154,340.0,2.45401729815969,56,2.45401729815969,0,-1,13,El Oro_e13
1084,El Oro,2015-01-01,2015,1,0.222314666306699,0.0590433079052717,0.0262612719004538,0.0381799200990117,0.0755352563910885,0.112291587475524,145.461766202531,131.399030700273,354.0,2.69408380041623,57,2.45401729815969,0,0,13,El Oro_e13
1085,El Oro,2015-04-01,2015,2,0.16107060617105,0.0471786054237758,0.0215404058117118,0.0424779652308227,0.0841933067647656,0.126890558801161,169.182154023353,148.420142373109,354.0,2.3851210107998,58,2.45401729815969,0,1,13,El Oro_e13
1086,El Oro,2015-07-01,2015,3,0.198635615387705,0.0777976947553511,0.0413988868098702,0.0472851930187739,0.095324732304199,0.14994757435781,157.561187547887,141.681416916295,354.0,2.49856338046889,59,2.45401729815969,0,2,13,El Oro_e13
1087,El Oro,2015-10-01,2015,4,0.135642431840518,0.044718115474971,0.0215427918076783,0.0407244198117397,0.0810886113290791,0.122236378564403,173.441942659246,148.875309422781,354.0,2.37782881105355,60,2.45401729815969,0,3,13,El Oro_e13
1088,El Oro,2016-01-01,2016,1,0.234982891968443,0.0847160938116536,0.0443950068550393,0.0502467219143711,0.0993030817877055,0.148416656543532,149.284831784859,134.837684221508,366.0,2.71437470995678,61,2.45401729815969,0,4,13,El Oro_e13
1089,Guayas,2014-01-01,2014,1,0.247884485841275,0.0929102537685853,0.0505501066465588,0.0628342436281035,0.122193452893704,0.17969429045341,152.274136384933,123.631848024986,340.0,2.75010044281862,53,2.54411008125342,0,-4,13,Guayas_e13
1090,Guayas,2014-04-01,2014,2,0.196878797462743,0.0608156197400843,0.0284774466679157,0.0550732404783908,0.107109975419486,0.156570838029713,165.427049390012,132.187168238388,340.0,2.57211047434529,54,2.54411008125342,0,-3,13,Guayas_e13
1091,Guayas,2014-07-01,2014,3,0.230380813756871,0.0908968673706833,0.0492248414757547,0.0547528293784645,0.108905756418341,0.163450837990686,157.730279363411,137.161650907356,340.0,2.4788269735077,55,2.54411008125342,0,-2,13,Guayas_e13
1092,Guayas,2014-10-01,2014,4,0.267431200386213,0.0977171330175965,0.0537046103119493,0.0610234092141291,0.119375224937034,0.179423726767866,153.368121471251,133.642015927428,340.0,2.54411008125342,56,2.54411008125342,0,-1,13,Guayas_e13
1093,Guayas,2015-01-01,2015,1,0.248231924321391,0.0885494083172502,0.0454603394954108,0.052355875567241,0.10464125050617,0.159961317625383,153.151231891667,135.085059622783,354.0,2.62057107565059,57,2.54411008125342,0,0,13,Guayas_e13
1094,Guayas,2015-04-01,2015,2,0.212433871765618,0.0738614274237164,0.0345246198084352,0.0525502926375081,0.101584015487458,0.148292151394586,153.938944311938,131.513291015642,354.0,2.69174314828679,58,2.54411008125342,0,1,13,Guayas_e13
1095,Guayas,2015-07-01,2015,3,0.250725321378865,0.0915061960950093,0.0460539013570415,0.0531319779063586,0.105585694984861,0.159978010710998,149.649358889541,127.993199585609,354.0,2.76577194058833,59,2.54411008125342,0,2,13,Guayas_e13
1096,Guayas,2015-10-01,2015,4,0.230098402112741,0.0773451665926687,0.0393452401492328,0.0614502212549453,0.117918402440127,0.171220659851269,165.842517332679,134.217942744532,354.0,2.63750131138425,60,2.54411008125342,0,3,13,Guayas_e13
1097,Guayas,2016-01-01,2016,1,0.235557747630837,0.094998620310463,0.0545233318190073,0.0567383458648521,0.112122591696784,0.172143606276411,141.876885933011,120.236080198365,366.0,3.04401140985446,61,2.54411008125342,0,4,13,Guayas_e13
1098,Los Ríos,2014-01-01,2014,1,0.332346821534169,0.122911009040229,0.062159955497623,0.0386216888223973,0.0782127302352149,0.118803862942235,109.79653897889,96.956071502195,340.0,3.50674274165804,53,3.49701664921044,1,-4,13,Los Ríos_e13
1099,Los Ríos,2014-04-01,2014,2,0.361555843492296,0.122966493346302,0.0597482648389656,0.0443009873531393,0.0874339574000494,0.129715300810872,113.157769702878,99.3370979731087,340.0,3.42268907525405,54,3.49701664921044,1,-3,13,Los Ríos_e13
1100,Los Ríos,2014-07-01,2014,3,0.363706992680318,0.149699381835875,0.0796062470643995,0.0557606994487325,0.109657246532864,0.161989260265368,115.456281091265,97.6127497638004,340.0,3.48315154344816,55,3.49701664921044,1,-2,13,Los Ríos_e13
1101,Los Ríos,2014-10-01,2014,4,0.332837624057859,0.12353587755518,0.0621574085043753,0.0405837975964666,0.081189941100034,0.122780805965198,110.935044223037,97.2257309889462,340.0,3.49701664921044,56,3.49701664921044,1,-1,13,Los Ríos_e13
1102,Los Ríos,2015-01-01,2015,1,0.351700390755669,0.104858817330041,0.0476085108413499,0.0570376936203553,0.106983433536235,0.1516222865429,120.230963659644,99.8863229325423,354.0,3.54402874795053,57,3.49701664921044,1,0,13,Los Ríos_e13
1103,Los Ríos,2015-04-01,2015,2,0.361114752480989,0.121740886793978,0.0619212936735904,0.0450215291245346,0.090739309597106,0.138441856439421,116.99885528569,101.879736198059,354.0,3.47468508665754,58,3.49701664921044,1,1,13,Los Ríos_e13
1104,Los Ríos,2015-07-01,2015,3,0.340095428420253,0.114624524896317,0.0518780679180508,0.0479316798058649,0.0931267487597121,0.13628769338861,123.875842979651,112.261848591397,354.0,3.15334198075132,59,3.49701664921044,1,2,13,Los Ríos_e13
1105,Los Ríos,2015-10-01,2015,4,0.27331288424784,0.0900069794807732,0.0444571692908509,0.0474125296044304,0.092092738557741,0.13531838989022,130.019446955681,115.752826733713,354.0,3.05824064940003,60,3.49701664921044,1,3,13,Los Ríos_e13
1106,Los Ríos,2016-01-01,2016,1,0.438033389396392,0.179804298573985,0.0976188529818194,0.0523155098828804,0.103974062194353,0.155168576712359,99.4060360398396,88.7766556687615,366.0,4.12270542568757,61,3.49701664921044,1,4,13,Los Ríos_e13
1107,Manabí,2014-01-01,2014,1,0.394537277841482,0.160365497380282,0.0857108565895157,0.0674153072833064,0.13076637487043,0.190452229418208,117.840494488214,97.7064989575138,340.0,3.47980946638815,53,3.30329832606043,1,-4,13,Manabí_e13
1108,Manabí,2014-04-01,2014,2,0.444708422687253,0.182672827588656,0.101017216049945,0.0817805562281946,0.158365919751852,0.232327177331891,125.21397520347,92.5466515325938,340.0,3.67382281659598,54,3.30329832606043,1,-3,13,Manabí_e13
1109,Manabí,2014-07-01,2014,3,0.395470560309811,0.158599591666001,0.0868821680981334,0.0676933485919108,0.132048151409027,0.193569949544629,123.145613853078,98.1587889562144,340.0,3.46377541548178,55,3.30329832606043,1,-2,13,Manabí_e13
1110,Manabí,2014-10-01,2014,4,0.384195948906949,0.153680796102445,0.0847820984163522,0.0624194181620454,0.122911671115708,0.183446709685217,121.933876757952,102.927427812882,340.0,3.30329832606043,56,3.30329832606043,1,-1,13,Manabí_e13
1111,Manabí,2015-01-01,2015,1,0.466848984285038,0.155282893527124,0.0747549430920369,0.0533245398785069,0.104278481065669,0.153161932273844,106.558714441745,83.3816435554261,354.0,4.24553876495234,57,3.30329832606043,1,0,13,Manabí_e13
1112,Manabí,2015-04-01,2015,2,0.432175357024544,0.181596123821874,0.100993962688864,0.0760781138718314,0.148688710768903,0.217408272704159,121.779019600353,89.1918455115888,354.0,3.96897270114233,58,3.30329832606043,1,1,13,Manabí_e13
1113,Manabí,2015-07-01,2015,3,0.404362983343609,0.166028711306689,0.0955225599706703,0.0700891074563238,0.136125432940357,0.19887722973702,117.693371254428,96.0028065102276,354.0,3.68739220100078,59,3.30329832606043,1,2,13,Manabí_e13
1114,Manabí,2015-10-01,2015,4,0.397611866559615,0.161321208154882,0.0884814876640042,0.0717030624742476,0.141534608042513,0.211972820652339,131.939967365928,104.136150020578,354.0,3.39939588634731,60,3.30329832606043,1,3,13,Manabí_e13
1115,Manabí,2016-01-01,2016,1,0.409852650309603,0.186488589402325,0.109284039398929,0.0867429389150737,0.165507391088132,0.238067023048464,124.209696590877,101.185910274406,366.0,3.61710438743345,61,3.30329832606043,1,4,13,Manabí_e13
1116,Pichincha,2014-01-01,2014,1,0.0942069425473713,0.0320838365091002,0.0159519147258854,0.0696205130751839,0.132976745333215,0.193077830216093,253.295097711528,186.899798082151,340.0,1.81915659347344,53,1.70292749102191,0,-4,13,Pichincha_e13
1117,Pichincha,2014-04-01,2014,2,0.0868681972775215,0.0231224646917189,0.0103453102021029,0.059657402475655,0.114819938091511,0.1663544379535,253.786910265058,198.373174437208,340.0,1.71394141856424,54,1.70292749102191,0,-3,13,Pichincha_e13
1118,Pichincha,2014-07-01,2014,3,0.0589351077386293,0.0173298359960702,0.0079544269620316,0.0500255353315897,0.0991530194035003,0.14757744531812,313.581289529981,258.582063462527,340.0,1.31486304752639,55,1.70292749102191,0,-2,13,Pichincha_e13
1119,Pichincha,2014-10-01,2014,4,0.0740375508677116,0.0229201985597966,0.0106078592519842,0.0613930169219592,0.117692792484103,0.169673540344133,254.979581516942,199.656181365637,340.0,1.70292749102191,56,1.70292749102191,0,-1,13,Pichincha_e13
1120,Pichincha,2015-01-01,2015,1,0.0955285060630519,0.0340880171308361,0.019601321310627,0.055305097483221,0.109893144901377,0.17043226135608,230.184904813091,193.340064046523,354.0,1.83097073928152,57,1.70292749102191,0,0,13,Pichincha_e13
1121,Pichincha,2015-04-01,2015,2,0.101947942484887,0.0326384068908618,0.0170906320287781,0.0589966909309823,0.114283893922919,0.166851139897328,224.991041535753,178.905076639943,354.0,1.97870293369285,58,1.70292749102191,0,1,13,Pichincha_e13
1122,Pichincha,2015-07-01,2015,3,0.0699778787924491,0.0175036755794061,0.007670862188788,0.0449860793944663,0.0892329887740399,0.133245857708088,322.887658024432,276.892269526853,354.0,1.27847556237271,59,1.70292749102191,0,2,13,Pichincha_e13
1123,Pichincha,2015-10-01,2015,4,0.106552542142511,0.0353027128542127,0.0185250583648047,0.0625516148935578,0.121110756784713,0.178613853758003,244.328808544167,197.468148317784,354.0,1.79269417886226,60,1.70292749102191,0,3,13,Pichincha_e13
1124,Pichincha,2016-01-01,2016,1,0.131703555234581,0.050279250770381,0.0259941717002235,0.0685577946791998,0.132807414990513,0.197391724384353,240.389102285072,185.517211088644,366.0,1.97286277565437,61,1.70292749102191,0,4,13,Pichincha_e13
1125,Sierra,2014-01-01,2014,1,0.329126147008807,0.140496765667167,0.0808928908399403,0.063646612083519,0.127624932433615,0.195090403491002,134.01854650725,113.656994167693,340.0,2.9914569049605,53,2.81741651212787,1,-4,13,Sierra_e13
1126,Sierra,2014-04-01,2014,2,0.336991367181275,0.138759168962888,0.0802026377287493,0.0702582631295373,0.140283689637208,0.215398581114632,140.686655905055,111.098365563872,340.0,3.06035105264018,54,2.81741651212787,1,-3,13,Sierra_e13
1127,Sierra,2014-07-01,2014,3,0.271942509876674,0.11677794594641,0.0692584870520669,0.0714927649127967,0.14358257313759,0.219666614237441,167.663664483732,130.01333800154,340.0,2.6151163044208,55,2.81741651212787,1,-2,13,Sierra_e13
1128,Sierra,2014-10-01,2014,4,0.308831219160181,0.131674910283843,0.0763017576997578,0.0665327354390796,0.133957153024549,0.206291202854376,148.253851266998,120.677932615371,340.0,2.81741651212787,56,2.81741651212787,1,-1,13,Sierra_e13
1129,Sierra,2015-01-01,2015,1,0.367488235332503,0.160051279318277,0.0932954566481904,0.0697644449791182,0.139708160689939,0.213965521998248,127.817595463257,99.5857005671733,354.0,3.55472721468899,57,2.81741651212787,1,0,13,Sierra_e13
1130,Sierra,2015-04-01,2015,2,0.320670478261261,0.138532263386286,0.0802663701672671,0.0726248166743843,0.143284238779169,0.213934239226583,142.514279329511,112.226891803258,354.0,3.15432419371096,58,2.81741651212787,1,1,13,Sierra_e13
1131,Sierra,2015-07-01,2015,3,0.250733207644119,0.104935082038627,0.0640034441585368,0.0674205012819832,0.136756494648523,0.213070399908813,178.620451510532,144.518204996599,354.0,2.44951838426397,59,2.81741651212787,1,2,13,Sierra_e13
1132,Sierra,2015-10-01,2015,4,0.332276364877189,0.134648907641911,0.0755476413509706,0.0647075996418846,0.128372287046372,0.19237677682195,140.901561259423,116.695720843964,354.0,3.03353025663502,60,2.81741651212787,1,3,13,Sierra_e13
1133,Sierra,2016-01-01,2016,1,0.315828314593884,0.134243110122035,0.0765628279535023,0.063719219518986,0.126728916157973,0.192231172121584,132.432036071517,109.689267975172,366.0,3.33669835487318,61,2.81741651212787,1,4,13,Sierra_e13
1134,Amazonía,2015-01-01,2015,1,0.39129510575804,0.195693847188371,0.123510940655121,0.0817249615894553,0.164532968946349,0.249812456515313,131.656670894368,106.137267284428,354.0,3.33530350891122,57,3.39399268808942,1,-4,14,Amazonía_e14
1135,Amazonía,2015-04-01,2015,2,0.333345056405257,0.150281259996918,0.0882810130932849,0.0708623463289716,0.142813371698466,0.219199859391984,144.075436434254,118.223204079018,354.0,2.99433603375691,58,3.39399268808942,1,-3,14,Amazonía_e14
1136,Amazonía,2015-07-01,2015,3,0.279220676580552,0.121876781005046,0.0727759857306277,0.0775961038973745,0.155607472836591,0.238392322962998,179.41161099032,137.406295175223,354.0,2.57630117709361,59,3.39399268808942,1,-2,14,Amazonía_e14
1137,Amazonía,2015-10-01,2015,4,0.40303411654894,0.179912075423811,0.106595323782517,0.0817079901451642,0.162567519263341,0.247629808399411,137.212673460653,104.301933602361,354.0,3.39399268808942,60,3.39399268808942,1,-1,14,Amazonía_e14
1138,Amazonía,2016-01-01,2016,1,0.43173642843765,0.204557281860958,0.127114524959298,0.0822110060768558,0.166237579840688,0.25975263727339,123.712582166687,95.3083045966193,366.0,3.8401690340527,61,3.39399268808942,1,0,14,Amazonía_e14
1139,Amazonía,2016-04-01,2016,2,0.426661550253315,0.221222814930102,0.145579506079483,0.0872615037334911,0.178400602980223,0.280977625989279,126.132285230572,97.8060528780339,366.0,3.74209968841508,62,3.39399268808942,1,1,14,Amazonía_e14
1140,Amazonía,2016-07-01,2016,3,0.369909443122123,0.18855354568817,0.119844437698833,0.0818494565113157,0.165899380247828,0.262702811341563,132.009396110101,100.242453914127,366.0,3.65114764961295,63,3.39399268808942,1,2,14,Amazonía_e14
1141,Amazonía,2016-10-01,2016,4,0.39197033426189,0.183539535237221,0.113084632475266,0.0800574774013539,0.159809241245421,0.241547393808943,133.633406009748,100.079409986144,366.0,3.65709590065204,64,3.39399268808942,1,3,14,Amazonía_e14
1142,Amazonía,2017-01-01,2017,1,0.454978795993913,0.234549888506225,0.154454064223796,0.0811004348018241,0.165769204237016,0.261499914217956,109.29422615528,89.0222142556279,375.0,4.21243172994086,65,3.39399268808942,1,4,14,Amazonía_e14
1143,Azuay,2015-01-01,2015,1,0.272503938709633,0.0705907727307958,0.0266775436843953,0.0549298617183485,0.107669195649365,0.1586177606313,156.228554084262,125.57041077067,354.0,2.81913547807464,57,2.38561963259642,0,-4,14,Azuay_e14
1144,Azuay,2015-04-01,2015,2,0.212209381937176,0.0734028812448169,0.0374627175469738,0.0632712538048633,0.124036630221929,0.182884703574478,183.634647479313,156.875325759389,354.0,2.25656901929215,58,2.38561963259642,0,-3,14,Azuay_e14
1145,Azuay,2015-07-01,2015,3,0.179275293414104,0.0664701389252552,0.0405780649323416,0.0656033222396488,0.13238458748334,0.201863545034648,225.00935014123,178.473508362674,354.0,1.98348765173955,59,2.38561963259642,0,-2,14,Azuay_e14
1146,Azuay,2015-10-01,2015,4,0.221086101970911,0.0790025200054921,0.0400283893096173,0.0593816479063619,0.118187824148318,0.177850534170582,178.604123752925,148.389120865307,354.0,2.38561963259642,60,2.38561963259642,0,-1,14,Azuay_e14
1147,Azuay,2016-01-01,2016,1,0.251240116654313,0.126750554109091,0.0886645819107588,0.0751411024693,0.151842597458502,0.232324639666449,158.857555974743,124.632543253775,366.0,2.93663268392715,61,2.38561963259642,0,0,14,Azuay_e14
1148,Azuay,2016-04-01,2016,2,0.340642000733129,0.151104414621588,0.082318050065414,0.0748827607448841,0.149620897124118,0.228645715564372,149.976359017594,111.785809869928,366.0,3.27411860616183,62,2.38561963259642,0,1,14,Azuay_e14
1149,Azuay,2016-07-01,2016,3,0.255676670293614,0.10995643120955,0.0656441950172435,0.073579811950802,0.145192228981222,0.215875515109726,166.365577691793,117.543191570376,366.0,3.11374904075891,63,2.38561963259642,0,2,14,Azuay_e14
1150,Azuay,2016-10-01,2016,4,0.218630383720699,0.0762634676196833,0.0378179374043204,0.0520817943302369,0.103889182555503,0.155825696545207,170.243139640268,142.477525506563,366.0,2.56882619696494,64,2.38561963259642,0,3,14,Azuay_e14
1151,Azuay,2017-01-01,2017,1,0.255394314059667,0.117541092712859,0.0809494960639911,0.0670158530437738,0.136493377130088,0.210008293016408,151.773733223516,120.04687974641,375.0,3.12377965001806,65,2.38561963259642,0,4,14,Azuay_e14
1152,"Costa, Santo Domingo",2015-01-01,2015,1,0.404155432219666,0.163997729232235,0.0945287845091514,0.0635829265198148,0.127564780540131,0.199973994693273,113.438922742888,97.0271270704192,354.0,3.64846420468657,57,3.59008762347417,1,-4,14,"Costa, Santo Domingo_e14"
1153,"Costa, Santo Domingo",2015-04-01,2015,2,0.352588608964816,0.1348825175238,0.0725262494533651,0.0597270404135979,0.117658030542811,0.175823711203681,122.763313932414,102.875294904852,354.0,3.44105939455543,58,3.59008762347417,1,-3,14,"Costa, Santo Domingo_e14"
1154,"Costa, Santo Domingo",2015-07-01,2015,3,0.375510633685436,0.147522264215486,0.0809906063564137,0.0834549227639972,0.160942850948251,0.235063639387357,141.089241904133,104.485906132559,354.0,3.38801674888944,59,3.59008762347417,1,-2,14,"Costa, Santo Domingo_e14"
1155,"Costa, Santo Domingo",2015-10-01,2015,4,0.383798207158412,0.153938843279572,0.0853424373966281,0.0652356595597533,0.128171243301181,0.19146810566134,122.785581021071,98.6048356272235,354.0,3.59008762347417,60,3.59008762347417,1,-1,14,"Costa, Santo Domingo_e14"
1156,"Costa, Santo Domingo",2016-01-01,2016,1,0.383752700556184,0.158156264104389,0.0925905622169932,0.0760922318089733,0.147660144387114,0.219967062593357,121.437877404914,93.3774553015571,366.0,3.91957564936873,61,3.59008762347417,1,0,14,"Costa, Santo Domingo_e14"
1157,"Costa, Santo Domingo",2016-04-01,2016,2,0.41920033441692,0.182221463934897,0.10700062504351,0.0750220215704773,0.147711305017507,0.222776858247419,118.300321578104,95.0446748828109,366.0,3.850820684602,62,3.59008762347417,1,1,14,"Costa, Santo Domingo_e14"
1158,"Costa, Santo Domingo",2016-07-01,2016,3,0.375414179711662,0.144978880119928,0.0802554816481541,0.0718420722730472,0.138041462297227,0.20269586208411,126.315376667329,101.339127333243,366.0,3.61163560049661,63,3.59008762347417,1,2,14,"Costa, Santo Domingo_e14"
1159,"Costa, Santo Domingo",2016-10-01,2016,4,0.387270610396417,0.14907355442297,0.0808132286695961,0.0582968841812097,0.116382745835973,0.176812486714626,122.070377931936,98.6294891160038,366.0,3.71085770878856,64,3.59008762347417,1,3,14,"Costa, Santo Domingo_e14"
1160,"Costa, Santo Domingo",2017-01-01,2017,1,0.381193324579458,0.156677161844737,0.0878045510884726,0.0860319449947742,0.164829999655816,0.240891996516672,135.435147012805,103.850662048573,375.0,3.6109543512068,65,3.59008762347417,1,4,14,"Costa, Santo Domingo_e14"
1161,El Oro,2015-01-01,2015,1,0.222314666306699,0.0590433079052717,0.0262612719004538,0.0381799200990117,0.0755352563910885,0.112291587475524,145.461766202531,131.399030700273,354.0,2.69408380041623,57,2.37782881105355,0,-4,14,El Oro_e14
1162,El Oro,2015-04-01,2015,2,0.16107060617105,0.0471786054237758,0.0215404058117118,0.0424779652308227,0.0841933067647656,0.126890558801161,169.182154023353,148.420142373109,354.0,2.3851210107998,58,2.37782881105355,0,-3,14,El Oro_e14
1163,El Oro,2015-07-01,2015,3,0.198635615387705,0.0777976947553511,0.0413988868098702,0.0472851930187739,0.095324732304199,0.14994757435781,157.561187547887,141.681416916295,354.0,2.49856338046889,59,2.37782881105355,0,-2,14,El Oro_e14
1164,El Oro,2015-10-01,2015,4,0.135642431840518,0.044718115474971,0.0215427918076783,0.0407244198117397,0.0810886113290791,0.122236378564403,173.441942659246,148.875309422781,354.0,2.37782881105355,60,2.37782881105355,0,-1,14,El Oro_e14
1165,El Oro,2016-01-01,2016,1,0.234982891968443,0.0847160938116536,0.0443950068550393,0.0502467219143711,0.0993030817877055,0.148416656543532,149.284831784859,134.837684221508,366.0,2.71437470995678,61,2.37782881105355,0,0,14,El Oro_e14
1166,El Oro,2016-04-01,2016,2,0.222990003000471,0.080759226631167,0.0424458120126229,0.0487103399011133,0.0978309126485116,0.151825278639906,146.867686075081,127.881675446515,366.0,2.86202068218191,62,2.37782881105355,0,1,14,El Oro_e14
1167,El Oro,2016-07-01,2016,3,0.287308029766955,0.107831330136808,0.0596651177993789,0.0493162139678913,0.0998653040294641,0.152462317217144,138.32573602294,121.57129914517,366.0,3.01057899827948,63,2.37782881105355,0,2,14,El Oro_e14
1168,El Oro,2016-10-01,2016,4,0.192119890034736,0.0623854621466595,0.0298026512675905,0.0385689528429323,0.0773504555699065,0.118067998637326,155.663793585786,139.759108069877,366.0,2.61879175571875,64,2.37782881105355,0,3,14,El Oro_e14
1169,El Oro,2017-01-01,2017,1,0.244132482216732,0.0755985154904895,0.0372680885685191,0.0420331186518007,0.0844783750072595,0.128901481022126,145.352712595554,134.371604074494,375.0,2.79076820272314,65,2.37782881105355,0,4,14,El Oro_e14
1170,Guayas,2015-01-01,2015,1,0.248231924321391,0.0885494083172502,0.0454603394954108,0.052355875567241,0.10464125050617,0.159961317625383,153.151231891667,135.085059622783,354.0,2.62057107565059,57,2.63750131138425,0,-4,14,Guayas_e14
1171,Guayas,2015-04-01,2015,2,0.212433871765618,0.0738614274237164,0.0345246198084352,0.0525502926375081,0.101584015487458,0.148292151394586,153.938944311938,131.513291015642,354.0,2.69174314828679,58,2.63750131138425,0,-3,14,Guayas_e14
1172,Guayas,2015-07-01,2015,3,0.250725321378865,0.0915061960950093,0.0460539013570415,0.0531319779063586,0.105585694984861,0.159978010710998,149.649358889541,127.993199585609,354.0,2.76577194058833,59,2.63750131138425,0,-2,14,Guayas_e14
1173,Guayas,2015-10-01,2015,4,0.230098402112741,0.0773451665926687,0.0393452401492328,0.0614502212549453,0.117918402440127,0.171220659851269,165.842517332679,134.217942744532,354.0,2.63750131138425,60,2.63750131138425,0,-1,14,Guayas_e14
1174,Guayas,2016-01-01,2016,1,0.235557747630837,0.094998620310463,0.0545233318190073,0.0567383458648521,0.112122591696784,0.172143606276411,141.876885933011,120.236080198365,366.0,3.04401140985446,61,2.63750131138425,0,0,14,Guayas_e14
1175,Guayas,2016-04-01,2016,2,0.255929032871174,0.0867246953161281,0.0431450627799272,0.0545827272642622,0.10730311129432,0.15851920690712,151.406429956168,126.899523216006,366.0,2.88417159280419,62,2.63750131138425,0,1,14,Guayas_e14
1176,Guayas,2016-07-01,2016,3,0.214937051134824,0.0740861785406817,0.0344046388628832,0.048660919709892,0.0952975753082764,0.140187380734824,149.025352035638,126.58780014742,366.0,2.89127387926617,63,2.63750131138425,0,2,14,Guayas_e14
1177,Guayas,2016-10-01,2016,4,0.263549508320506,0.0990227563888644,0.0523709338846233,0.062949798357727,0.121129735596435,0.176598726875858,155.136183102252,128.896318576224,366.0,2.83949149240878,64,2.63750131138425,0,3,14,Guayas_e14
1178,Guayas,2017-01-01,2017,1,0.24928206181507,0.104214965622729,0.0570389352205506,0.0521584243953474,0.104785266381491,0.160035858585893,141.79075552966,123.372954165544,375.0,3.03956408060732,65,2.63750131138425,0,4,14,Guayas_e14
1179,Los Ríos,2015-01-01,2015,1,0.351700390755669,0.104858817330041,0.0476085108413499,0.0570376936203553,0.106983433536235,0.1516222865429,120.230963659644,99.8863229325423,354.0,3.54402874795053,57,3.05824064940003,1,-4,14,Los Ríos_e14
1180,Los Ríos,2015-04-01,2015,2,0.361114752480989,0.121740886793978,0.0619212936735904,0.0450215291245346,0.090739309597106,0.138441856439421,116.99885528569,101.879736198059,354.0,3.47468508665754,58,3.05824064940003,1,-3,14,Los Ríos_e14
1181,Los Ríos,2015-07-01,2015,3,0.340095428420253,0.114624524896317,0.0518780679180508,0.0479316798058649,0.0931267487597121,0.13628769338861,123.875842979651,112.261848591397,354.0,3.15334198075132,59,3.05824064940003,1,-2,14,Los Ríos_e14
1182,Los Ríos,2015-10-01,2015,4,0.27331288424784,0.0900069794807732,0.0444571692908509,0.0474125296044304,0.092092738557741,0.13531838989022,130.019446955681,115.752826733713,354.0,3.05824064940003,60,3.05824064940003,1,-1,14,Los Ríos_e14
1183,Los Ríos,2016-01-01,2016,1,0.438033389396392,0.179804298573985,0.0976188529818194,0.0523155098828804,0.103974062194353,0.155168576712359,99.4060360398396,88.7766556687615,366.0,4.12270542568757,61,3.05824064940003,1,0,14,Los Ríos_e14
1184,Los Ríos,2016-04-01,2016,2,0.327683105103413,0.106537371898167,0.0502829098950924,0.034508883170948,0.0694814960667546,0.105901961015489,111.308542609116,105.832295821958,366.0,3.4583016191553,62,3.05824064940003,1,1,14,Los Ríos_e14
1185,Los Ríos,2016-07-01,2016,3,0.322133161472271,0.101517628065388,0.0514192350089581,0.0341657128737837,0.0710077114215064,0.116669929148781,115.015654826806,107.723144373788,366.0,3.39759855811503,63,3.05824064940003,1,2,14,Los Ríos_e14
1186,Los Ríos,2016-10-01,2016,4,0.316784364708076,0.121592001498298,0.0667835961607507,0.0449354134448994,0.0912379788948133,0.140837562025732,120.708529534403,108.854105534092,366.0,3.36229853898687,64,3.05824064940003,1,3,14,Los Ríos_e14
1187,Los Ríos,2017-01-01,2017,1,0.321657550439025,0.140291190776154,0.0806082853126821,0.0428257947995493,0.0869965523648351,0.132885080993166,107.560506724939,100.434509170352,375.0,3.73377639914529,65,3.05824064940003,1,4,14,Los Ríos_e14
1188,Manabí,2015-01-01,2015,1,0.466848984285038,0.155282893527124,0.0747549430920369,0.0533245398785069,0.104278481065669,0.153161932273844,106.558714441745,83.3816435554261,354.0,4.24553876495234,57,3.39939588634731,1,-4,14,Manabí_e14
1189,Manabí,2015-04-01,2015,2,0.432175357024544,0.181596123821874,0.100993962688864,0.0760781138718314,0.148688710768903,0.217408272704159,121.779019600353,89.1918455115888,354.0,3.96897270114233,58,3.39939588634731,1,-3,14,Manabí_e14
1190,Manabí,2015-07-01,2015,3,0.404362983343609,0.166028711306689,0.0955225599706703,0.0700891074563238,0.136125432940357,0.19887722973702,117.693371254428,96.0028065102276,354.0,3.68739220100078,59,3.39939588634731,1,-2,14,Manabí_e14
1191,Manabí,2015-10-01,2015,4,0.397611866559615,0.161321208154882,0.0884814876640042,0.0717030624742476,0.141534608042513,0.211972820652339,131.939967365928,104.136150020578,354.0,3.39939588634731,60,3.39939588634731,1,-1,14,Manabí_e14
1192,Manabí,2016-01-01,2016,1,0.409852650309603,0.186488589402325,0.109284039398929,0.0867429389150737,0.165507391088132,0.238067023048464,124.209696590877,101.185910274406,366.0,3.61710438743345,61,3.39939588634731,1,0,14,Manabí_e14
1193,Manabí,2016-04-01,2016,2,0.459440494563937,0.1964435815396,0.113851989650215,0.0712928847435188,0.139475770827441,0.209734210795332,102.605447439643,82.6791925000923,366.0,4.42674860424636,62,3.39939588634731,1,1,14,Manabí_e14
1194,Manabí,2016-07-01,2016,3,0.428669744739724,0.164261711789843,0.0832670160888932,0.0669834605069731,0.130703724801833,0.192349172999782,121.235921554491,88.756776751692,366.0,4.12362879089143,63,3.39939588634731,1,2,14,Manabí_e14
1195,Manabí,2016-10-01,2016,4,0.385663404951259,0.177647090514243,0.101234532799401,0.0719702135602145,0.1437203138704,0.214813615549138,133.91179605488,103.465810433382,366.0,3.5374004076028,64,3.39939588634731,1,3,14,Manabí_e14
1196,Manabí,2017-01-01,2017,1,0.354078657255819,0.132126175514739,0.0687929892712831,0.0593162870715557,0.116586553437343,0.171712097708382,126.124916531202,100.386693110193,375.0,3.73555486670299,65,3.39939588634731,1,4,14,Manabí_e14
1197,Pichincha,2015-01-01,2015,1,0.0955285060630519,0.0340880171308361,0.019601321310627,0.055305097483221,0.109893144901377,0.17043226135608,230.184904813091,193.340064046523,354.0,1.83097073928152,57,1.79269417886226,0,-4,14,Pichincha_e14
1198,Pichincha,2015-04-01,2015,2,0.101947942484887,0.0326384068908618,0.0170906320287781,0.0589966909309823,0.114283893922919,0.166851139897328,224.991041535753,178.905076639943,354.0,1.97870293369285,58,1.79269417886226,0,-3,14,Pichincha_e14
1199,Pichincha,2015-07-01,2015,3,0.0699778787924491,0.0175036755794061,0.007670862188788,0.0449860793944663,0.0892329887740399,0.133245857708088,322.887658024432,276.892269526853,354.0,1.27847556237271,59,1.79269417886226,0,-2,14,Pichincha_e14
1200,Pichincha,2015-10-01,2015,4,0.106552542142511,0.0353027128542127,0.0185250583648047,0.0625516148935578,0.121110756784713,0.178613853758003,244.328808544167,197.468148317784,354.0,1.79269417886226,60,1.79269417886226,0,-1,14,Pichincha_e14
1201,Pichincha,2016-01-01,2016,1,0.131703555234581,0.050279250770381,0.0259941717002235,0.0685577946791998,0.132807414990513,0.197391724384353,240.389102285072,185.517211088644,366.0,1.97286277565437,61,1.79269417886226,0,0,14,Pichincha_e14
1202,Pichincha,2016-04-01,2016,2,0.111593717504013,0.030196234215387,0.0145171017510578,0.0580230398129186,0.112364962716188,0.164414060384687,226.353341856395,184.144584117124,366.0,1.98756863664916,62,1.79269417886226,0,1,14,Pichincha_e14
1203,Pichincha,2016-07-01,2016,3,0.0652487587619929,0.0199475884036722,0.0098041893608251,0.0475039343350028,0.093371481518664,0.139413378220681,258.882385450886,229.571640071499,366.0,1.59427357789495,63,1.79269417886226,0,2,14,Pichincha_e14
1204,Pichincha,2016-10-01,2016,4,0.0961745126867852,0.0345412488009523,0.0180148686701374,0.0519272269460447,0.101638530048126,0.150159700344124,219.757964434908,179.607811389847,366.0,2.03777328596015,64,1.79269417886226,0,3,14,Pichincha_e14
1205,Pichincha,2017-01-01,2017,1,0.130542551922519,0.0391051952168894,0.0178138907249947,0.0607076517138707,0.117001655210923,0.173354993710562,206.090301010445,163.874267654659,375.0,2.28833974587308,65,1.79269417886226,0,4,14,Pichincha_e14
1206,Sierra,2015-01-01,2015,1,0.367488235332503,0.160051279318277,0.0932954566481904,0.0697644449791182,0.139708160689939,0.213965521998248,127.817595463257,99.5857005671733,354.0,3.55472721468899,57,3.03353025663502,0,-4,14,Sierra_e14
1207,Sierra,2015-04-01,2015,2,0.320670478261261,0.138532263386286,0.0802663701672671,0.0726248166743843,0.143284238779169,0.213934239226583,142.514279329511,112.226891803258,354.0,3.15432419371096,58,3.03353025663502,0,-3,14,Sierra_e14
1208,Sierra,2015-07-01,2015,3,0.250733207644119,0.104935082038627,0.0640034441585368,0.0674205012819832,0.136756494648523,0.213070399908813,178.620451510532,144.518204996599,354.0,2.44951838426397,59,3.03353025663502,0,-2,14,Sierra_e14
1209,Sierra,2015-10-01,2015,4,0.332276364877189,0.134648907641911,0.0755476413509706,0.0647075996418846,0.128372287046372,0.19237677682195,140.901561259423,116.695720843964,354.0,3.03353025663502,60,3.03353025663502,0,-1,14,Sierra_e14
1210,Sierra,2016-01-01,2016,1,0.315828314593884,0.134243110122035,0.0765628279535023,0.063719219518986,0.126728916157973,0.192231172121584,132.432036071517,109.689267975172,366.0,3.33669835487318,61,3.03353025663502,0,0,14,Sierra_e14
1211,Sierra,2016-04-01,2016,2,0.353211864594659,0.146024137436273,0.0839512354800446,0.0664409770981497,0.132190285856553,0.200660739786908,129.486828591521,104.647132003549,366.0,3.49746804324832,62,3.03353025663502,0,1,14,Sierra_e14
1212,Sierra,2016-07-01,2016,3,0.334236538298063,0.142987206893925,0.083543180682079,0.0682023606514346,0.139480742903636,0.2235284047658,145.316042724455,123.711430435361,366.0,2.9584978422122,63,3.03353025663502,0,2,14,Sierra_e14
1213,Sierra,2016-10-01,2016,4,0.35622103145898,0.14523042781551,0.0807937217980712,0.0679342859393947,0.134918230367204,0.203372921096192,138.417635514348,109.483573613634,366.0,3.34296724083568,64,3.03353025663502,0,3,14,Sierra_e14
1214,Sierra,2017-01-01,2017,1,0.348964456325398,0.155382152751705,0.0983050909452559,0.0732005438399871,0.150605383539514,0.247211041740127,133.170845564316,104.109336632197,375.0,3.60198241705082,65,3.03353025663502,0,4,14,Sierra_e14
1215,Amazonía,2016-01-01,2016,1,0.43173642843765,0.204557281860958,0.127114524959298,0.0822110060768558,0.166237579840688,0.25975263727339,123.712582166687,95.3083045966193,366.0,3.8401690340527,61,3.65709590065204,1,-4,15,Amazonía_e15
1216,Amazonía,2016-04-01,2016,2,0.426661550253315,0.221222814930102,0.145579506079483,0.0872615037334911,0.178400602980223,0.280977625989279,126.132285230572,97.8060528780339,366.0,3.74209968841508,62,3.65709590065204,1,-3,15,Amazonía_e15
1217,Amazonía,2016-07-01,2016,3,0.369909443122123,0.18855354568817,0.119844437698833,0.0818494565113157,0.165899380247828,0.262702811341563,132.009396110101,100.242453914127,366.0,3.65114764961295,63,3.65709590065204,1,-2,15,Amazonía_e15
1218,Amazonía,2016-10-01,2016,4,0.39197033426189,0.183539535237221,0.113084632475266,0.0800574774013539,0.159809241245421,0.241547393808943,133.633406009748,100.079409986144,366.0,3.65709590065204,64,3.65709590065204,1,-1,15,Amazonía_e15
1219,Amazonía,2017-01-01,2017,1,0.454978795993913,0.234549888506225,0.154454064223796,0.0811004348018241,0.165769204237016,0.261499914217956,109.29422615528,89.0222142556279,375.0,4.21243172994086,65,3.65709590065204,1,0,15,Amazonía_e15
1220,Amazonía,2017-04-01,2017,2,0.463163087489524,0.212399768942539,0.131971062206311,0.0782645620972653,0.158421242922132,0.246896637605104,114.117430838415,87.1803363311285,375.0,4.3014286911635,66,3.65709590065204,1,1,15,Amazonía_e15
1221,Amazonía,2017-07-01,2017,3,0.337596154071858,0.172029796117645,0.109668774574661,0.0847705641536567,0.170343906791406,0.257086869764889,160.194117432144,124.210854343394,375.0,3.01905982357446,67,3.65709590065204,1,2,15,Amazonía_e15
1222,Amazonía,2017-10-01,2017,4,0.397425154895126,0.186281870161631,0.112388491979747,0.0827802421186912,0.164231999281681,0.247195257012328,135.738356505914,100.658815066369,375.0,3.72545613370023,68,3.65709590065204,1,3,15,Amazonía_e15
1223,Amazonía,2018-01-01,2018,1,0.316142402070916,0.124234007779848,0.0704595916383647,0.0920737278531394,0.179127811896371,0.267376052435835,176.887938038836,123.80977558006,386.0,3.11768596778046,69,3.65709590065204,1,4,15,Amazonía_e15
1224,Azuay,2016-01-01,2016,1,0.251240116654313,0.126750554109091,0.0886645819107588,0.0751411024693,0.151842597458502,0.232324639666449,158.857555974743,124.632543253775,366.0,2.93663268392715,61,2.56882619696494,0,-4,15,Azuay_e15
1225,Azuay,2016-04-01,2016,2,0.340642000733129,0.151104414621588,0.082318050065414,0.0748827607448841,0.149620897124118,0.228645715564372,149.976359017594,111.785809869928,366.0,3.27411860616183,62,2.56882619696494,0,-3,15,Azuay_e15
1226,Azuay,2016-07-01,2016,3,0.255676670293614,0.10995643120955,0.0656441950172435,0.073579811950802,0.145192228981222,0.215875515109726,166.365577691793,117.543191570376,366.0,3.11374904075891,63,2.56882619696494,0,-2,15,Azuay_e15
1227,Azuay,2016-10-01,2016,4,0.218630383720699,0.0762634676196833,0.0378179374043204,0.0520817943302369,0.103889182555503,0.155825696545207,170.243139640268,142.477525506563,366.0,2.56882619696494,64,2.56882619696494,0,-1,15,Azuay_e15
1228,Azuay,2017-01-01,2017,1,0.255394314059667,0.117541092712859,0.0809494960639911,0.0670158530437738,0.136493377130088,0.210008293016408,151.773733223516,120.04687974641,375.0,3.12377965001806,65,2.56882619696494,0,0,15,Azuay_e15
1229,Azuay,2017-04-01,2017,2,0.333775624068987,0.129210604915593,0.0718289561572832,0.0654693198931233,0.129678113015346,0.195212908822047,143.993685594563,122.912158877516,375.0,3.05095934710328,66,2.56882619696494,0,1,15,Azuay_e15
1230,Azuay,2017-07-01,2017,3,0.226344925156884,0.0682476890357862,0.0333379474601612,0.0691997227185702,0.134948430630225,0.197813639994973,189.262788670682,139.446674594304,375.0,2.68920001922596,67,2.56882619696494,0,2,15,Azuay_e15
1231,Azuay,2017-10-01,2017,4,0.282024211933666,0.0913521060684495,0.0427630324821397,0.064863921373838,0.127791490720906,0.189062710631135,171.875767830822,134.512053702985,375.0,2.7878542455982,68,2.56882619696494,0,3,15,Azuay_e15
1232,Azuay,2018-01-01,2018,1,0.162622418111064,0.0589705888649375,0.0341017268697318,0.0747602847094788,0.144490500667685,0.214005459417165,213.424918378345,161.471455345045,386.0,2.3905153958956,69,2.56882619696494,0,4,15,Azuay_e15
1233,"Costa, Santo Domingo",2016-01-01,2016,1,0.383752700556184,0.158156264104389,0.0925905622169932,0.0760922318089733,0.147660144387114,0.219967062593357,121.437877404914,93.3774553015571,366.0,3.91957564936873,61,3.71085770878856,1,-4,15,"Costa, Santo Domingo_e15"
1234,"Costa, Santo Domingo",2016-04-01,2016,2,0.41920033441692,0.182221463934897,0.10700062504351,0.0750220215704773,0.147711305017507,0.222776858247419,118.300321578104,95.0446748828109,366.0,3.850820684602,62,3.71085770878856,1,-3,15,"Costa, Santo Domingo_e15"
1235,"Costa, Santo Domingo",2016-07-01,2016,3,0.375414179711662,0.144978880119928,0.0802554816481541,0.0718420722730472,0.138041462297227,0.20269586208411,126.315376667329,101.339127333243,366.0,3.61163560049661,63,3.71085770878856,1,-2,15,"Costa, Santo Domingo_e15"
1236,"Costa, Santo Domingo",2016-10-01,2016,4,0.387270610396417,0.14907355442297,0.0808132286695961,0.0582968841812097,0.116382745835973,0.176812486714626,122.070377931936,98.6294891160038,366.0,3.71085770878856,64,3.71085770878856,1,-1,15,"Costa, Santo Domingo_e15"
1237,"Costa, Santo Domingo",2017-01-01,2017,1,0.381193324579458,0.156677161844737,0.0878045510884726,0.0860319449947742,0.164829999655816,0.240891996516672,135.435147012805,103.850662048573,375.0,3.6109543512068,65,3.71085770878856,1,0,15,"Costa, Santo Domingo_e15"
1238,"Costa, Santo Domingo",2017-04-01,2017,2,0.372775848462213,0.147560553525056,0.0770310716385077,0.0610977543740007,0.119299068854599,0.175724549891066,121.086563060074,101.96864832183,375.0,3.67760097021622,66,3.71085770878856,1,1,15,"Costa, Santo Domingo_e15"
1239,"Costa, Santo Domingo",2017-07-01,2017,3,0.313797635655791,0.111287201334342,0.0571521608646445,0.0607453776081177,0.116613602713317,0.168574021793106,132.456829969441,105.88443334037,375.0,3.54159708060717,67,3.71085770878856,1,2,15,"Costa, Santo Domingo_e15"
1240,"Costa, Santo Domingo",2017-10-01,2017,4,0.34681500401715,0.148688607517202,0.0863597867349806,0.0678205035095112,0.13463780552846,0.202344036807491,132.286016722931,106.701343289229,375.0,3.51448246516924,68,3.71085770878856,1,3,15,"Costa, Santo Domingo_e15"
1241,"Costa, Santo Domingo",2018-01-01,2018,1,0.259262231873325,0.0964666042957278,0.0527087193045738,0.057478484132847,0.113239562317065,0.171809098545547,138.878751289874,112.714742126467,386.0,3.42457421911061,69,3.71085770878856,1,4,15,"Costa, Santo Domingo_e15"
1242,El Oro,2016-01-01,2016,1,0.234982891968443,0.0847160938116536,0.0443950068550393,0.0502467219143711,0.0993030817877055,0.148416656543532,149.284831784859,134.837684221508,366.0,2.71437470995678,61,2.61879175571875,0,-4,15,El Oro_e15
1243,El Oro,2016-04-01,2016,2,0.222990003000471,0.080759226631167,0.0424458120126229,0.0487103399011133,0.0978309126485116,0.151825278639906,146.867686075081,127.881675446515,366.0,2.86202068218191,62,2.61879175571875,0,-3,15,El Oro_e15
1244,El Oro,2016-07-01,2016,3,0.287308029766955,0.107831330136808,0.0596651177993789,0.0493162139678913,0.0998653040294641,0.152462317217144,138.32573602294,121.57129914517,366.0,3.01057899827948,63,2.61879175571875,0,-2,15,El Oro_e15
1245,El Oro,2016-10-01,2016,4,0.192119890034736,0.0623854621466595,0.0298026512675905,0.0385689528429323,0.0773504555699065,0.118067998637326,155.663793585786,139.759108069877,366.0,2.61879175571875,64,2.61879175571875,0,-1,15,El Oro_e15
1246,El Oro,2017-01-01,2017,1,0.244132482216732,0.0755985154904895,0.0372680885685191,0.0420331186518007,0.0844783750072595,0.128901481022126,145.352712595554,134.371604074494,375.0,2.79076820272314,65,2.61879175571875,0,0,15,El Oro_e15
1247,El Oro,2017-04-01,2017,2,0.218617514818087,0.0663502451310118,0.0310563508392972,0.039115335375764,0.0786005621527486,0.118695883762072,150.051754454125,144.889478197525,375.0,2.58817965710919,66,2.61879175571875,0,1,15,El Oro_e15
1248,El Oro,2017-07-01,2017,3,0.226438713683328,0.0727991818645532,0.0367181184124497,0.0422475036853389,0.0857054519344168,0.136120516437999,141.79823962077,118.963734047815,375.0,3.15222116220122,67,2.61879175571875,0,2,15,El Oro_e15
1249,El Oro,2017-10-01,2017,4,0.217610043449053,0.0842775248226613,0.0453547200597759,0.0444361809263665,0.0901014555987588,0.137354894164452,155.190296158045,140.823879416332,375.0,2.66290064976373,68,2.61879175571875,0,3,15,El Oro_e15
1250,El Oro,2018-01-01,2018,1,0.149129234516072,0.052300673461625,0.029169425275366,0.059424724508699,0.115249296864166,0.178770187540911,184.261665174174,147.24118156211,386.0,2.62154918824238,69,2.61879175571875,0,4,15,El Oro_e15
1251,Guayas,2016-01-01,2016,1,0.235557747630837,0.094998620310463,0.0545233318190073,0.0567383458648521,0.112122591696784,0.172143606276411,141.876885933011,120.236080198365,366.0,3.04401140985446,61,2.83949149240878,0,-4,15,Guayas_e15
1252,Guayas,2016-04-01,2016,2,0.255929032871174,0.0867246953161281,0.0431450627799272,0.0545827272642622,0.10730311129432,0.15851920690712,151.406429956168,126.899523216006,366.0,2.88417159280419,62,2.83949149240878,0,-3,15,Guayas_e15
1253,Guayas,2016-07-01,2016,3,0.214937051134824,0.0740861785406817,0.0344046388628832,0.048660919709892,0.0952975753082764,0.140187380734824,149.025352035638,126.58780014742,366.0,2.89127387926617,63,2.83949149240878,0,-2,15,Guayas_e15
1254,Guayas,2016-10-01,2016,4,0.263549508320506,0.0990227563888644,0.0523709338846233,0.062949798357727,0.121129735596435,0.176598726875858,155.136183102252,128.896318576224,366.0,2.83949149240878,64,2.83949149240878,0,-1,15,Guayas_e15
1255,Guayas,2017-01-01,2017,1,0.24928206181507,0.104214965622729,0.0570389352205506,0.0521584243953474,0.104785266381491,0.160035858585893,141.79075552966,123.372954165544,375.0,3.03956408060732,65,2.83949149240878,0,0,15,Guayas_e15
1256,Guayas,2017-04-01,2017,2,0.242914887864471,0.0804952878326548,0.0357364965052071,0.0511386881403121,0.0993102101856642,0.145019051999125,145.315406088743,118.913114884663,375.0,3.15356300576032,66,2.83949149240878,0,1,15,Guayas_e15
1257,Guayas,2017-07-01,2017,3,0.242675232941483,0.0936879549575791,0.0535726006860936,0.0509002106718659,0.101784865241538,0.153862133585402,143.438136437219,123.65396281399,375.0,3.03265654788683,67,2.83949149240878,0,2,15,Guayas_e15
1258,Guayas,2017-10-01,2017,4,0.215677042291725,0.077067678712771,0.0403812014592207,0.050758915062774,0.0997006644652824,0.1481602865313,155.440139621402,132.696848269228,375.0,2.8259902544118,68,2.83949149240878,0,3,15,Guayas_e15
1259,Guayas,2018-01-01,2018,1,0.191335960264265,0.0698598119859901,0.0388902216171924,0.0791987820569974,0.150704852682725,0.225004016416288,188.448251441118,139.979162964082,386.0,2.75755328026247,69,2.83949149240878,0,4,15,Guayas_e15
1260,Los Ríos,2016-01-01,2016,1,0.438033389396392,0.179804298573985,0.0976188529818194,0.0523155098828804,0.103974062194353,0.155168576712359,99.4060360398396,88.7766556687615,366.0,4.12270542568757,61,3.36229853898687,1,-4,15,Los Ríos_e15
1261,Los Ríos,2016-04-01,2016,2,0.327683105103413,0.106537371898167,0.0502829098950924,0.034508883170948,0.0694814960667546,0.105901961015489,111.308542609116,105.832295821958,366.0,3.4583016191553,62,3.36229853898687,1,-3,15,Los Ríos_e15
1262,Los Ríos,2016-07-01,2016,3,0.322133161472271,0.101517628065388,0.0514192350089581,0.0341657128737837,0.0710077114215064,0.116669929148781,115.015654826806,107.723144373788,366.0,3.39759855811503,63,3.36229853898687,1,-2,15,Los Ríos_e15
1263,Los Ríos,2016-10-01,2016,4,0.316784364708076,0.121592001498298,0.0667835961607507,0.0449354134448994,0.0912379788948133,0.140837562025732,120.708529534403,108.854105534092,366.0,3.36229853898687,64,3.36229853898687,1,-1,15,Los Ríos_e15
1264,Los Ríos,2017-01-01,2017,1,0.321657550439025,0.140291190776154,0.0806082853126821,0.0428257947995493,0.0869965523648351,0.132885080993166,107.560506724939,100.434509170352,375.0,3.73377639914529,65,3.36229853898687,1,0,15,Los Ríos_e15
1265,Los Ríos,2017-04-01,2017,2,0.304595938909059,0.10633672489399,0.0550699990995566,0.0363912118549768,0.0732014554209146,0.110585298165893,112.568045664627,99.7576913670727,375.0,3.75910864476739,66,3.36229853898687,1,1,15,Los Ríos_e15
1266,Los Ríos,2017-07-01,2017,3,0.260408620969511,0.0860221082170189,0.0401634345592706,0.0406425607069524,0.0805262753432164,0.120015729503622,131.175546967744,115.852904821178,375.0,3.23686316349876,67,3.36229853898687,1,2,15,Los Ríos_e15
1267,Los Ríos,2017-10-01,2017,4,0.385018793591265,0.150791429256596,0.085224545048439,0.0558012415052033,0.114196081578819,0.177304959262322,126.32635855813,117.522630829836,375.0,3.19087479026037,68,3.36229853898687,1,3,15,Los Ríos_e15
1268,Los Ríos,2018-01-01,2018,1,0.297847880616446,0.0973961049880785,0.0459404132990803,0.0606025688765836,0.116141592740649,0.171251540980316,137.896099206245,111.46585569558,386.0,3.46294385479073,69,3.36229853898687,1,4,15,Los Ríos_e15
1269,Manabí,2016-01-01,2016,1,0.409852650309603,0.186488589402325,0.109284039398929,0.0867429389150737,0.165507391088132,0.238067023048464,124.209696590877,101.185910274406,366.0,3.61710438743345,61,3.5374004076028,1,-4,15,Manabí_e15
1270,Manabí,2016-04-01,2016,2,0.459440494563937,0.1964435815396,0.113851989650215,0.0712928847435188,0.139475770827441,0.209734210795332,102.605447439643,82.6791925000923,366.0,4.42674860424636,62,3.5374004076028,1,-3,15,Manabí_e15
1271,Manabí,2016-07-01,2016,3,0.428669744739724,0.164261711789843,0.0832670160888932,0.0669834605069731,0.130703724801833,0.192349172999782,121.235921554491,88.756776751692,366.0,4.12362879089143,63,3.5374004076028,1,-2,15,Manabí_e15
1272,Manabí,2016-10-01,2016,4,0.385663404951259,0.177647090514243,0.101234532799401,0.0719702135602145,0.1437203138704,0.214813615549138,133.91179605488,103.465810433382,366.0,3.5374004076028,64,3.5374004076028,1,-1,15,Manabí_e15
1273,Manabí,2017-01-01,2017,1,0.354078657255819,0.132126175514739,0.0687929892712831,0.0593162870715557,0.116586553437343,0.171712097708382,126.124916531202,100.386693110193,375.0,3.73555486670299,65,3.5374004076028,1,0,15,Manabí_e15
1274,Manabí,2017-04-01,2017,2,0.402896258929708,0.158190467326003,0.0880017013430628,0.0642103935049447,0.128543305780493,0.200397247399673,116.47248499433,94.9294942984207,375.0,3.95030019670334,66,3.5374004076028,1,1,15,Manabí_e15
1275,Manabí,2017-07-01,2017,3,0.401146379556001,0.175376028859645,0.1082175656119,0.0711026203467809,0.143200056367959,0.216231689197607,128.84578810087,99.9539807059411,375.0,3.75172651805863,67,3.5374004076028,1,2,15,Manabí_e15
1276,Manabí,2017-10-01,2017,4,0.334856401934655,0.141244095673256,0.0767479003808913,0.0640696403419999,0.126091634266433,0.186453083881118,133.871034902641,110.621820340561,375.0,3.3899279441029,68,3.5374004076028,1,3,15,Manabí_e15
1277,Manabí,2018-01-01,2018,1,0.35774543405584,0.141481123284337,0.081797255923454,0.0912691850545265,0.175401810722202,0.270024813128665,144.063593695007,108.428717921583,386.0,3.55994248939807,69,3.5374004076028,1,4,15,Manabí_e15
1278,Pichincha,2016-01-01,2016,1,0.131703555234581,0.050279250770381,0.0259941717002235,0.0685577946791998,0.132807414990513,0.197391724384353,240.389102285072,185.517211088644,366.0,1.97286277565437,61,2.03777328596015,0,-4,15,Pichincha_e15
1279,Pichincha,2016-04-01,2016,2,0.111593717504013,0.030196234215387,0.0145171017510578,0.0580230398129186,0.112364962716188,0.164414060384687,226.353341856395,184.144584117124,366.0,1.98756863664916,62,2.03777328596015,0,-3,15,Pichincha_e15
1280,Pichincha,2016-07-01,2016,3,0.0652487587619929,0.0199475884036722,0.0098041893608251,0.0475039343350028,0.093371481518664,0.139413378220681,258.882385450886,229.571640071499,366.0,1.59427357789495,63,2.03777328596015,0,-2,15,Pichincha_e15
1281,Pichincha,2016-10-01,2016,4,0.0961745126867852,0.0345412488009523,0.0180148686701374,0.0519272269460447,0.101638530048126,0.150159700344124,219.757964434908,179.607811389847,366.0,2.03777328596015,64,2.03777328596015,0,-1,15,Pichincha_e15
1282,Pichincha,2017-01-01,2017,1,0.130542551922519,0.0391051952168894,0.0178138907249947,0.0607076517138707,0.117001655210923,0.173354993710562,206.090301010445,163.874267654659,375.0,2.28833974587308,65,2.03777328596015,0,0,15,Pichincha_e15
1283,Pichincha,2017-04-01,2017,2,0.135200785670359,0.0492768615749182,0.0271656169410542,0.0611138120358105,0.119667469610001,0.176737161476441,222.346393650776,180.089830208907,375.0,2.08229415045255,66,2.03777328596015,0,1,15,Pichincha_e15
1284,Pichincha,2017-07-01,2017,3,0.0851298283891204,0.0288112350248438,0.0131483950666046,0.0636418680532284,0.123148383370762,0.17921519499948,288.805751375958,226.214888638726,375.0,1.6577158216977,67,2.03777328596015,0,2,15,Pichincha_e15
1285,Pichincha,2017-10-01,2017,4,0.106200141910709,0.0362210952383026,0.0192351995025249,0.0626372211018641,0.119819235293374,0.173565670063576,226.930625400037,188.60502504048,375.0,1.98828212514229,68,2.03777328596015,0,3,15,Pichincha_e15
1286,Pichincha,2018-01-01,2018,1,0.0978307532887298,0.0376231634600007,0.0220008942477027,0.0840816987155656,0.159429676461363,0.233320682075964,259.883442193703,184.016081688678,386.0,2.09764275196905,69,2.03777328596015,0,4,15,Pichincha_e15
1287,Sierra,2016-01-01,2016,1,0.315828314593884,0.134243110122035,0.0765628279535023,0.063719219518986,0.126728916157973,0.192231172121584,132.432036071517,109.689267975172,366.0,3.33669835487318,61,3.34296724083568,0,-4,15,Sierra_e15
1288,Sierra,2016-04-01,2016,2,0.353211864594659,0.146024137436273,0.0839512354800446,0.0664409770981497,0.132190285856553,0.200660739786908,129.486828591521,104.647132003549,366.0,3.49746804324832,62,3.34296724083568,0,-3,15,Sierra_e15
1289,Sierra,2016-07-01,2016,3,0.334236538298063,0.142987206893925,0.083543180682079,0.0682023606514346,0.139480742903636,0.2235284047658,145.316042724455,123.711430435361,366.0,2.9584978422122,63,3.34296724083568,0,-2,15,Sierra_e15
1290,Sierra,2016-10-01,2016,4,0.35622103145898,0.14523042781551,0.0807937217980712,0.0679342859393947,0.134918230367204,0.203372921096192,138.417635514348,109.483573613634,366.0,3.34296724083568,64,3.34296724083568,0,-1,15,Sierra_e15
1291,Sierra,2017-01-01,2017,1,0.348964456325398,0.155382152751705,0.0983050909452559,0.0732005438399871,0.150605383539514,0.247211041740127,133.170845564316,104.109336632197,375.0,3.60198241705082,65,3.34296724083568,0,0,15,Sierra_e15
1292,Sierra,2017-04-01,2017,2,0.320018329700979,0.148989509042814,0.093137145455169,0.0742971114494611,0.150497803336974,0.240048488003563,141.68214332386,115.353338432115,375.0,3.25088120636133,66,3.34296724083568,0,1,15,Sierra_e15
1293,Sierra,2017-07-01,2017,3,0.315847328595515,0.149137958194476,0.0917343014174151,0.0862733112045943,0.172322145754427,0.261565246642862,170.11442212867,126.546833392433,375.0,2.96332978034379,67,3.34296724083568,0,2,15,Sierra_e15
1294,Sierra,2017-10-01,2017,4,0.329326250914353,0.14473798737542,0.0868313607419829,0.0688729252008716,0.138478759567552,0.210610514954639,145.796280669116,119.344241873699,375.0,3.14217086733736,68,3.34296724083568,0,3,15,Sierra_e15
1295,Sierra,2018-01-01,2018,1,0.262191216081436,0.0984658004700836,0.0565401781536817,0.076458607205245,0.149615079722228,0.227215378775234,165.067981050514,122.573726675285,386.0,3.14912510592557,69,3.34296724083568,0,4,15,Sierra_e15
1296,Amazonía,2017-01-01,2017,1,0.454978795993913,0.234549888506225,0.154454064223796,0.0811004348018241,0.165769204237016,0.261499914217956,109.29422615528,89.0222142556279,375.0,4.21243172994086,65,3.72545613370023,1,-4,16,Amazonía_e16
1297,Amazonía,2017-04-01,2017,2,0.463163087489524,0.212399768942539,0.131971062206311,0.0782645620972653,0.158421242922132,0.246896637605104,114.117430838415,87.1803363311285,375.0,4.3014286911635,66,3.72545613370023,1,-3,16,Amazonía_e16
1298,Amazonía,2017-07-01,2017,3,0.337596154071858,0.172029796117645,0.109668774574661,0.0847705641536567,0.170343906791406,0.257086869764889,160.194117432144,124.210854343394,375.0,3.01905982357446,67,3.72545613370023,1,-2,16,Amazonía_e16
1299,Amazonía,2017-10-01,2017,4,0.397425154895126,0.186281870161631,0.112388491979747,0.0827802421186912,0.164231999281681,0.247195257012328,135.738356505914,100.658815066369,375.0,3.72545613370023,68,3.72545613370023,1,-1,16,Amazonía_e16
1300,Amazonía,2018-01-01,2018,1,0.316142402070916,0.124234007779848,0.0704595916383647,0.0920737278531394,0.179127811896371,0.267376052435835,176.887938038836,123.80977558006,386.0,3.11768596778046,69,3.72545613370023,1,0,16,Amazonía_e16
1301,Amazonía,2018-04-01,2018,2,0.259529234403197,0.123546977556871,0.0781455029225212,0.0800007830751067,0.160863568741422,0.253776795090332,174.070294014442,140.048580789416,386.0,2.7561864449052,70,3.72545613370023,1,1,16,Amazonía_e16
1302,Amazonía,2018-07-01,2018,3,0.210684072688525,0.0948431693006791,0.0626671224815062,0.102933737830964,0.203377621974147,0.316383152205419,272.327136069474,182.185520622525,386.0,2.11871941678484,71,3.72545613370023,1,2,16,Amazonía_e16
1303,Amazonía,2018-10-01,2018,4,0.277602192565318,0.115569349507848,0.0717413613165603,0.0809827474043922,0.161906079678876,0.258435658898478,171.939976675451,129.169858705915,386.0,2.98831324789802,72,3.72545613370023,1,3,16,Amazonía_e16
1304,Amazonía,2019-01-01,2019,1,0.14526772906699,0.0663480952134977,0.0412306045406008,0.0739379417363076,0.146919895160435,0.226931550078949,230.389941917662,171.46605996065,394.0,2.29783083655401,73,3.72545613370023,1,4,16,Amazonía_e16
1305,Azuay,2017-01-01,2017,1,0.255394314059667,0.117541092712859,0.0809494960639911,0.0670158530437738,0.136493377130088,0.210008293016408,151.773733223516,120.04687974641,375.0,3.12377965001806,65,2.7878542455982,0,-4,16,Azuay_e16
1306,Azuay,2017-04-01,2017,2,0.333775624068987,0.129210604915593,0.0718289561572832,0.0654693198931233,0.129678113015346,0.195212908822047,143.993685594563,122.912158877516,375.0,3.05095934710328,66,2.7878542455982,0,-3,16,Azuay_e16
1307,Azuay,2017-07-01,2017,3,0.226344925156884,0.0682476890357862,0.0333379474601612,0.0691997227185702,0.134948430630225,0.197813639994973,189.262788670682,139.446674594304,375.0,2.68920001922596,67,2.7878542455982,0,-2,16,Azuay_e16
1308,Azuay,2017-10-01,2017,4,0.282024211933666,0.0913521060684495,0.0427630324821397,0.064863921373838,0.127791490720906,0.189062710631135,171.875767830822,134.512053702985,375.0,2.7878542455982,68,2.7878542455982,0,-1,16,Azuay_e16
1309,Azuay,2018-01-01,2018,1,0.162622418111064,0.0589705888649375,0.0341017268697318,0.0747602847094788,0.144490500667685,0.214005459417165,213.424918378345,161.471455345045,386.0,2.3905153958956,69,2.7878542455982,0,0,16,Azuay_e16
1310,Azuay,2018-04-01,2018,2,0.174773979617874,0.0591364207784554,0.0346403232209079,0.0871636358542033,0.168426825268861,0.254717913744771,229.365620982534,163.511903022948,386.0,2.36068440806923,70,2.7878542455982,0,1,16,Azuay_e16
1311,Azuay,2018-07-01,2018,3,0.140758913987388,0.059875456714468,0.0382096282573595,0.0745077754009315,0.14580879436746,0.219571498551803,239.592134191044,189.290586639261,386.0,2.03919279269612,71,2.7878542455982,0,2,16,Azuay_e16
1312,Azuay,2018-10-01,2018,4,0.139545387399137,0.0419423165701507,0.0219328123607964,0.0650721422052056,0.125118965489399,0.18738427860141,212.849843119784,166.220469112988,386.0,2.3222170052812,72,2.7878542455982,0,3,16,Azuay_e16
1313,Azuay,2019-01-01,2019,1,0.143228580152141,0.0669269114275248,0.0458815601481042,0.0568942794755477,0.118710171438629,0.203660940027628,182.629083199693,156.421323239407,394.0,2.51883817270215,73,2.7878542455982,0,4,16,Azuay_e16
1314,"Costa, Santo Domingo",2017-01-01,2017,1,0.381193324579458,0.156677161844737,0.0878045510884726,0.0860319449947742,0.164829999655816,0.240891996516672,135.435147012805,103.850662048573,375.0,3.6109543512068,65,3.51448246516924,1,-4,16,"Costa, Santo Domingo_e16"
1315,"Costa, Santo Domingo",2017-04-01,2017,2,0.372775848462213,0.147560553525056,0.0770310716385077,0.0610977543740007,0.119299068854599,0.175724549891066,121.086563060074,101.96864832183,375.0,3.67760097021622,66,3.51448246516924,1,-3,16,"Costa, Santo Domingo_e16"
1316,"Costa, Santo Domingo",2017-07-01,2017,3,0.313797635655791,0.111287201334342,0.0571521608646445,0.0607453776081177,0.116613602713317,0.168574021793106,132.456829969441,105.88443334037,375.0,3.54159708060717,67,3.51448246516924,1,-2,16,"Costa, Santo Domingo_e16"
1317,"Costa, Santo Domingo",2017-10-01,2017,4,0.34681500401715,0.148688607517202,0.0863597867349806,0.0678205035095112,0.13463780552846,0.202344036807491,132.286016722931,106.701343289229,375.0,3.51448246516924,68,3.51448246516924,1,-1,16,"Costa, Santo Domingo_e16"
1318,"Costa, Santo Domingo",2018-01-01,2018,1,0.259262231873325,0.0964666042957278,0.0527087193045738,0.057478484132847,0.113239562317065,0.171809098545547,138.878751289874,112.714742126467,386.0,3.42457421911061,69,3.51448246516924,1,0,16,"Costa, Santo Domingo_e16"
1319,"Costa, Santo Domingo",2018-04-01,2018,2,0.319979445046086,0.134892461239915,0.0795214255665467,0.0791598153593013,0.155736296238145,0.242107756086651,143.687186900627,110.444281103207,386.0,3.4949749877886,70,3.51448246516924,1,1,16,"Costa, Santo Domingo_e16"
1320,"Costa, Santo Domingo",2018-07-01,2018,3,0.244383651151126,0.0987498980223971,0.058309499371258,0.095651523953164,0.184674358812611,0.279559224693192,194.745113499229,133.57754223925,386.0,2.88970730804912,71,3.51448246516924,1,2,16,"Costa, Santo Domingo_e16"
1321,"Costa, Santo Domingo",2018-10-01,2018,4,0.348709967093075,0.121211659807538,0.0629943907533366,0.0651921233427826,0.127625106548878,0.192121809164377,136.773537972743,105.0442061297,386.0,3.67464341177847,72,3.51448246516924,1,3,16,"Costa, Santo Domingo_e16"
1322,"Costa, Santo Domingo",2019-01-01,2019,1,0.276339218511176,0.103853415775893,0.0581955789980208,0.0686542674394464,0.134489895350807,0.210390252354642,143.448215269953,112.8326173339,394.0,3.49189808151001,73,3.51448246516924,1,4,16,"Costa, Santo Domingo_e16"
1323,El Oro,2017-01-01,2017,1,0.244132482216732,0.0755985154904895,0.0372680885685191,0.0420331186518007,0.0844783750072595,0.128901481022126,145.352712595554,134.371604074494,375.0,2.79076820272314,65,2.66290064976373,0,-4,16,El Oro_e16
1324,El Oro,2017-04-01,2017,2,0.218617514818087,0.0663502451310118,0.0310563508392972,0.039115335375764,0.0786005621527486,0.118695883762072,150.051754454125,144.889478197525,375.0,2.58817965710919,66,2.66290064976373,0,-3,16,El Oro_e16
1325,El Oro,2017-07-01,2017,3,0.226438713683328,0.0727991818645532,0.0367181184124497,0.0422475036853389,0.0857054519344168,0.136120516437999,141.79823962077,118.963734047815,375.0,3.15222116220122,67,2.66290064976373,0,-2,16,El Oro_e16
1326,El Oro,2017-10-01,2017,4,0.217610043449053,0.0842775248226613,0.0453547200597759,0.0444361809263665,0.0901014555987588,0.137354894164452,155.190296158045,140.823879416332,375.0,2.66290064976373,68,2.66290064976373,0,-1,16,El Oro_e16
1327,El Oro,2018-01-01,2018,1,0.149129234516072,0.052300673461625,0.029169425275366,0.059424724508699,0.115249296864166,0.178770187540911,184.261665174174,147.24118156211,386.0,2.62154918824238,69,2.66290064976373,0,0,16,El Oro_e16
1328,El Oro,2018-04-01,2018,2,0.126473771557085,0.0479875028341056,0.0279417899473327,0.0585255065016866,0.114867671908951,0.175334336119431,196.694443597924,154.773972795364,386.0,2.49395937203442,70,2.66290064976373,0,1,16,El Oro_e16
1329,El Oro,2018-07-01,2018,3,0.121043534931918,0.0484820633839791,0.0310252729588452,0.0729075227052038,0.142881358401755,0.218962963312593,244.18425552106,174.583809795861,386.0,2.21097248623081,71,2.66290064976373,0,2,16,El Oro_e16
1330,El Oro,2018-10-01,2018,4,0.14896918974586,0.0506764197534975,0.025246847253303,0.0582086551071099,0.114357502907213,0.17257145271766,195.82539104996,160.17984122805,386.0,2.40979137599747,72,2.66290064976373,0,3,16,El Oro_e16
1331,El Oro,2019-01-01,2019,1,0.10142442786138,0.0357221128602993,0.018028076990372,0.0625438296606485,0.121004090620637,0.178627428574163,220.079896407528,168.637847756342,394.0,2.33636757846479,73,2.66290064976373,0,4,16,El Oro_e16
1332,Guayas,2017-01-01,2017,1,0.24928206181507,0.104214965622729,0.0570389352205506,0.0521584243953474,0.104785266381491,0.160035858585893,141.79075552966,123.372954165544,375.0,3.03956408060732,65,2.8259902544118,0,-4,16,Guayas_e16
1333,Guayas,2017-04-01,2017,2,0.242914887864471,0.0804952878326548,0.0357364965052071,0.0511386881403121,0.0993102101856642,0.145019051999125,145.315406088743,118.913114884663,375.0,3.15356300576032,66,2.8259902544118,0,-3,16,Guayas_e16
1334,Guayas,2017-07-01,2017,3,0.242675232941483,0.0936879549575791,0.0535726006860936,0.0509002106718659,0.101784865241538,0.153862133585402,143.438136437219,123.65396281399,375.0,3.03265654788683,67,2.8259902544118,0,-2,16,Guayas_e16
1335,Guayas,2017-10-01,2017,4,0.215677042291725,0.077067678712771,0.0403812014592207,0.050758915062774,0.0997006644652824,0.1481602865313,155.440139621402,132.696848269228,375.0,2.8259902544118,68,2.8259902544118,0,-1,16,Guayas_e16
1336,Guayas,2018-01-01,2018,1,0.191335960264265,0.0698598119859901,0.0388902216171924,0.0791987820569974,0.150704852682725,0.225004016416288,188.448251441118,139.979162964082,386.0,2.75755328026247,69,2.8259902544118,0,0,16,Guayas_e16
1337,Guayas,2018-04-01,2018,2,0.205806887515253,0.0703554788375026,0.0347448525853952,0.0676921218957803,0.13025374466763,0.191784759524796,176.782023333683,134.694366459653,386.0,2.86574717373665,70,2.8259902544118,0,1,16,Guayas_e16
1338,Guayas,2018-07-01,2018,3,0.203719104763102,0.0607174599846295,0.0317385240867707,0.077804503791972,0.147337081795883,0.212597801148638,189.970711941573,138.123659226491,386.0,2.79459726278356,71,2.8259902544118,0,2,16,Guayas_e16
1339,Guayas,2018-10-01,2018,4,0.182484027790065,0.0619965039778095,0.0325306478199756,0.073490551996695,0.141737104630572,0.209801746021008,199.6721536511,148.324070610509,386.0,2.60240969932396,72,2.8259902544118,0,3,16,Guayas_e16
1340,Guayas,2019-01-01,2019,1,0.211654509630284,0.0849599606648587,0.0475033028195017,0.0972548073662934,0.183917691286991,0.266711382678026,201.558813557404,135.734187153641,394.0,2.90273223174071,73,2.8259902544118,0,4,16,Guayas_e16
1341,Los Ríos,2017-01-01,2017,1,0.321657550439025,0.140291190776154,0.0806082853126821,0.0428257947995493,0.0869965523648351,0.132885080993166,107.560506724939,100.434509170352,375.0,3.73377639914529,65,3.19087479026037,1,-4,16,Los Ríos_e16
1342,Los Ríos,2017-04-01,2017,2,0.304595938909059,0.10633672489399,0.0550699990995566,0.0363912118549768,0.0732014554209146,0.110585298165893,112.568045664627,99.7576913670727,375.0,3.75910864476739,66,3.19087479026037,1,-3,16,Los Ríos_e16
1343,Los Ríos,2017-07-01,2017,3,0.260408620969511,0.0860221082170189,0.0401634345592706,0.0406425607069524,0.0805262753432164,0.120015729503622,131.175546967744,115.852904821178,375.0,3.23686316349876,67,3.19087479026037,1,-2,16,Los Ríos_e16
1344,Los Ríos,2017-10-01,2017,4,0.385018793591265,0.150791429256596,0.085224545048439,0.0558012415052033,0.114196081578819,0.177304959262322,126.32635855813,117.522630829836,375.0,3.19087479026037,68,3.19087479026037,1,-1,16,Los Ríos_e16
1345,Los Ríos,2018-01-01,2018,1,0.297847880616446,0.0973961049880785,0.0459404132990803,0.0606025688765836,0.116141592740649,0.171251540980316,137.896099206245,111.46585569558,386.0,3.46294385479073,69,3.19087479026037,1,0,16,Los Ríos_e16
1346,Los Ríos,2018-04-01,2018,2,0.29275112512661,0.0955119865712614,0.0450804296097125,0.0617006481965222,0.117809398622811,0.171628855939167,136.753218725306,109.220838035619,386.0,3.53412413732001,70,3.19087479026037,1,1,16,Los Ríos_e16
1347,Los Ríos,2018-07-01,2018,3,0.198483674835841,0.0632775168402563,0.0326701169198888,0.0716172292848595,0.137466161627166,0.202306249615335,192.768845494823,146.784793352216,386.0,2.62970019703456,71,3.19087479026037,1,2,16,Los Ríos_e16
1348,Los Ríos,2018-10-01,2018,4,0.221167135207349,0.0778629441106055,0.0384827668129719,0.0578027454622797,0.112205894495997,0.163730000792491,159.351231776859,130.608716754733,386.0,2.95539233208195,72,3.19087479026037,1,3,16,Los Ríos_e16
1349,Los Ríos,2019-01-01,2019,1,0.216475288280383,0.0860661666995492,0.0495015818922539,0.0605904203976874,0.118322965599939,0.177383026360184,151.826156776696,125.100489052624,394.0,3.14946810347211,73,3.19087479026037,1,4,16,Los Ríos_e16
1350,Manabí,2017-01-01,2017,1,0.354078657255819,0.132126175514739,0.0687929892712831,0.0593162870715557,0.116586553437343,0.171712097708382,126.124916531202,100.386693110193,375.0,3.73555486670299,65,3.3899279441029,1,-4,16,Manabí_e16
1351,Manabí,2017-04-01,2017,2,0.402896258929708,0.158190467326003,0.0880017013430628,0.0642103935049447,0.128543305780493,0.200397247399673,116.47248499433,94.9294942984207,375.0,3.95030019670334,66,3.3899279441029,1,-3,16,Manabí_e16
1352,Manabí,2017-07-01,2017,3,0.401146379556001,0.175376028859645,0.1082175656119,0.0711026203467809,0.143200056367959,0.216231689197607,128.84578810087,99.9539807059411,375.0,3.75172651805863,67,3.3899279441029,1,-2,16,Manabí_e16
1353,Manabí,2017-10-01,2017,4,0.334856401934655,0.141244095673256,0.0767479003808913,0.0640696403419999,0.126091634266433,0.186453083881118,133.871034902641,110.621820340561,375.0,3.3899279441029,68,3.3899279441029,1,-1,16,Manabí_e16
1354,Manabí,2018-01-01,2018,1,0.35774543405584,0.141481123284337,0.081797255923454,0.0912691850545265,0.175401810722202,0.270024813128665,144.063593695007,108.428717921583,386.0,3.55994248939807,69,3.3899279441029,1,0,16,Manabí_e16
1355,Manabí,2018-04-01,2018,2,0.350585230876065,0.13450160898466,0.0734958752349569,0.0799785663978612,0.15546348358491,0.246486718041126,135.369793203728,104.639815406048,386.0,3.68884442792786,70,3.3899279441029,1,1,16,Manabí_e16
1356,Manabí,2018-07-01,2018,3,0.261140297061071,0.0928019803015804,0.0505806708196123,0.0829598955519295,0.15990406561218,0.239143124638387,175.247952972943,123.452683755342,386.0,3.12670399912061,71,3.3899279441029,1,2,16,Manabí_e16
1357,Manabí,2018-10-01,2018,4,0.318090202290884,0.112460427060503,0.0594189099251366,0.070987401756497,0.136916986816764,0.203486444988327,143.084831339171,105.602780836425,386.0,3.6552067752638,72,3.3899279441029,1,3,16,Manabí_e16
1358,Manabí,2019-01-01,2019,1,0.213675694262121,0.0707482531878661,0.0351749942255397,0.0606007618540789,0.117955693398351,0.177910056233332,161.495546448428,131.651714126278,394.0,2.99274493017297,73,3.3899279441029,1,4,16,Manabí_e16
1359,Pichincha,2017-01-01,2017,1,0.130542551922519,0.0391051952168894,0.0178138907249947,0.0607076517138707,0.117001655210923,0.173354993710562,206.090301010445,163.874267654659,375.0,2.28833974587308,65,1.98828212514229,0,-4,16,Pichincha_e16
1360,Pichincha,2017-04-01,2017,2,0.135200785670359,0.0492768615749182,0.0271656169410542,0.0611138120358105,0.119667469610001,0.176737161476441,222.346393650776,180.089830208907,375.0,2.08229415045255,66,1.98828212514229,0,-3,16,Pichincha_e16
1361,Pichincha,2017-07-01,2017,3,0.0851298283891204,0.0288112350248438,0.0131483950666046,0.0636418680532284,0.123148383370762,0.17921519499948,288.805751375958,226.214888638726,375.0,1.6577158216977,67,1.98828212514229,0,-2,16,Pichincha_e16
1362,Pichincha,2017-10-01,2017,4,0.106200141910709,0.0362210952383026,0.0192351995025249,0.0626372211018641,0.119819235293374,0.173565670063576,226.930625400037,188.60502504048,375.0,1.98828212514229,68,1.98828212514229,0,-1,16,Pichincha_e16
1363,Pichincha,2018-01-01,2018,1,0.0978307532887298,0.0376231634600007,0.0220008942477027,0.0840816987155656,0.159429676461363,0.233320682075964,259.883442193703,184.016081688678,386.0,2.09764275196905,69,1.98828212514229,0,0,16,Pichincha_e16
1364,Pichincha,2018-04-01,2018,2,0.0829828190672674,0.0317401227076643,0.0177783800110361,0.0868642558491501,0.162620137209718,0.233719832888707,274.075707269732,185.249417967904,386.0,2.08367726190037,70,1.98828212514229,0,1,16,Pichincha_e16
1365,Pichincha,2018-07-01,2018,3,0.144333242697453,0.0512452399528111,0.0281511371033585,0.0797326003955986,0.158397325976758,0.239050671453727,308.285660369471,232.167319162975,386.0,1.66259403516237,71,1.98828212514229,0,2,16,Pichincha_e16
1366,Pichincha,2018-10-01,2018,4,0.0918672235533636,0.0306757705448664,0.0172929656015465,0.0804814916726229,0.152070420987144,0.221037992950054,277.4529870344,201.180310426046,386.0,1.91867682867451,72,1.98828212514229,0,3,16,Pichincha_e16
1367,Pichincha,2019-01-01,2019,1,0.181243219243761,0.082530606433772,0.0577909255980372,0.10685230397508,0.207317957645124,0.327722027403841,235.774158895814,155.030736514476,394.0,2.54143151776365,73,1.98828212514229,0,4,16,Pichincha_e16
1368,Sierra,2017-01-01,2017,1,0.348964456325398,0.155382152751705,0.0983050909452559,0.0732005438399871,0.150605383539514,0.247211041740127,133.170845564316,104.109336632197,375.0,3.60198241705082,65,3.14217086733736,0,-4,16,Sierra_e16
1369,Sierra,2017-04-01,2017,2,0.320018329700979,0.148989509042814,0.093137145455169,0.0742971114494611,0.150497803336974,0.240048488003563,141.68214332386,115.353338432115,375.0,3.25088120636133,66,3.14217086733736,0,-3,16,Sierra_e16
1370,Sierra,2017-07-01,2017,3,0.315847328595515,0.149137958194476,0.0917343014174151,0.0862733112045943,0.172322145754427,0.261565246642862,170.11442212867,126.546833392433,375.0,2.96332978034379,67,3.14217086733736,0,-2,16,Sierra_e16
1371,Sierra,2017-10-01,2017,4,0.329326250914353,0.14473798737542,0.0868313607419829,0.0688729252008716,0.138478759567552,0.210610514954639,145.796280669116,119.344241873699,375.0,3.14217086733736,68,3.14217086733736,0,-1,16,Sierra_e16
1372,Sierra,2018-01-01,2018,1,0.262191216081436,0.0984658004700836,0.0565401781536817,0.076458607205245,0.149615079722228,0.227215378775234,165.067981050514,122.573726675285,386.0,3.14912510592557,69,3.14217086733736,0,0,16,Sierra_e16
1373,Sierra,2018-04-01,2018,2,0.248082843629067,0.10339566154262,0.0636491869178727,0.0802709813228899,0.158333229760694,0.246293671565135,172.378500627868,126.1693981805,386.0,3.05937894264806,70,3.14217086733736,0,1,16,Sierra_e16
1374,Sierra,2018-07-01,2018,3,0.144717306143358,0.0570600287846476,0.0341397535019519,0.0782293545799316,0.155036006691054,0.237007789808917,274.761633971238,208.28174524438,386.0,1.85325890921022,71,3.14217086733736,0,2,16,Sierra_e16
1375,Sierra,2018-10-01,2018,4,0.25617803777549,0.090664668559128,0.0495955414273417,0.0740683506337231,0.145479639651988,0.222639037282054,177.90597977693,137.068671827623,386.0,2.8161066628371,72,3.14217086733736,0,3,16,Sierra_e16
1376,Sierra,2019-01-01,2019,1,0.14858330980973,0.0614382924028896,0.0369566794872798,0.0829018349652375,0.161154199606482,0.242253671454787,236.496930097586,169.066441256969,394.0,2.33044474746557,73,3.14217086733736,0,4,16,Sierra_e16
1377,Amazonía,2018-01-01,2018,1,0.316142402070916,0.124234007779848,0.0704595916383647,0.0920737278531394,0.179127811896371,0.267376052435835,176.887938038836,123.80977558006,386.0,3.11768596778046,69,2.98831324789802,1,-4,17,Amazonía_e17
1378,Amazonía,2018-04-01,2018,2,0.259529234403197,0.123546977556871,0.0781455029225212,0.0800007830751067,0.160863568741422,0.253776795090332,174.070294014442,140.048580789416,386.0,2.7561864449052,70,2.98831324789802,1,-3,17,Amazonía_e17
1379,Amazonía,2018-07-01,2018,3,0.210684072688525,0.0948431693006791,0.0626671224815062,0.102933737830964,0.203377621974147,0.316383152205419,272.327136069474,182.185520622525,386.0,2.11871941678484,71,2.98831324789802,1,-2,17,Amazonía_e17
1380,Amazonía,2018-10-01,2018,4,0.277602192565318,0.115569349507848,0.0717413613165603,0.0809827474043922,0.161906079678876,0.258435658898478,171.939976675451,129.169858705915,386.0,2.98831324789802,72,2.98831324789802,1,-1,17,Amazonía_e17
1381,Amazonía,2019-01-01,2019,1,0.14526772906699,0.0663480952134977,0.0412306045406008,0.0739379417363076,0.146919895160435,0.226931550078949,230.389941917662,171.46605996065,394.0,2.29783083655401,73,2.98831324789802,1,0,17,Amazonía_e17
1382,Amazonía,2019-04-01,2019,2,0.227634785007304,0.0894681898013564,0.0590219727904866,0.086452228361945,0.169858472743334,0.25987704316628,208.402594952594,160.492588664007,394.0,2.45494202118481,74,2.98831324789802,1,1,17,Amazonía_e17
1383,Amazonía,2019-07-01,2019,3,0.260969649642382,0.127229301162453,0.0857004159890636,0.0916201440262978,0.187929906141018,0.303193303631849,224.487643044487,162.057356212439,394.0,2.43123798393644,75,2.98831324789802,1,2,17,Amazonía_e17
1384,Amazonía,2019-10-01,2019,4,0.287090553600858,0.133095463963603,0.0823215659384168,0.0850813973272073,0.169362095599152,0.2619329061703,168.239041474011,120.719307388876,394.0,3.26376955370359,76,2.98831324789802,1,3,17,Amazonía_e17
1385,Amazonía,2020-01-01,2020,1,,,,,,,,,,,77,2.98831324789802,1,4,17,Amazonía_e17
1386,Azuay,2018-01-01,2018,1,0.162622418111064,0.0589705888649375,0.0341017268697318,0.0747602847094788,0.144490500667685,0.214005459417165,213.424918378345,161.471455345045,386.0,2.3905153958956,69,2.3222170052812,0,-4,17,Azuay_e17
1387,Azuay,2018-04-01,2018,2,0.174773979617874,0.0591364207784554,0.0346403232209079,0.0871636358542033,0.168426825268861,0.254717913744771,229.365620982534,163.511903022948,386.0,2.36068440806923,70,2.3222170052812,0,-3,17,Azuay_e17
1388,Azuay,2018-07-01,2018,3,0.140758913987388,0.059875456714468,0.0382096282573595,0.0745077754009315,0.14580879436746,0.219571498551803,239.592134191044,189.290586639261,386.0,2.03919279269612,71,2.3222170052812,0,-2,17,Azuay_e17
1389,Azuay,2018-10-01,2018,4,0.139545387399137,0.0419423165701507,0.0219328123607964,0.0650721422052056,0.125118965489399,0.18738427860141,212.849843119784,166.220469112988,386.0,2.3222170052812,72,2.3222170052812,0,-1,17,Azuay_e17
1390,Azuay,2019-01-01,2019,1,0.143228580152141,0.0669269114275248,0.0458815601481042,0.0568942794755477,0.118710171438629,0.203660940027628,182.629083199693,156.421323239407,394.0,2.51883817270215,73,2.3222170052812,0,0,17,Azuay_e17
1391,Azuay,2019-04-01,2019,2,0.216150433188425,0.0856776044402368,0.0466556678678827,0.0752936161109826,0.146587507347334,0.2182393630647,187.426029999845,139.842352739394,394.0,2.81745831846985,74,2.3222170052812,0,1,17,Azuay_e17
1392,Azuay,2019-07-01,2019,3,0.130682277694754,0.0502105703575097,0.0313037645042813,0.0869531497686182,0.167874685353168,0.250770609017548,257.797316051668,175.382581227844,394.0,2.24651728376688,75,2.3222170052812,0,2,17,Azuay_e17
1393,Azuay,2019-10-01,2019,4,0.181044542560218,0.0662913261958989,0.0379317191924314,0.0739386319084392,0.142598872668625,0.210708540101459,209.246517246499,164.060256127666,394.0,2.40155665546081,76,2.3222170052812,0,3,17,Azuay_e17
1394,Azuay,2020-01-01,2020,1,,,,,,,,,,,77,2.3222170052812,0,4,17,Azuay_e17
1395,"Costa, Santo Domingo",2018-01-01,2018,1,0.259262231873325,0.0964666042957278,0.0527087193045738,0.057478484132847,0.113239562317065,0.171809098545547,138.878751289874,112.714742126467,386.0,3.42457421911061,69,3.67464341177847,1,-4,17,"Costa, Santo Domingo_e17"
1396,"Costa, Santo Domingo",2018-04-01,2018,2,0.319979445046086,0.134892461239915,0.0795214255665467,0.0791598153593013,0.155736296238145,0.242107756086651,143.687186900627,110.444281103207,386.0,3.4949749877886,70,3.67464341177847,1,-3,17,"Costa, Santo Domingo_e17"
1397,"Costa, Santo Domingo",2018-07-01,2018,3,0.244383651151126,0.0987498980223971,0.058309499371258,0.095651523953164,0.184674358812611,0.279559224693192,194.745113499229,133.57754223925,386.0,2.88970730804912,71,3.67464341177847,1,-2,17,"Costa, Santo Domingo_e17"
1398,"Costa, Santo Domingo",2018-10-01,2018,4,0.348709967093075,0.121211659807538,0.0629943907533366,0.0651921233427826,0.127625106548878,0.192121809164377,136.773537972743,105.0442061297,386.0,3.67464341177847,72,3.67464341177847,1,-1,17,"Costa, Santo Domingo_e17"
1399,"Costa, Santo Domingo",2019-01-01,2019,1,0.276339218511176,0.103853415775893,0.0581955789980208,0.0686542674394464,0.134489895350807,0.210390252354642,143.448215269953,112.8326173339,394.0,3.49189808151001,73,3.67464341177847,1,0,17,"Costa, Santo Domingo_e17"
1400,"Costa, Santo Domingo",2019-04-01,2019,2,0.305276431224717,0.133453246464264,0.0747535659833119,0.0890987085572763,0.17154498162719,0.255982192603689,161.366962737071,113.741100800605,394.0,3.46400726937491,74,3.67464341177847,1,1,17,"Costa, Santo Domingo_e17"
1401,"Costa, Santo Domingo",2019-07-01,2019,3,0.361794783594841,0.165123501767932,0.103261209874436,0.080413275308085,0.161715215184964,0.255611338321088,133.663442183737,99.9159632761125,394.0,3.94331383175681,75,3.67464341177847,1,2,17,"Costa, Santo Domingo_e17"
1402,"Costa, Santo Domingo",2019-10-01,2019,4,0.389375833444328,0.168953232018435,0.101891445366571,0.0715875106930864,0.145211725571375,0.232360798124589,127.328662861886,100.895131654441,394.0,3.90504470869241,76,3.67464341177847,1,3,17,"Costa, Santo Domingo_e17"
1403,"Costa, Santo Domingo",2020-01-01,2020,1,,,,,,,,,,,77,3.67464341177847,1,4,17,"Costa, Santo Domingo_e17"
1404,El Oro,2018-01-01,2018,1,0.149129234516072,0.052300673461625,0.029169425275366,0.059424724508699,0.115249296864166,0.178770187540911,184.261665174174,147.24118156211,386.0,2.62154918824238,69,2.40979137599747,0,-4,17,El Oro_e17
1405,El Oro,2018-04-01,2018,2,0.126473771557085,0.0479875028341056,0.0279417899473327,0.0585255065016866,0.114867671908951,0.175334336119431,196.694443597924,154.773972795364,386.0,2.49395937203442,70,2.40979137599747,0,-3,17,El Oro_e17
1406,El Oro,2018-07-01,2018,3,0.121043534931918,0.0484820633839791,0.0310252729588452,0.0729075227052038,0.142881358401755,0.218962963312593,244.18425552106,174.583809795861,386.0,2.21097248623081,71,2.40979137599747,0,-2,17,El Oro_e17
1407,El Oro,2018-10-01,2018,4,0.14896918974586,0.0506764197534975,0.025246847253303,0.0582086551071099,0.114357502907213,0.17257145271766,195.82539104996,160.17984122805,386.0,2.40979137599747,72,2.40979137599747,0,-1,17,El Oro_e17
1408,El Oro,2019-01-01,2019,1,0.10142442786138,0.0357221128602993,0.018028076990372,0.0625438296606485,0.121004090620637,0.178627428574163,220.079896407528,168.637847756342,394.0,2.33636757846479,73,2.40979137599747,0,0,17,El Oro_e17
1409,El Oro,2019-04-01,2019,2,0.102117154702117,0.0415663463492652,0.0234542246792851,0.0591135804777846,0.114986051259101,0.175080641159691,199.998239262394,148.597565338112,394.0,2.65145663122752,74,2.40979137599747,0,1,17,El Oro_e17
1410,El Oro,2019-07-01,2019,3,0.13028363420845,0.0498595477099722,0.0303236406914506,0.0546557341976063,0.108577407088471,0.169227557618317,195.511921080374,160.927888150339,394.0,2.44830156244842,75,2.40979137599747,0,2,17,El Oro_e17
1411,El Oro,2019-10-01,2019,4,0.19770565339683,0.0835942362833519,0.04986379367059,0.0743787256546524,0.147716300039613,0.230972422243028,199.029471876398,150.796033233349,394.0,2.61280082474255,76,2.40979137599747,0,3,17,El Oro_e17
1412,El Oro,2020-01-01,2020,1,,,,,,,,,,,77,2.40979137599747,0,4,17,El Oro_e17
1413,Guayas,2018-01-01,2018,1,0.191335960264265,0.0698598119859901,0.0388902216171924,0.0791987820569974,0.150704852682725,0.225004016416288,188.448251441118,139.979162964082,386.0,2.75755328026247,69,2.60240969932396,0,-4,17,Guayas_e17
1414,Guayas,2018-04-01,2018,2,0.205806887515253,0.0703554788375026,0.0347448525853952,0.0676921218957803,0.13025374466763,0.191784759524796,176.782023333683,134.694366459653,386.0,2.86574717373665,70,2.60240969932396,0,-3,17,Guayas_e17
1415,Guayas,2018-07-01,2018,3,0.203719104763102,0.0607174599846295,0.0317385240867707,0.077804503791972,0.147337081795883,0.212597801148638,189.970711941573,138.123659226491,386.0,2.79459726278356,71,2.60240969932396,0,-2,17,Guayas_e17
1416,Guayas,2018-10-01,2018,4,0.182484027790065,0.0619965039778095,0.0325306478199756,0.073490551996695,0.141737104630572,0.209801746021008,199.6721536511,148.324070610509,386.0,2.60240969932396,72,2.60240969932396,0,-1,17,Guayas_e17
1417,Guayas,2019-01-01,2019,1,0.211654509630284,0.0849599606648587,0.0475033028195017,0.0972548073662934,0.183917691286991,0.266711382678026,201.558813557404,135.734187153641,394.0,2.90273223174071,73,2.60240969932396,0,0,17,Guayas_e17
1418,Guayas,2019-04-01,2019,2,0.264754785424266,0.0958286737848698,0.0473832167950453,0.0764812782330796,0.14661334616086,0.213753690756233,169.866399629627,131.414266832852,394.0,2.99815240381118,74,2.60240969932396,0,1,17,Guayas_e17
1419,Guayas,2019-07-01,2019,3,0.206855761370574,0.0755892528981313,0.0412747426970909,0.0733845096554933,0.142629266884341,0.214593267606405,183.641237395919,135.011621296848,394.0,2.91826730332879,75,2.60240969932396,0,2,17,Guayas_e17
1420,Guayas,2019-10-01,2019,4,0.205611502435918,0.0816152396920085,0.0491327912154332,0.0752702107434867,0.148863291249433,0.235245474637824,188.093653477773,143.387351562553,394.0,2.74780164154239,76,2.60240969932396,0,3,17,Guayas_e17
1421,Guayas,2020-01-01,2020,1,,,,,,,,,,,77,2.60240969932396,0,4,17,Guayas_e17
1422,Los Ríos,2018-01-01,2018,1,0.297847880616446,0.0973961049880785,0.0459404132990803,0.0606025688765836,0.116141592740649,0.171251540980316,137.896099206245,111.46585569558,386.0,3.46294385479073,69,2.95539233208195,1,-4,17,Los Ríos_e17
1423,Los Ríos,2018-04-01,2018,2,0.29275112512661,0.0955119865712614,0.0450804296097125,0.0617006481965222,0.117809398622811,0.171628855939167,136.753218725306,109.220838035619,386.0,3.53412413732001,70,2.95539233208195,1,-3,17,Los Ríos_e17
1424,Los Ríos,2018-07-01,2018,3,0.198483674835841,0.0632775168402563,0.0326701169198888,0.0716172292848595,0.137466161627166,0.202306249615335,192.768845494823,146.784793352216,386.0,2.62970019703456,71,2.95539233208195,1,-2,17,Los Ríos_e17
1425,Los Ríos,2018-10-01,2018,4,0.221167135207349,0.0778629441106055,0.0384827668129719,0.0578027454622797,0.112205894495997,0.163730000792491,159.351231776859,130.608716754733,386.0,2.95539233208195,72,2.95539233208195,1,-1,17,Los Ríos_e17
1426,Los Ríos,2019-01-01,2019,1,0.216475288280383,0.0860661666995492,0.0495015818922539,0.0605904203976874,0.118322965599939,0.177383026360184,151.826156776696,125.100489052624,394.0,3.14946810347211,73,2.95539233208195,1,0,17,Los Ríos_e17
1427,Los Ríos,2019-04-01,2019,2,0.29212884194685,0.101535896984257,0.0587817786674054,0.0736916469917073,0.147489509818144,0.24006615969675,155.864033244219,119.728106025164,394.0,3.29078954875633,74,2.95539233208195,1,1,17,Los Ríos_e17
1428,Los Ríos,2019-07-01,2019,3,0.235245111578783,0.0826854148983556,0.0442430481976786,0.0661740291461938,0.12934886053741,0.19764544201659,160.225149514617,127.247476104194,394.0,3.09632860362104,75,2.95539233208195,1,2,17,Los Ríos_e17
1429,Los Ríos,2019-10-01,2019,4,0.205231487357728,0.0497560029357668,0.0187859293952712,0.058147073096574,0.111055654805045,0.16002249829048,170.630029745116,132.121012112138,394.0,2.98211460615812,76,2.95539233208195,1,3,17,Los Ríos_e17
1430,Los Ríos,2020-01-01,2020,1,,,,,,,,,,,77,2.95539233208195,1,4,17,Los Ríos_e17
1431,Manabí,2018-01-01,2018,1,0.35774543405584,0.141481123284337,0.081797255923454,0.0912691850545265,0.175401810722202,0.270024813128665,144.063593695007,108.428717921583,386.0,3.55994248939807,69,3.6552067752638,1,-4,17,Manabí_e17
1432,Manabí,2018-04-01,2018,2,0.350585230876065,0.13450160898466,0.0734958752349569,0.0799785663978612,0.15546348358491,0.246486718041126,135.369793203728,104.639815406048,386.0,3.68884442792786,70,3.6552067752638,1,-3,17,Manabí_e17
1433,Manabí,2018-07-01,2018,3,0.261140297061071,0.0928019803015804,0.0505806708196123,0.0829598955519295,0.15990406561218,0.239143124638387,175.247952972943,123.452683755342,386.0,3.12670399912061,71,3.6552067752638,1,-2,17,Manabí_e17
1434,Manabí,2018-10-01,2018,4,0.318090202290884,0.112460427060503,0.0594189099251366,0.070987401756497,0.136916986816764,0.203486444988327,143.084831339171,105.602780836425,386.0,3.6552067752638,72,3.6552067752638,1,-1,17,Manabí_e17
1435,Manabí,2019-01-01,2019,1,0.213675694262121,0.0707482531878661,0.0351749942255397,0.0606007618540789,0.117955693398351,0.177910056233332,161.495546448428,131.651714126278,394.0,2.99274493017297,73,3.6552067752638,1,0,17,Manabí_e17
1436,Manabí,2019-04-01,2019,2,0.256374920928997,0.0944773283962562,0.0513847401625346,0.0712676588771483,0.138150747321788,0.209955743411465,162.877195920492,130.825688990488,394.0,3.01164093260496,74,3.6552067752638,1,1,17,Manabí_e17
1437,Manabí,2019-07-01,2019,3,0.319805456223831,0.113372915901985,0.0564585510471619,0.0691933185347737,0.13363698990203,0.198808253264319,142.589405187013,102.607607438044,394.0,3.83987123213942,75,3.6552067752638,1,2,17,Manabí_e17
1438,Manabí,2019-10-01,2019,4,0.314815186992301,0.1141038157657,0.0557898595700852,0.0697092475723964,0.134485934199311,0.196393130999858,151.795989612971,119.117785133839,394.0,3.3076504869303,76,3.6552067752638,1,3,17,Manabí_e17
1439,Manabí,2020-01-01,2020,1,,,,,,,,,,,77,3.6552067752638,1,4,17,Manabí_e17
1440,Pichincha,2018-01-01,2018,1,0.0978307532887298,0.0376231634600007,0.0220008942477027,0.0840816987155656,0.159429676461363,0.233320682075964,259.883442193703,184.016081688678,386.0,2.09764275196905,69,1.91867682867451,0,-4,17,Pichincha_e17
1441,Pichincha,2018-04-01,2018,2,0.0829828190672674,0.0317401227076643,0.0177783800110361,0.0868642558491501,0.162620137209718,0.233719832888707,274.075707269732,185.249417967904,386.0,2.08367726190037,70,1.91867682867451,0,-3,17,Pichincha_e17
1442,Pichincha,2018-07-01,2018,3,0.144333242697453,0.0512452399528111,0.0281511371033585,0.0797326003955986,0.158397325976758,0.239050671453727,308.285660369471,232.167319162975,386.0,1.66259403516237,71,1.91867682867451,0,-2,17,Pichincha_e17
1443,Pichincha,2018-10-01,2018,4,0.0918672235533636,0.0306757705448664,0.0172929656015465,0.0804814916726229,0.152070420987144,0.221037992950054,277.4529870344,201.180310426046,386.0,1.91867682867451,72,1.91867682867451,0,-1,17,Pichincha_e17
1444,Pichincha,2019-01-01,2019,1,0.181243219243761,0.082530606433772,0.0577909255980372,0.10685230397508,0.207317957645124,0.327722027403841,235.774158895814,155.030736514476,394.0,2.54143151776365,73,1.91867682867451,0,0,17,Pichincha_e17
1445,Pichincha,2019-04-01,2019,2,0.148277771802879,0.0618580305672015,0.0395684599107753,0.0939800384044156,0.179210065634588,0.262517003923532,238.690248616151,156.167380048223,394.0,2.522934046011,74,1.91867682867451,0,1,17,Pichincha_e17
1446,Pichincha,2019-07-01,2019,3,0.0957261262883937,0.0393260491616976,0.0253963573277034,0.0816337643990307,0.160592338087335,0.246866940751862,333.964722138355,248.605438912624,394.0,1.58484062827957,75,1.91867682867451,0,2,17,Pichincha_e17
1447,Pichincha,2019-10-01,2019,4,0.119945069513794,0.0450931128035248,0.0261722815415826,0.0820235330035746,0.157180656778583,0.23239175732038,259.991083629888,188.463230429349,394.0,2.09059347599214,76,1.91867682867451,0,3,17,Pichincha_e17
1448,Pichincha,2020-01-01,2020,1,,,,,,,,,,,77,1.91867682867451,0,4,17,Pichincha_e17
1449,Sierra,2018-01-01,2018,1,0.262191216081436,0.0984658004700836,0.0565401781536817,0.076458607205245,0.149615079722228,0.227215378775234,165.067981050514,122.573726675285,386.0,3.14912510592557,69,2.8161066628371,0,-4,17,Sierra_e17
1450,Sierra,2018-04-01,2018,2,0.248082843629067,0.10339566154262,0.0636491869178727,0.0802709813228899,0.158333229760694,0.246293671565135,172.378500627868,126.1693981805,386.0,3.05937894264806,70,2.8161066628371,0,-3,17,Sierra_e17
1451,Sierra,2018-07-01,2018,3,0.144717306143358,0.0570600287846476,0.0341397535019519,0.0782293545799316,0.155036006691054,0.237007789808917,274.761633971238,208.28174524438,386.0,1.85325890921022,71,2.8161066628371,0,-2,17,Sierra_e17
1452,Sierra,2018-10-01,2018,4,0.25617803777549,0.090664668559128,0.0495955414273417,0.0740683506337231,0.145479639651988,0.222639037282054,177.90597977693,137.068671827623,386.0,2.8161066628371,72,2.8161066628371,0,-1,17,Sierra_e17
1453,Sierra,2019-01-01,2019,1,0.14858330980973,0.0614382924028896,0.0369566794872798,0.0829018349652375,0.161154199606482,0.242253671454787,236.496930097586,169.066441256969,394.0,2.33044474746557,73,2.8161066628371,0,0,17,Sierra_e17
1454,Sierra,2019-04-01,2019,2,0.16571358835467,0.0623105033472775,0.0354950255331773,0.0835991445168914,0.161276124741539,0.242488588608268,227.420727887598,165.165514839437,394.0,2.38548585873401,74,2.8161066628371,0,1,17,Sierra_e17
1455,Sierra,2019-07-01,2019,3,0.256198136378969,0.112412513380175,0.0677454079736078,0.0883509293844099,0.175342767526162,0.266413017681667,210.00679620394,155.00059896265,394.0,2.54192566117077,75,2.8161066628371,0,2,17,Sierra_e17
1456,Sierra,2019-10-01,2019,4,0.231058283433914,0.0828891012202259,0.0441532882501486,0.0748834667301996,0.1444457629472,0.215172047066364,181.648086691416,139.570366724023,394.0,2.82294880530815,76,2.8161066628371,0,3,17,Sierra_e17
1457,Sierra,2020-01-01,2020,1,,,,,,,,,,,77,2.8161066628371,0,4,17,Sierra_e17
1458,Amazonía,2021-01-01,2021,1,0.493757884426698,0.256424690137166,0.168994769033179,0.121489877486888,0.239562168047298,0.366457448586834,139.16311341004,80.3527177814342,400.0,4.97930578756134,81,4.10883497791286,1,-4,18,Amazonía_e18
1459,Amazonía,2021-04-01,2021,2,0.507851126070755,0.29068125138462,0.202948821174605,0.118513280437263,0.23649881974251,0.364294205615209,118.01039307268,76.2409066900817,400.0,5.43642327353345,82,4.10883497791286,1,-3,18,Amazonía_e18
1460,Amazonía,2021-07-01,2021,3,0.349532980639572,0.16791786818279,0.115001730757837,0.0944742230629831,0.192146454152004,0.313038851627414,151.794889596702,112.040317804079,400.0,3.60344010397882,83,4.10883497791286,1,-2,18,Amazonía_e18
1461,Amazonía,2021-10-01,2021,4,0.370930500189196,0.169837184312111,0.100480545587077,0.0865453888437097,0.170156139661384,0.256044797083769,142.996778393289,100.582006103263,400.0,4.10883497791286,84,4.10883497791286,1,-1,18,Amazonía_e18
1462,Amazonía,2022-01-01,2022,1,0.391773496654101,0.193252673671079,0.127645095008953,0.103828593954796,0.204563949763365,0.31116678303206,152.891587339492,105.122069561076,425.0,4.32542539113744,85,4.10883497791286,1,0,18,Amazonía_e18
1463,Amazonía,2022-04-01,2022,2,0.450005042096379,0.213266982362164,0.13611478913973,0.0990022593827103,0.200592946798904,0.330007098537363,126.633498823654,85.5510054615094,425.0,4.97038111565498,86,4.10883497791286,1,1,18,Amazonía_e18
1464,Amazonía,2022-07-01,2022,3,0.394648126907993,0.220138055431876,0.153084624008754,0.101036735910014,0.207122791316222,0.33893878076405,141.537211539915,103.43941917513,425.0,4.23746758090054,87,4.10883497791286,1,2,18,Amazonía_e18
1465,Amazonía,2022-10-01,2022,4,0.385123205568875,0.188493975695305,0.122067073790439,0.0940350607972089,0.188890421735269,0.297710272243954,146.419462748861,110.459893860451,425.0,3.87735895746705,88,4.10883497791286,1,3,18,Amazonía_e18
1466,Amazonía,2023-01-01,2023,1,0.378306071669501,0.204722425024156,0.138518166200759,0.113360127973742,0.226865674575895,0.357940053460043,189.62867248918,125.19904495742,450.0,4.24850427740629,89,4.10883497791286,1,4,18,Amazonía_e18
1467,Azuay,2021-01-01,2021,1,0.358520932548218,0.138555340760039,0.0733714165706795,0.0907640682174111,0.174362514028332,0.256426325494307,171.984188544461,126.287768259389,400.0,3.26727957169922,81,2.79582353236244,0,-4,18,Azuay_e18
1468,Azuay,2021-04-01,2021,2,0.27225432690203,0.129513601716095,0.0841018271357433,0.0940123272993891,0.183230667911585,0.276551222932269,185.256693134451,131.818645852627,400.0,3.07811104040692,82,2.79582353236244,0,-3,18,Azuay_e18
1469,Azuay,2021-07-01,2021,3,0.186143979555302,0.0589460545104483,0.0322736655235052,0.0728209272944383,0.142445278676065,0.216888550665704,216.062046023304,164.339538234316,400.0,2.4423955856625,83,2.79582353236244,0,-2,18,Azuay_e18
1470,Azuay,2021-10-01,2021,4,0.21153775039985,0.0769961378206055,0.0449564222082153,0.0774458546199476,0.151709261782026,0.229493971688098,202.395758435869,143.885905105019,400.0,2.79582353236244,84,2.79582353236244,0,-1,18,Azuay_e18
1471,Azuay,2022-01-01,2022,1,0.14622950227236,0.0592651847099786,0.0356974906807737,0.0768743291096005,0.150685700987931,0.226978756007316,227.440264911886,156.383552814615,425.0,2.71909637549528,85,2.79582353236244,0,0,18,Azuay_e18
1472,Azuay,2022-04-01,2022,2,0.209726134268947,0.0815589479281053,0.0502547398412215,0.073704080334102,0.148029228972757,0.235237126872536,201.994764032288,153.231669254065,425.0,2.78844638058218,86,2.79582353236244,0,1,18,Azuay_e18
1473,Azuay,2022-07-01,2022,3,0.167851769322659,0.0735841374913982,0.0446178058754549,0.0736270842947936,0.146620929490237,0.230666718539537,212.878108537793,169.141230256844,425.0,2.52758546428768,87,2.79582353236244,0,2,18,Azuay_e18
1474,Azuay,2022-10-01,2022,4,0.139314448031168,0.0468231698991552,0.0249245905306295,0.0694074236708914,0.134263597473814,0.198224101660914,218.332999130187,162.726334471795,425.0,2.61608990830434,88,2.79582353236244,0,3,18,Azuay_e18
1475,Azuay,2023-01-01,2023,1,0.157110992943161,0.065580654921815,0.0438896003338026,0.0815404488423279,0.16373971751937,0.263212609783031,246.153853251995,167.08448643824,450.0,2.79892258392232,89,2.79582353236244,0,4,18,Azuay_e18
1476,"Costa, Santo Domingo",2021-01-01,2021,1,0.470748672010281,0.236732328172318,0.151092932904411,0.0964509173732289,0.189659885466417,0.28742816337607,117.391126235732,82.9755238933061,400.0,4.8265399502842,81,4.01150054463013,1,-4,18,"Costa, Santo Domingo_e18"
1477,"Costa, Santo Domingo",2021-04-01,2021,2,0.509217255527465,0.241549016368578,0.157424219682769,0.0967124428746556,0.192092234251171,0.305304078822108,109.208615431131,79.0424105560168,400.0,5.14296836926367,82,4.01150054463013,1,-3,18,"Costa, Santo Domingo_e18"
1478,"Costa, Santo Domingo",2021-07-01,2021,3,0.386060176733567,0.15049619599702,0.0885048493653305,0.0737682231938062,0.147932723168614,0.236726044802346,128.135492750247,96.8428971829269,400.0,4.14232239173491,83,4.01150054463013,1,-2,18,"Costa, Santo Domingo_e18"
1479,"Costa, Santo Domingo",2021-10-01,2021,4,0.37659205449636,0.158619483211733,0.0924661380903322,0.0754008544803908,0.14948822306489,0.231956256105576,129.804132516988,99.8973102706493,400.0,4.01150054463013,84,4.01150054463013,1,-1,18,"Costa, Santo Domingo_e18"
1480,"Costa, Santo Domingo",2022-01-01,2022,1,0.390949084675597,0.173834081410458,0.110557625195085,0.0975198372059952,0.193437376855291,0.306653949677575,144.805777227952,97.6800925568061,425.0,4.35965397407538,85,4.01150054463013,1,0,18,"Costa, Santo Domingo_e18"
1481,"Costa, Santo Domingo",2022-04-01,2022,2,0.371411140604184,0.177562764832401,0.11340715299218,0.0875858612043268,0.174204343008597,0.272307693857327,135.338082910278,101.056273509536,425.0,4.21854619610348,86,4.01150054463013,1,1,18,"Costa, Santo Domingo_e18"
1482,"Costa, Santo Domingo",2022-07-01,2022,3,0.391337410294921,0.162127074214484,0.09368396107666,0.0738364763435551,0.146706755623822,0.229156180148409,126.293553826591,99.0325725548834,425.0,4.29287653902924,87,4.01150054463013,1,2,18,"Costa, Santo Domingo_e18"
1483,"Costa, Santo Domingo",2022-10-01,2022,4,0.381093487071773,0.149091589235024,0.0853169580028825,0.0733558523459848,0.144429875562169,0.221701215753523,130.165343925049,100.966086302056,425.0,4.20940434992095,88,4.01150054463013,1,3,18,"Costa, Santo Domingo_e18"
1484,"Costa, Santo Domingo",2023-01-01,2023,1,0.342718545876274,0.133043776071436,0.0763858804275757,0.0827288926701793,0.161867244757523,0.249460240110962,146.729111373824,102.764731341802,450.0,4.38014257775687,89,4.01150054463013,1,4,18,"Costa, Santo Domingo_e18"
1485,El Oro,2021-01-01,2021,1,0.339191544786215,0.145004324917543,0.0851979026644682,0.0866695114623893,0.170755770170087,0.257747986028746,164.292684907233,117.386552316186,400.0,3.41173858699912,81,2.79289108455921,0,-4,18,El Oro_e18
1486,El Oro,2021-04-01,2021,2,0.30485082090793,0.132254220258746,0.0824406614702327,0.0799115361316799,0.158745794817611,0.244068062954989,158.778271654989,119.809878785841,400.0,3.40940046684765,82,2.79289108455921,0,-3,18,El Oro_e18
1487,El Oro,2021-07-01,2021,3,0.190293687485032,0.0717434595557197,0.040486750155216,0.0618134285892922,0.123292321688279,0.193628866767777,180.010441286494,145.203449423518,400.0,2.75679274115964,83,2.79289108455921,0,-2,18,El Oro_e18
1488,El Oro,2021-10-01,2021,4,0.181935577817179,0.0688142736910031,0.0412844030459772,0.0579348925558358,0.117303955864417,0.189418883756196,178.434539023741,143.312460378501,400.0,2.79289108455921,84,2.79289108455921,0,-1,18,El Oro_e18
1489,El Oro,2022-01-01,2022,1,0.14854776063262,0.0565941183778906,0.0337445800189175,0.0712707835041596,0.139915020737657,0.217370131208851,206.691809843399,149.99332342272,425.0,2.85215124922525,85,2.79289108455921,0,0,18,El Oro_e18
1490,El Oro,2022-04-01,2022,2,0.220692317378095,0.0923880481385571,0.0609633755049122,0.0661940969377739,0.135502497016381,0.224384044070362,169.732289609128,139.068613088901,425.0,3.06821556091043,86,2.79289108455921,0,1,18,El Oro_e18
1491,El Oro,2022-07-01,2022,3,0.202980352896911,0.0774440444177818,0.0462886245638397,0.0605252045947938,0.122481676094429,0.196347765637107,177.798949945098,143.111103957875,425.0,2.97167337486978,87,2.79289108455921,0,2,18,El Oro_e18
1492,El Oro,2022-10-01,2022,4,0.188539257347614,0.0762771190296565,0.0431745403598187,0.0662884719420927,0.131505111476312,0.204856369756377,189.540812318252,151.444910056556,425.0,2.80858329462987,88,2.79289108455921,0,3,18,El Oro_e18
1493,El Oro,2023-01-01,2023,1,0.13850956054523,0.0492073820614203,0.0290524075522927,0.0616788953245518,0.122223254965197,0.190922941953907,200.178175672727,154.204110791255,450.0,2.93435609430516,89,2.79289108455921,0,4,18,El Oro_e18
1494,Guayas,2021-01-01,2021,1,0.360176871771248,0.148805476823606,0.0901368893441452,0.0860221891207279,0.170285400815127,0.260291666876932,162.486199217714,120.009190024102,400.0,3.45765390912988,81,3.14896398545698,0,-4,18,Guayas_e18
1495,Guayas,2021-04-01,2021,2,0.318164631638392,0.133771283201448,0.0801159895787549,0.0806422766585796,0.159853176354336,0.247761864913544,153.384043576062,116.838614326286,400.0,3.43034323376043,82,3.14896398545698,0,-3,18,Guayas_e18
1496,Guayas,2021-07-01,2021,3,0.280114693074796,0.10289649267458,0.0584611010872647,0.0760779316144771,0.148019512020456,0.226789497467344,155.808115459697,114.356900323686,400.0,3.50811047451209,83,3.14896398545698,0,-2,18,Guayas_e18
1497,Guayas,2021-10-01,2021,4,0.244237024334727,0.102748917261507,0.0632205983312873,0.0769167050754337,0.1504872346138,0.233950480019452,165.066324870841,127.875442492847,400.0,3.14896398545698,84,3.14896398545698,0,-1,18,Guayas_e18
1498,Guayas,2022-01-01,2022,1,0.22995570168689,0.102039299050902,0.0652342722331631,0.0816498971387574,0.163367370649095,0.259092326337091,189.014440762383,140.447477474036,425.0,3.06227133425878,85,3.14896398545698,0,0,18,Guayas_e18
1499,Guayas,2022-04-01,2022,2,0.198539147643233,0.0783166908238658,0.0465581304725577,0.071211439537681,0.139924438911014,0.21676575659348,181.79119592799,142.86917658568,425.0,3.0226057822783,86,3.14896398545698,0,1,18,Guayas_e18
1500,Guayas,2022-07-01,2022,3,0.256231765742305,0.0978224070591995,0.0586322007329117,0.077129973328454,0.150812697568763,0.235961101358067,165.859761436352,128.928869275522,425.0,3.30544154962946,87,3.14896398545698,0,2,18,Guayas_e18
1501,Guayas,2022-10-01,2022,4,0.281359499165382,0.104886455823899,0.0605608034637095,0.0783624771752347,0.153227669024357,0.239762951432975,168.060460019018,133.642228413326,425.0,3.19964529625046,88,3.14896398545698,0,3,18,Guayas_e18
1502,Guayas,2023-01-01,2023,1,0.224970670301169,0.080337676052621,0.041462080984004,0.0815377030638119,0.15458597822756,0.224761831702202,198.908050795303,148.483670823377,450.0,3.08043793757203,89,3.14896398545698,0,4,18,Guayas_e18
1503,Los Ríos,2021-01-01,2021,1,0.424750436001877,0.207033660824796,0.127122239249561,0.0806356194176669,0.162499345007605,0.254554240371377,129.925378182814,100.438505502951,400.0,4.38392614668068,81,4.23953231511874,1,-4,18,Los Ríos_e18
1504,Los Ríos,2021-04-01,2021,2,0.458555270552476,0.191193011123106,0.103659355512774,0.0767561594798972,0.15001036501696,0.220126163545826,121.601114004378,84.2745498110366,400.0,4.76677670131257,82,4.23953231511874,1,-3,18,Los Ríos_e18
1505,Los Ríos,2021-07-01,2021,3,0.331385171645232,0.148665421365645,0.0881806320647823,0.0712243851849254,0.141865981983318,0.215959447178302,133.322773346276,102.676182742821,400.0,3.89651022686805,83,4.23953231511874,1,-2,18,Los Ríos_e18
1506,Los Ríos,2021-10-01,2021,4,0.384633066203392,0.152418812455055,0.0888329885574937,0.0749629403904629,0.148649172018611,0.228118818595919,132.027965373943,94.3504992422095,400.0,4.23953231511874,84,4.23953231511874,1,-1,18,Los Ríos_e18
1507,Los Ríos,2022-01-01,2022,1,0.285926987842563,0.108960191623801,0.0607356799523591,0.0683827262702975,0.136376594429078,0.2146299660599,153.723839311033,126.9483360521,425.0,3.3907524013193,85,4.23953231511874,1,0,18,Los Ríos_e18
1508,Los Ríos,2022-04-01,2022,2,0.295460755265694,0.109064747241874,0.0600809698159123,0.0731591075436246,0.14254413938274,0.216144106679626,146.369386193971,104.151318737472,425.0,4.14878248327104,86,4.23953231511874,1,1,18,Los Ríos_e18
1509,Los Ríos,2022-07-01,2022,3,0.300203033561683,0.119299864231011,0.079871276838654,0.0728337661783221,0.148173595744196,0.244048815887262,138.968423349302,103.791217726083,425.0,4.10961525538031,87,4.23953231511874,1,2,18,Los Ríos_e18
1510,Los Ríos,2022-10-01,2022,4,0.302438948385102,0.0971227098314004,0.0473509604135171,0.0498961970044108,0.100189290802718,0.157066298066256,137.084317472058,114.088560090161,425.0,3.80368196752773,88,4.23953231511874,1,3,18,Los Ríos_e18
1511,Los Ríos,2023-01-01,2023,1,0.252776166837026,0.0995518269894134,0.0534976610443703,0.0533244577727502,0.106075580108932,0.163550391153798,140.771883537218,113.56979237041,450.0,3.9887444022015,89,4.23953231511874,1,4,18,Los Ríos_e18
1512,Manabí,2021-01-01,2021,1,0.476815126809055,0.19376027760959,0.116973636649243,0.0877633422107121,0.175322940146385,0.275165324218909,125.549205346044,87.137373569585,400.0,4.71573817683629,81,4.61234464689087,1,-4,18,Manabí_e18
1513,Manabí,2021-04-01,2021,2,0.492431665557364,0.211942184084922,0.125815588161609,0.088687588064135,0.174366296065643,0.266654907444022,119.809246978412,84.2286533700175,400.0,4.85769658106045,82,4.61234464689087,1,-3,18,Manabí_e18
1514,Manabí,2021-07-01,2021,3,0.402487517228898,0.162760948294604,0.0918237887631515,0.0838306993627315,0.165453150575646,0.25348298685998,142.531131687553,96.8719529203248,400.0,4.20342334647589,83,4.61234464689087,1,-2,18,Manabí_e18
1515,Manabí,2021-10-01,2021,4,0.439167553992779,0.185226922711466,0.106989785129534,0.0783500073534895,0.15787829619184,0.252331523239506,127.405246996085,90.2719319682957,400.0,4.61234464689087,84,4.61234464689087,1,-1,18,Manabí_e18
1516,Manabí,2022-01-01,2022,1,0.378645655646411,0.183674137973852,0.113890300245118,0.0914513267628619,0.182246063935956,0.282661983710361,150.256415567345,104.081160534737,425.0,4.15053813874491,85,4.61234464689087,1,0,18,Manabí_e18
1517,Manabí,2022-04-01,2022,2,0.335098818112565,0.164580655363795,0.108423281910603,0.0989950614492452,0.196325199996324,0.317596778854554,146.46936581705,105.711645079373,425.0,4.02708257673401,86,4.61234464689087,1,1,18,Manabí_e18
1518,Manabí,2022-07-01,2022,3,0.386902489890452,0.143023303719023,0.0809410666970559,0.0740767314220007,0.149059474380202,0.24439819178529,131.749149013621,102.195245570749,425.0,4.17620150421951,87,4.61234464689087,1,2,18,Manabí_e18
1519,Manabí,2022-10-01,2022,4,0.3552690336249,0.144266080642657,0.079783137813859,0.0672033514476888,0.133611333588134,0.206559094215049,133.695663510018,107.520215775478,425.0,4.00885500025276,88,4.61234464689087,1,3,18,Manabí_e18
1520,Manabí,2023-01-01,2023,1,0.317053571396719,0.126031607466268,0.0690217183155297,0.075488561404999,0.147608891043231,0.219376343871716,155.084403351502,117.73536937617,450.0,3.90258312418995,89,4.61234464689087,1,4,18,Manabí_e18
1521,Pichincha,2021-01-01,2021,1,0.267524428303968,0.112125753613785,0.0654943683370775,0.108923432329986,0.209469278472592,0.31129491656544,238.419232174475,155.672862749245,400.0,2.63673617759037,81,2.41665989281151,0,-4,18,Pichincha_e18
1522,Pichincha,2021-04-01,2021,2,0.237565511835772,0.0974143113579667,0.0569460090208861,0.0963115682854544,0.185367582514502,0.273641757453488,208.778414836602,141.806956304562,400.0,2.85389022728249,82,2.41665989281151,0,-3,18,Pichincha_e18
1523,Pichincha,2021-07-01,2021,3,0.150669713024697,0.0636269409853131,0.0414398210351039,0.0973834640826835,0.187092081658579,0.284294419138677,255.988952700263,177.223330548604,400.0,2.29832231591146,83,2.41665989281151,0,-2,18,Pichincha_e18
1524,Pichincha,2021-10-01,2021,4,0.142958442535422,0.0592308904117591,0.0393237946621523,0.0991378605527812,0.189927330030417,0.287085379306512,253.546164712373,165.561447496555,400.0,2.41665989281151,84,2.41665989281151,0,-1,18,Pichincha_e18
1525,Pichincha,2022-01-01,2022,1,0.157222007682334,0.07286699966743,0.0503555226909777,0.101310111030555,0.198383845444247,0.308033593782448,280.560368580316,186.152177664257,425.0,2.36295137341474,85,2.41665989281151,0,0,18,Pichincha_e18
1526,Pichincha,2022-04-01,2022,2,0.135822984758585,0.0591047456638122,0.0387995150586336,0.0834788352575618,0.163784516190792,0.253088697518963,241.338910507824,170.224185868624,425.0,2.49955674966001,86,2.41665989281151,0,1,18,Pichincha_e18
1527,Pichincha,2022-07-01,2022,3,0.152945385486272,0.0679885904336555,0.0459817650535685,0.0904814098057083,0.177710521287539,0.277508291655155,252.209395639945,180.089129230032,425.0,2.38637779181351,87,2.41665989281151,0,2,18,Pichincha_e18
1528,Pichincha,2022-10-01,2022,4,0.12766854912913,0.0530994213720285,0.0345577390437503,0.0859131566910239,0.166274005951929,0.251665575526226,259.059187120964,185.265362010795,425.0,2.29994465195561,88,2.41665989281151,0,3,18,Pichincha_e18
1529,Pichincha,2023-01-01,2023,1,0.107172717377153,0.045832909510427,0.0289756809068885,0.0766368514314834,0.150728805470036,0.229763744936031,287.133728726415,216.871973140127,450.0,2.12635465953407,89,2.41665989281151,0,4,18,Pichincha_e18
1530,Sierra,2021-01-01,2021,1,0.412741028608429,0.196288946186522,0.125468904449311,0.102063332502976,0.19977828348372,0.298964869088808,146.11091944517,95.7117497428804,400.0,4.26464650446823,81,3.37436187236238,0,-4,18,Sierra_e18
1531,Sierra,2021-04-01,2021,2,0.392990153147484,0.184331947506094,0.11314838785557,0.0870534234690801,0.173183516445192,0.269725835219441,135.750747376668,99.0974312530057,400.0,4.16277711558141,82,3.37436187236238,0,-3,18,Sierra_e18
1532,Sierra,2021-07-01,2021,3,0.306950607202788,0.126933116074493,0.0743377837306102,0.0854445785062525,0.169339148908951,0.262268520236164,172.149383713922,123.043994336414,400.0,3.28829192915177,83,3.37436187236238,0,-2,18,Sierra_e18
1533,Sierra,2021-10-01,2021,4,0.313580557845123,0.149956538138287,0.102139481152433,0.0938639198827895,0.191410497809835,0.320382242002256,160.167205075149,118.941714925567,400.0,3.37436187236238,84,3.37436187236238,0,-1,18,Sierra_e18
1534,Sierra,2022-01-01,2022,1,0.287853086323259,0.123464755948734,0.0748662456170443,0.0961528038549032,0.188372378170084,0.287870513767877,186.117785806839,125.99899870674,425.0,3.40594119522323,85,3.37436187236238,0,0,18,Sierra_e18
1535,Sierra,2022-04-01,2022,2,0.310954629413599,0.133481729994019,0.0812292472895022,0.0950623065877888,0.182250456762829,0.274338778068488,161.593575561033,112.897615480414,425.0,3.76622139474562,86,3.37436187236238,0,1,18,Sierra_e18
1536,Sierra,2022-07-01,2022,3,0.288167258173368,0.128112633527697,0.079392364910051,0.0869056246149933,0.174439251029974,0.276881201455949,178.968479811968,131.419801824828,425.0,3.27750298492533,87,3.37436187236238,0,2,18,Sierra_e18
1537,Sierra,2022-10-01,2022,4,0.2602021631386,0.116034041652838,0.0702476536535075,0.0804958382584512,0.159024035186279,0.245767947552312,171.465223782276,128.264561727088,425.0,3.32459412954864,88,3.37436187236238,0,3,18,Sierra_e18
1538,Sierra,2023-01-01,2023,1,0.291431608863582,0.116280927451958,0.0664812595690379,0.0966594157587703,0.185814789473155,0.275143844147413,191.751930129097,129.391196635524,450.0,3.50486530658375,89,3.37436187236238,0,4,18,Sierra_e18
1539,Amazonía,2022-01-01,2022,1,0.391773496654101,0.193252673671079,0.127645095008953,0.103828593954796,0.204563949763365,0.31116678303206,152.891587339492,105.122069561076,425.0,4.32542539113744,85,3.87735895746705,1,-4,19,Amazonía_e19
1540,Amazonía,2022-04-01,2022,2,0.450005042096379,0.213266982362164,0.13611478913973,0.0990022593827103,0.200592946798904,0.330007098537363,126.633498823654,85.5510054615094,425.0,4.97038111565498,86,3.87735895746705,1,-3,19,Amazonía_e19
1541,Amazonía,2022-07-01,2022,3,0.394648126907993,0.220138055431876,0.153084624008754,0.101036735910014,0.207122791316222,0.33893878076405,141.537211539915,103.43941917513,425.0,4.23746758090054,87,3.87735895746705,1,-2,19,Amazonía_e19
1542,Amazonía,2022-10-01,2022,4,0.385123205568875,0.188493975695305,0.122067073790439,0.0940350607972089,0.188890421735269,0.297710272243954,146.419462748861,110.459893860451,425.0,3.87735895746705,88,3.87735895746705,1,-1,19,Amazonía_e19
1543,Amazonía,2023-01-01,2023,1,0.378306071669501,0.204722425024156,0.138518166200759,0.113360127973742,0.226865674575895,0.357940053460043,189.62867248918,125.19904495742,450.0,4.24850427740629,89,3.87735895746705,1,0,19,Amazonía_e19
1544,Amazonía,2023-04-01,2023,2,0.326371599442451,0.185114535277313,0.126869757574041,0.101946671623724,0.200618786731573,0.302730582219138,159.989177977858,120.572740498235,450.0,3.7827836627821,90,3.87735895746705,1,1,19,Amazonía_e19
1545,Amazonía,2023-07-01,2023,3,0.421368136642118,0.248643825782331,0.175574290697829,0.111914750504827,0.224119767614841,0.346331695310929,141.289955633123,95.4149543121755,450.0,4.9028319739294,91,3.87735895746705,1,2,19,Amazonía_e19
1546,Amazonía,2023-10-01,2023,4,0.421848749722394,0.236094654303949,0.164629925238879,0.1068437110488,0.210961289275678,0.321574234971373,138.641405830486,105.842433130515,450.0,4.83908797891461,92,3.87735895746705,1,3,19,Amazonía_e19
1547,Amazonía,2024-01-01,2024,1,0.403567274248402,0.224582292882903,0.155053876504027,0.113587620199171,0.230332497443695,0.374431586584925,167.571898824443,119.308818797336,460.0,4.37812555176307,93,3.87735895746705,1,4,19,Amazonía_e19
1548,Azuay,2022-01-01,2022,1,0.14622950227236,0.0592651847099786,0.0356974906807737,0.0768743291096005,0.150685700987931,0.226978756007316,227.440264911886,156.383552814615,425.0,2.71909637549528,85,2.61608990830434,0,-4,19,Azuay_e19
1549,Azuay,2022-04-01,2022,2,0.209726134268947,0.0815589479281053,0.0502547398412215,0.073704080334102,0.148029228972757,0.235237126872536,201.994764032288,153.231669254065,425.0,2.78844638058218,86,2.61608990830434,0,-3,19,Azuay_e19
1550,Azuay,2022-07-01,2022,3,0.167851769322659,0.0735841374913982,0.0446178058754549,0.0736270842947936,0.146620929490237,0.230666718539537,212.878108537793,169.141230256844,425.0,2.52758546428768,87,2.61608990830434,0,-2,19,Azuay_e19
1551,Azuay,2022-10-01,2022,4,0.139314448031168,0.0468231698991552,0.0249245905306295,0.0694074236708914,0.134263597473814,0.198224101660914,218.332999130187,162.726334471795,425.0,2.61608990830434,88,2.61608990830434,0,-1,19,Azuay_e19
1552,Azuay,2023-01-01,2023,1,0.157110992943161,0.065580654921815,0.0438896003338026,0.0815404488423279,0.16373971751937,0.263212609783031,246.153853251995,167.08448643824,450.0,2.79892258392232,89,2.61608990830434,0,0,19,Azuay_e19
1553,Azuay,2023-04-01,2023,2,0.187212409587396,0.0798670538146774,0.0488670475782072,0.07567747084306,0.149805166848965,0.230815146078435,206.546583566724,154.644228871259,450.0,2.91501761736391,90,2.61608990830434,0,1,19,Azuay_e19
1554,Azuay,2023-07-01,2023,3,0.179450850246142,0.0830682866186878,0.058230454445196,0.0810674741313799,0.160506591319868,0.246742415562143,221.855126657627,164.73224137323,450.0,2.77484413817397,91,2.61608990830434,0,2,19,Azuay_e19
1555,Azuay,2023-10-01,2023,4,0.165252738921221,0.0786640872030046,0.0542864818786817,0.0749014237477923,0.150308201291667,0.234882509901083,213.243393328802,155.973695767651,450.0,2.8868680200654,92,2.61608990830434,0,3,19,Azuay_e19
1556,Azuay,2024-01-01,2024,1,0.166130669441514,0.0550188649873993,0.031254908315662,0.0710986042432348,0.138878580220969,0.206439768246007,242.058020886127,187.434044250328,460.0,2.53592123906407,93,2.61608990830434,0,4,19,Azuay_e19
1557,"Costa, Santo Domingo",2022-01-01,2022,1,0.390949084675597,0.173834081410458,0.110557625195085,0.0975198372059952,0.193437376855291,0.306653949677575,144.805777227952,97.6800925568061,425.0,4.35965397407538,85,4.20940434992095,1,-4,19,"Costa, Santo Domingo_e19"
1558,"Costa, Santo Domingo",2022-04-01,2022,2,0.371411140604184,0.177562764832401,0.11340715299218,0.0875858612043268,0.174204343008597,0.272307693857327,135.338082910278,101.056273509536,425.0,4.21854619610348,86,4.20940434992095,1,-3,19,"Costa, Santo Domingo_e19"
1559,"Costa, Santo Domingo",2022-07-01,2022,3,0.391337410294921,0.162127074214484,0.09368396107666,0.0738364763435551,0.146706755623822,0.229156180148409,126.293553826591,99.0325725548834,425.0,4.29287653902924,87,4.20940434992095,1,-2,19,"Costa, Santo Domingo_e19"
1560,"Costa, Santo Domingo",2022-10-01,2022,4,0.381093487071773,0.149091589235024,0.0853169580028825,0.0733558523459848,0.144429875562169,0.221701215753523,130.165343925049,100.966086302056,425.0,4.20940434992095,88,4.20940434992095,1,-1,19,"Costa, Santo Domingo_e19"
1561,"Costa, Santo Domingo",2023-01-01,2023,1,0.342718545876274,0.133043776071436,0.0763858804275757,0.0827288926701793,0.161867244757523,0.249460240110962,146.729111373824,102.764731341802,450.0,4.38014257775687,89,4.20940434992095,1,0,19,"Costa, Santo Domingo_e19"
1562,"Costa, Santo Domingo",2023-04-01,2023,2,0.344968257066333,0.148642181271214,0.0865814895968228,0.0739589255362856,0.14610260133591,0.225243805786379,134.430457869501,106.806987341482,450.0,4.22903253160139,90,4.20940434992095,1,1,19,"Costa, Santo Domingo_e19"
1563,"Costa, Santo Domingo",2023-07-01,2023,3,0.359904598941324,0.141719101288998,0.0798658295527573,0.0662177204254099,0.131926380983526,0.206613954302045,124.710556998332,102.498714440468,450.0,4.40954443184359,91,4.20940434992095,1,2,19,"Costa, Santo Domingo_e19"
1564,"Costa, Santo Domingo",2023-10-01,2023,4,0.33943658397003,0.142245268493528,0.0821059535493613,0.0621687213869369,0.122443716158852,0.184267186946266,125.291733109204,104.781988665056,450.0,4.32067226499512,92,4.20940434992095,1,3,19,"Costa, Santo Domingo_e19"
1565,"Costa, Santo Domingo",2024-01-01,2024,1,0.333234651092874,0.136916933551261,0.0773410600827847,0.0759283030328819,0.148243843217596,0.221087412199297,144.375363231145,111.92190012302,460.0,4.16716507550525,93,4.20940434992095,1,4,19,"Costa, Santo Domingo_e19"
1566,El Oro,2022-01-01,2022,1,0.14854776063262,0.0565941183778906,0.0337445800189175,0.0712707835041596,0.139915020737657,0.217370131208851,206.691809843399,149.99332342272,425.0,2.85215124922525,85,2.80858329462987,0,-4,19,El Oro_e19
1567,El Oro,2022-04-01,2022,2,0.220692317378095,0.0923880481385571,0.0609633755049122,0.0661940969377739,0.135502497016381,0.224384044070362,169.732289609128,139.068613088901,425.0,3.06821556091043,86,2.80858329462987,0,-3,19,El Oro_e19
1568,El Oro,2022-07-01,2022,3,0.202980352896911,0.0774440444177818,0.0462886245638397,0.0605252045947938,0.122481676094429,0.196347765637107,177.798949945098,143.111103957875,425.0,2.97167337486978,87,2.80858329462987,0,-2,19,El Oro_e19
1569,El Oro,2022-10-01,2022,4,0.188539257347614,0.0762771190296565,0.0431745403598187,0.0662884719420927,0.131505111476312,0.204856369756377,189.540812318252,151.444910056556,425.0,2.80858329462987,88,2.80858329462987,0,-1,19,El Oro_e19
1570,El Oro,2023-01-01,2023,1,0.13850956054523,0.0492073820614203,0.0290524075522927,0.0616788953245518,0.122223254965197,0.190922941953907,200.178175672727,154.204110791255,450.0,2.93435609430516,89,2.80858329462987,0,0,19,El Oro_e19
1571,El Oro,2023-04-01,2023,2,0.126325282330545,0.0459985618439916,0.0267031767265562,0.0584467834095494,0.11551704658447,0.17700528589848,206.293698066225,162.442498721375,450.0,2.79629266478161,90,2.80858329462987,0,1,19,El Oro_e19
1572,El Oro,2023-07-01,2023,3,0.154431095835778,0.0559694979109644,0.0333772910070053,0.0560725431753864,0.112534433799688,0.176900858235949,186.724350725295,151.180579473796,450.0,2.98581751177031,91,2.80858329462987,0,2,19,El Oro_e19
1573,El Oro,2023-10-01,2023,4,0.179202691387109,0.0688021712011218,0.0373081863963464,0.0585747142935838,0.116597179768699,0.179636098787215,185.761907495773,150.675138748532,450.0,2.98690494844275,92,2.80858329462987,0,3,19,El Oro_e19
1574,El Oro,2024-01-01,2024,1,0.158035097914614,0.0552022999977145,0.0300309843108545,0.0601877760791696,0.119961262646477,0.186186087431669,207.795242377496,158.839873099367,460.0,2.89968471249195,93,2.80858329462987,0,4,19,El Oro_e19
1575,Guayas,2022-01-01,2022,1,0.22995570168689,0.102039299050902,0.0652342722331631,0.0816498971387574,0.163367370649095,0.259092326337091,189.014440762383,140.447477474036,425.0,3.06227133425878,85,3.19964529625046,0,-4,19,Guayas_e19
1576,Guayas,2022-04-01,2022,2,0.198539147643233,0.0783166908238658,0.0465581304725577,0.071211439537681,0.139924438911014,0.21676575659348,181.79119592799,142.86917658568,425.0,3.0226057822783,86,3.19964529625046,0,-3,19,Guayas_e19
1577,Guayas,2022-07-01,2022,3,0.256231765742305,0.0978224070591995,0.0586322007329117,0.077129973328454,0.150812697568763,0.235961101358067,165.859761436352,128.928869275522,425.0,3.30544154962946,87,3.19964529625046,0,-2,19,Guayas_e19
1578,Guayas,2022-10-01,2022,4,0.281359499165382,0.104886455823899,0.0605608034637095,0.0783624771752347,0.153227669024357,0.239762951432975,168.060460019018,133.642228413326,425.0,3.19964529625046,88,3.19964529625046,0,-1,19,Guayas_e19
1579,Guayas,2023-01-01,2023,1,0.224970670301169,0.080337676052621,0.041462080984004,0.0815377030638119,0.15458597822756,0.224761831702202,198.908050795303,148.483670823377,450.0,3.08043793757203,89,3.19964529625046,0,0,19,Guayas_e19
1580,Guayas,2023-04-01,2023,2,0.213582403548186,0.0781807873778593,0.0426354394570037,0.0733080623873626,0.141827628983026,0.213617185004556,188.064055627038,146.412389383289,450.0,3.13575929008085,90,3.19964529625046,0,1,19,Guayas_e19
1581,Guayas,2023-07-01,2023,3,0.194302946030556,0.0698753310657825,0.0387674952500927,0.0608381085555633,0.117841485568189,0.175310614739223,167.980430765462,139.354327549881,450.0,3.24092938244434,91,3.19964529625046,0,2,19,Guayas_e19
1582,Guayas,2023-10-01,2023,4,0.251098178780132,0.0817731506758743,0.0383599556545379,0.0589880266305097,0.115611371806632,0.175059040998423,162.125509304291,131.357404519103,450.0,3.43796841522935,92,3.19964529625046,0,3,19,Guayas_e19
1583,Guayas,2024-01-01,2024,1,0.257626221814399,0.0952391342377994,0.0501258731749333,0.0751020721372643,0.147167085073263,0.222086251597807,189.555025516058,146.662836037471,460.0,3.30242659852267,93,3.19964529625046,0,4,19,Guayas_e19
1584,Los Ríos,2022-01-01,2022,1,0.285926987842563,0.108960191623801,0.0607356799523591,0.0683827262702975,0.136376594429078,0.2146299660599,153.723839311033,126.9483360521,425.0,3.3907524013193,85,3.80368196752773,1,-4,19,Los Ríos_e19
1585,Los Ríos,2022-04-01,2022,2,0.295460755265694,0.109064747241874,0.0600809698159123,0.0731591075436246,0.14254413938274,0.216144106679626,146.369386193971,104.151318737472,425.0,4.14878248327104,86,3.80368196752773,1,-3,19,Los Ríos_e19
1586,Los Ríos,2022-07-01,2022,3,0.300203033561683,0.119299864231011,0.079871276838654,0.0728337661783221,0.148173595744196,0.244048815887262,138.968423349302,103.791217726083,425.0,4.10961525538031,87,3.80368196752773,1,-2,19,Los Ríos_e19
1587,Los Ríos,2022-10-01,2022,4,0.302438948385102,0.0971227098314004,0.0473509604135171,0.0498961970044108,0.100189290802718,0.157066298066256,137.084317472058,114.088560090161,425.0,3.80368196752773,88,3.80368196752773,1,-1,19,Los Ríos_e19
1588,Los Ríos,2023-01-01,2023,1,0.252776166837026,0.0995518269894134,0.0534976610443703,0.0533244577727502,0.106075580108932,0.163550391153798,140.771883537218,113.56979237041,450.0,3.9887444022015,89,3.80368196752773,1,0,19,Los Ríos_e19
1589,Los Ríos,2023-04-01,2023,2,0.295038895043306,0.0877611008144625,0.0363560598139328,0.0586712023508096,0.112811769223523,0.162699001099422,145.513167306469,108.718229427301,450.0,4.21539746238899,90,3.80368196752773,1,1,19,Los Ríos_e19
1590,Los Ríos,2023-07-01,2023,3,0.260797284917518,0.0835502291745987,0.0429018827081224,0.05068456620346,0.100106228158862,0.151140016269372,136.434971737309,108.11984555077,450.0,4.17235411057299,91,3.80368196752773,1,2,19,Los Ríos_e19
1591,Los Ríos,2023-10-01,2023,4,0.27163894649721,0.0764547392485158,0.0347783625068192,0.0474499896091621,0.0942570899016621,0.146963852382797,139.882981922342,113.561029842912,450.0,4.07909314160739,92,3.80368196752773,1,3,19,Los Ríos_e19
1592,Los Ríos,2024-01-01,2024,1,0.32788208841255,0.117578567842996,0.0593892944063574,0.065990669801059,0.130407026032485,0.194874573589237,154.38776221771,121.205447559725,460.0,3.86186342019173,93,3.80368196752773,1,4,19,Los Ríos_e19
1593,Manabí,2022-01-01,2022,1,0.378645655646411,0.183674137973852,0.113890300245118,0.0914513267628619,0.182246063935956,0.282661983710361,150.256415567345,104.081160534737,425.0,4.15053813874491,85,4.00885500025276,1,-4,19,Manabí_e19
1594,Manabí,2022-04-01,2022,2,0.335098818112565,0.164580655363795,0.108423281910603,0.0989950614492452,0.196325199996324,0.317596778854554,146.46936581705,105.711645079373,425.0,4.02708257673401,86,4.00885500025276,1,-3,19,Manabí_e19
1595,Manabí,2022-07-01,2022,3,0.386902489890452,0.143023303719023,0.0809410666970559,0.0740767314220007,0.149059474380202,0.24439819178529,131.749149013621,102.195245570749,425.0,4.17620150421951,87,4.00885500025276,1,-2,19,Manabí_e19
1596,Manabí,2022-10-01,2022,4,0.3552690336249,0.144266080642657,0.079783137813859,0.0672033514476888,0.133611333588134,0.206559094215049,133.695663510018,107.520215775478,425.0,4.00885500025276,88,4.00885500025276,1,-1,19,Manabí_e19
1597,Manabí,2023-01-01,2023,1,0.317053571396719,0.126031607466268,0.0690217183155297,0.075488561404999,0.147608891043231,0.219376343871716,155.084403351502,117.73536937617,450.0,3.90258312418995,89,4.00885500025276,1,0,19,Manabí_e19
1598,Manabí,2023-04-01,2023,2,0.271448458797827,0.114306753702718,0.0639051868518768,0.0687216386209911,0.135256061146232,0.201155804956917,159.646279427722,114.248869224043,450.0,3.95838495156995,90,4.00885500025276,1,1,19,Manabí_e19
1599,Manabí,2023-07-01,2023,3,0.358905909340717,0.128329835375398,0.0666456811578242,0.0679226358835604,0.136554505242022,0.218338063392438,143.989321065297,109.305778369756,450.0,4.25378350305219,91,4.00885500025276,1,2,19,Manabí_e19
1600,Manabí,2023-10-01,2023,4,0.375082246209559,0.145966190352842,0.0723194381678971,0.0666935163662793,0.131366928451833,0.199571893865893,134.875718222382,107.586087999327,450.0,4.26320612604089,92,4.00885500025276,1,3,19,Manabí_e19
1601,Manabí,2024-01-01,2024,1,0.336526557694166,0.139669919870225,0.0789823870694922,0.0986274937591498,0.19297248433418,0.291833507378455,186.971646373804,125.390279236016,460.0,3.68305269081517,93,4.00885500025276,1,4,19,Manabí_e19
1602,Pichincha,2022-01-01,2022,1,0.157222007682334,0.07286699966743,0.0503555226909777,0.101310111030555,0.198383845444247,0.308033593782448,280.560368580316,186.152177664257,425.0,2.36295137341474,85,2.29994465195561,0,-4,19,Pichincha_e19
1603,Pichincha,2022-04-01,2022,2,0.135822984758585,0.0591047456638122,0.0387995150586336,0.0834788352575618,0.163784516190792,0.253088697518963,241.338910507824,170.224185868624,425.0,2.49955674966001,86,2.29994465195561,0,-3,19,Pichincha_e19
1604,Pichincha,2022-07-01,2022,3,0.152945385486272,0.0679885904336555,0.0459817650535685,0.0904814098057083,0.177710521287539,0.277508291655155,252.209395639945,180.089129230032,425.0,2.38637779181351,87,2.29994465195561,0,-2,19,Pichincha_e19
1605,Pichincha,2022-10-01,2022,4,0.12766854912913,0.0530994213720285,0.0345577390437503,0.0859131566910239,0.166274005951929,0.251665575526226,259.059187120964,185.265362010795,425.0,2.29994465195561,88,2.29994465195561,0,-1,19,Pichincha_e19
1606,Pichincha,2023-01-01,2023,1,0.107172717377153,0.045832909510427,0.0289756809068885,0.0766368514314834,0.150728805470036,0.229763744936031,287.133728726415,216.871973140127,450.0,2.12635465953407,89,2.29994465195561,0,0,19,Pichincha_e19
1607,Pichincha,2023-04-01,2023,2,0.118101796321688,0.0471069094952377,0.0282147151460056,0.0752183914684998,0.147166493429584,0.224501780625967,255.63955646451,195.24164671766,450.0,2.30826023100871,90,2.29994465195561,0,1,19,Pichincha_e19
1608,Pichincha,2023-07-01,2023,3,0.115953128964142,0.0451325556379848,0.0267251507886372,0.0759611026509585,0.148514638704067,0.22513948379951,274.532253351864,207.808547211784,450.0,2.236399424857,91,2.29994465195561,0,2,19,Pichincha_e19
1609,Pichincha,2023-10-01,2023,4,0.113099522878352,0.0448837250470362,0.0286246795521608,0.0735617956412296,0.144232395990234,0.221099484320073,248.155113742383,180.595902192397,450.0,2.4947868139542,92,2.29994465195561,0,3,19,Pichincha_e19
1610,Pichincha,2024-01-01,2024,1,0.106715691105568,0.0411281958054446,0.0235121265731583,0.0760907500752948,0.148599576302844,0.223887991030362,293.992459326348,224.890540686891,460.0,2.09783297382445,93,2.29994465195561,0,4,19,Pichincha_e19
1611,Sierra,2022-01-01,2022,1,0.287853086323259,0.123464755948734,0.0748662456170443,0.0961528038549032,0.188372378170084,0.287870513767877,186.117785806839,125.99899870674,425.0,3.40594119522323,85,3.32459412954864,0,-4,19,Sierra_e19
1612,Sierra,2022-04-01,2022,2,0.310954629413599,0.133481729994019,0.0812292472895022,0.0950623065877888,0.182250456762829,0.274338778068488,161.593575561033,112.897615480414,425.0,3.76622139474562,86,3.32459412954864,0,-3,19,Sierra_e19
1613,Sierra,2022-07-01,2022,3,0.288167258173368,0.128112633527697,0.079392364910051,0.0869056246149933,0.174439251029974,0.276881201455949,178.968479811968,131.419801824828,425.0,3.27750298492533,87,3.32459412954864,0,-2,19,Sierra_e19
1614,Sierra,2022-10-01,2022,4,0.2602021631386,0.116034041652838,0.0702476536535075,0.0804958382584512,0.159024035186279,0.245767947552312,171.465223782276,128.264561727088,425.0,3.32459412954864,88,3.32459412954864,0,-1,19,Sierra_e19
1615,Sierra,2023-01-01,2023,1,0.291431608863582,0.116280927451958,0.0664812595690379,0.0966594157587703,0.185814789473155,0.275143844147413,191.751930129097,129.391196635524,450.0,3.50486530658375,89,3.32459412954864,0,0,19,Sierra_e19
1616,Sierra,2023-04-01,2023,2,0.283252240482756,0.119611631796046,0.0680981703671054,0.0781227936384803,0.153640520911923,0.234453871403283,164.347043198067,126.269199291305,450.0,3.57126851750791,90,3.32459412954864,0,1,19,Sierra_e19
1617,Sierra,2023-07-01,2023,3,0.24699604471305,0.0994171816898482,0.0570857426400866,0.0778982609829323,0.153765319098454,0.235314003782271,182.486810141429,134.886872190434,450.0,3.35044883385477,91,3.32459412954864,0,2,19,Sierra_e19
1618,Sierra,2023-10-01,2023,4,0.263499210524519,0.107246294182966,0.0628391372781061,0.0789805590271032,0.155979854717654,0.238954074044884,182.437102121719,141.48397211609,450.0,3.18279741455016,92,3.32459412954864,0,3,19,Sierra_e19
1619,Sierra,2024-01-01,2024,1,0.264721677652267,0.0973387421717969,0.0537856981503581,0.0889453077421908,0.173253581322009,0.260971711136229,202.124679118229,138.999411914888,460.0,3.33901869512566,93,3.32459412954864,0,4,19,Sierra_e19
1620,Amazonía,2023-01-01,2023,1,0.378306071669501,0.204722425024156,0.138518166200759,0.113360127973742,0.226865674575895,0.357940053460043,189.62867248918,125.19904495742,450.0,4.24850427740629,89,4.83908797891461,1,-4,20,Amazonía_e20
1621,Amazonía,2023-04-01,2023,2,0.326371599442451,0.185114535277313,0.126869757574041,0.101946671623724,0.200618786731573,0.302730582219138,159.989177977858,120.572740498235,450.0,3.7827836627821,90,4.83908797891461,1,-3,20,Amazonía_e20
1622,Amazonía,2023-07-01,2023,3,0.421368136642118,0.248643825782331,0.175574290697829,0.111914750504827,0.224119767614841,0.346331695310929,141.289955633123,95.4149543121755,450.0,4.9028319739294,91,4.83908797891461,1,-2,20,Amazonía_e20
1623,Amazonía,2023-10-01,2023,4,0.421848749722394,0.236094654303949,0.164629925238879,0.1068437110488,0.210961289275678,0.321574234971373,138.641405830486,105.842433130515,450.0,4.83908797891461,92,4.83908797891461,1,-1,20,Amazonía_e20
1624,Amazonía,2024-01-01,2024,1,0.403567274248402,0.224582292882903,0.155053876504027,0.113587620199171,0.230332497443695,0.374431586584925,167.571898824443,119.308818797336,460.0,4.37812555176307,93,4.83908797891461,1,0,20,Amazonía_e20
1625,Amazonía,2024-04-01,2024,2,0.4036335328991,0.197133552289566,0.124912019821729,0.0930681056643065,0.185139243502476,0.286062394767194,138.535512602902,101.941906529559,460.0,4.56581087888198,94,4.83908797891461,1,1,20,Amazonía_e20
1626,Amazonía,2024-07-01,2024,3,0.337432124206313,0.166755144562725,0.107351906622263,0.0897878842258932,0.178151525812225,0.272263309188182,162.095359999389,125.896108251089,460.0,4.01381031282216,95,4.83908797891461,1,2,20,Amazonía_e20
1627,Amazonía,2024-10-01,2024,4,0.490030937979879,0.313571925291638,0.240106609075252,0.134681508842458,0.272325956578854,0.430854715289777,128.03832962146,78.7359890725566,460.0,7.99765530459654,96,4.83908797891461,1,3,20,Amazonía_e20
1628,Azuay,2023-01-01,2023,1,0.157110992943161,0.065580654921815,0.0438896003338026,0.0815404488423279,0.16373971751937,0.263212609783031,246.153853251995,167.08448643824,450.0,2.79892258392232,89,2.8868680200654,0,-4,20,Azuay_e20
1629,Azuay,2023-04-01,2023,2,0.187212409587396,0.0798670538146774,0.0488670475782072,0.07567747084306,0.149805166848965,0.230815146078435,206.546583566724,154.644228871259,450.0,2.91501761736391,90,2.8868680200654,0,-3,20,Azuay_e20
1630,Azuay,2023-07-01,2023,3,0.179450850246142,0.0830682866186878,0.058230454445196,0.0810674741313799,0.160506591319868,0.246742415562143,221.855126657627,164.73224137323,450.0,2.77484413817397,91,2.8868680200654,0,-2,20,Azuay_e20
1631,Azuay,2023-10-01,2023,4,0.165252738921221,0.0786640872030046,0.0542864818786817,0.0749014237477923,0.150308201291667,0.234882509901083,213.243393328802,155.973695767651,450.0,2.8868680200654,92,2.8868680200654,0,-1,20,Azuay_e20
1632,Azuay,2024-01-01,2024,1,0.166130669441514,0.0550188649873993,0.031254908315662,0.0710986042432348,0.138878580220969,0.206439768246007,242.058020886127,187.434044250328,460.0,2.53592123906407,93,2.8868680200654,0,0,20,Azuay_e20
1633,Azuay,2024-04-01,2024,2,0.181483839601691,0.069041356294807,0.0324470531168993,0.0698513104775957,0.135093350958085,0.199055945133506,207.2087430435,163.155253971098,460.0,2.84563289156036,94,2.8868680200654,0,1,20,Azuay_e20
1634,Azuay,2024-07-01,2024,3,0.155145050098751,0.0605873695965664,0.0360276367176786,0.0696755395612329,0.139355487714851,0.220298925620618,222.186669755255,169.512613903382,460.0,2.79673969628025,95,2.8868680200654,0,2,20,Azuay_e20
1635,Azuay,2024-10-01,2024,4,0.131143689431267,0.0564854816189001,0.0358780085564583,0.0631982602961086,0.12616422838613,0.195021493084004,220.130750911515,176.598553425907,460.0,2.60564559410618,96,2.8868680200654,0,3,20,Azuay_e20
1636,"Costa, Santo Domingo",2023-01-01,2023,1,0.342718545876274,0.133043776071436,0.0763858804275757,0.0827288926701793,0.161867244757523,0.249460240110962,146.729111373824,102.764731341802,450.0,4.38014257775687,89,4.32067226499512,1,-4,20,"Costa, Santo Domingo_e20"
1637,"Costa, Santo Domingo",2023-04-01,2023,2,0.344968257066333,0.148642181271214,0.0865814895968228,0.0739589255362856,0.14610260133591,0.225243805786379,134.430457869501,106.806987341482,450.0,4.22903253160139,90,4.32067226499512,1,-3,20,"Costa, Santo Domingo_e20"
1638,"Costa, Santo Domingo",2023-07-01,2023,3,0.359904598941324,0.141719101288998,0.0798658295527573,0.0662177204254099,0.131926380983526,0.206613954302045,124.710556998332,102.498714440468,450.0,4.40954443184359,91,4.32067226499512,1,-2,20,"Costa, Santo Domingo_e20"
1639,"Costa, Santo Domingo",2023-10-01,2023,4,0.33943658397003,0.142245268493528,0.0821059535493613,0.0621687213869369,0.122443716158852,0.184267186946266,125.291733109204,104.781988665056,450.0,4.32067226499512,92,4.32067226499512,1,-1,20,"Costa, Santo Domingo_e20"
1640,"Costa, Santo Domingo",2024-01-01,2024,1,0.333234651092874,0.136916933551261,0.0773410600827847,0.0759283030328819,0.148243843217596,0.221087412199297,144.375363231145,111.92190012302,460.0,4.16716507550525,93,4.32067226499512,1,0,20,"Costa, Santo Domingo_e20"
1641,"Costa, Santo Domingo",2024-04-01,2024,2,0.300711078260651,0.124556775277816,0.075547054042697,0.0789812307658772,0.157345185454498,0.25081547416371,147.511338486104,107.867946807867,460.0,4.28105829980431,94,4.32067226499512,1,1,20,"Costa, Santo Domingo_e20"
1642,"Costa, Santo Domingo",2024-07-01,2024,3,0.381279300929802,0.156730154484001,0.0889695395037726,0.0709682024306777,0.140824368971114,0.216025127930906,126.491532840657,96.2465193916122,460.0,4.80994959300312,95,4.32067226499512,1,2,20,"Costa, Santo Domingo_e20"
1643,"Costa, Santo Domingo",2024-10-01,2024,4,0.411200909095556,0.174576961576262,0.100183457019466,0.0782130290671005,0.152957749517751,0.229558462956588,128.470122307301,96.8629107629029,460.0,4.76336719043949,96,4.32067226499512,1,3,20,"Costa, Santo Domingo_e20"
1644,El Oro,2023-01-01,2023,1,0.13850956054523,0.0492073820614203,0.0290524075522927,0.0616788953245518,0.122223254965197,0.190922941953907,200.178175672727,154.204110791255,450.0,2.93435609430516,89,2.98690494844275,0,-4,20,El Oro_e20
1645,El Oro,2023-04-01,2023,2,0.126325282330545,0.0459985618439916,0.0267031767265562,0.0584467834095494,0.11551704658447,0.17700528589848,206.293698066225,162.442498721375,450.0,2.79629266478161,90,2.98690494844275,0,-3,20,El Oro_e20
1646,El Oro,2023-07-01,2023,3,0.154431095835778,0.0559694979109644,0.0333772910070053,0.0560725431753864,0.112534433799688,0.176900858235949,186.724350725295,151.180579473796,450.0,2.98581751177031,91,2.98690494844275,0,-2,20,El Oro_e20
1647,El Oro,2023-10-01,2023,4,0.179202691387109,0.0688021712011218,0.0373081863963464,0.0585747142935838,0.116597179768699,0.179636098787215,185.761907495773,150.675138748532,450.0,2.98690494844275,92,2.98690494844275,0,-1,20,El Oro_e20
1648,El Oro,2024-01-01,2024,1,0.158035097914614,0.0552022999977145,0.0300309843108545,0.0601877760791696,0.119961262646477,0.186186087431669,207.795242377496,158.839873099367,460.0,2.89968471249195,93,2.98690494844275,0,0,20,El Oro_e20
1649,El Oro,2024-04-01,2024,2,0.151257230112432,0.058142035627908,0.0345851143740339,0.0559878011026346,0.113377848384901,0.180752875796939,205.444286738549,179.782057921149,460.0,2.63107248656856,94,2.98690494844275,0,1,20,El Oro_e20
1650,El Oro,2024-07-01,2024,3,0.151544294203595,0.0555092359637246,0.0309155420313095,0.0530238973208102,0.106337986380359,0.164769031813883,194.591513821452,163.318511538261,460.0,2.822655150493,95,2.98690494844275,0,2,20,El Oro_e20
1651,El Oro,2024-10-01,2024,4,0.163839482126939,0.056329389104682,0.0310831566645644,0.0565190156055823,0.113159156805195,0.175898046703434,201.793128824754,167.095986346803,460.0,2.75381175226607,96,2.98690494844275,0,3,20,El Oro_e20
1652,Guayas,2023-01-01,2023,1,0.224970670301169,0.080337676052621,0.041462080984004,0.0815377030638119,0.15458597822756,0.224761831702202,198.908050795303,148.483670823377,450.0,3.08043793757203,89,3.43796841522935,0,-4,20,Guayas_e20
1653,Guayas,2023-04-01,2023,2,0.213582403548186,0.0781807873778593,0.0426354394570037,0.0733080623873626,0.141827628983026,0.213617185004556,188.064055627038,146.412389383289,450.0,3.13575929008085,90,3.43796841522935,0,-3,20,Guayas_e20
1654,Guayas,2023-07-01,2023,3,0.194302946030556,0.0698753310657825,0.0387674952500927,0.0608381085555633,0.117841485568189,0.175310614739223,167.980430765462,139.354327549881,450.0,3.24092938244434,91,3.43796841522935,0,-2,20,Guayas_e20
1655,Guayas,2023-10-01,2023,4,0.251098178780132,0.0817731506758743,0.0383599556545379,0.0589880266305097,0.115611371806632,0.175059040998423,162.125509304291,131.357404519103,450.0,3.43796841522935,92,3.43796841522935,0,-1,20,Guayas_e20
1656,Guayas,2024-01-01,2024,1,0.257626221814399,0.0952391342377994,0.0501258731749333,0.0751020721372643,0.147167085073263,0.222086251597807,189.555025516058,146.662836037471,460.0,3.30242659852267,93,3.43796841522935,0,0,20,Guayas_e20
1657,Guayas,2024-04-01,2024,2,0.213449694764839,0.0721361686327921,0.0355812777259135,0.0622505536685554,0.12268271219487,0.185317937728729,186.792340589372,146.306577649959,460.0,3.20834905265955,94,3.43796841522935,0,1,20,Guayas_e20
1658,Guayas,2024-07-01,2024,3,0.194347356464556,0.0605180257300764,0.0279448957604709,0.0538746033599653,0.104864786371909,0.155101501424811,170.773328259945,142.257660610059,460.0,3.23500631282816,95,3.43796841522935,0,2,20,Guayas_e20
1659,Guayas,2024-10-01,2024,4,0.24089815350236,0.0812856464187391,0.044232509223656,0.0628030700852535,0.124195737918757,0.194385322368417,165.443035256126,130.948629002398,460.0,3.51942667465105,96,3.43796841522935,0,3,20,Guayas_e20
1660,Los Ríos,2023-01-01,2023,1,0.252776166837026,0.0995518269894134,0.0534976610443703,0.0533244577727502,0.106075580108932,0.163550391153798,140.771883537218,113.56979237041,450.0,3.9887444022015,89,4.07909314160739,1,-4,20,Los Ríos_e20
1661,Los Ríos,2023-04-01,2023,2,0.295038895043306,0.0877611008144625,0.0363560598139328,0.0586712023508096,0.112811769223523,0.162699001099422,145.513167306469,108.718229427301,450.0,4.21539746238899,90,4.07909314160739,1,-3,20,Los Ríos_e20
1662,Los Ríos,2023-07-01,2023,3,0.260797284917518,0.0835502291745987,0.0429018827081224,0.05068456620346,0.100106228158862,0.151140016269372,136.434971737309,108.11984555077,450.0,4.17235411057299,91,4.07909314160739,1,-2,20,Los Ríos_e20
1663,Los Ríos,2023-10-01,2023,4,0.27163894649721,0.0764547392485158,0.0347783625068192,0.0474499896091621,0.0942570899016621,0.146963852382797,139.882981922342,113.561029842912,450.0,4.07909314160739,92,4.07909314160739,1,-1,20,Los Ríos_e20
1664,Los Ríos,2024-01-01,2024,1,0.32788208841255,0.117578567842996,0.0593892944063574,0.065990669801059,0.130407026032485,0.194874573589237,154.38776221771,121.205447559725,460.0,3.86186342019173,93,4.07909314160739,1,0,20,Los Ríos_e20
1665,Los Ríos,2024-04-01,2024,2,0.28878860982431,0.100810423942555,0.0470209271288535,0.0684926933286176,0.133277838681266,0.197249465887265,156.146266061428,114.111374234113,460.0,4.07423867728562,94,4.07909314160739,1,1,20,Los Ríos_e20
1666,Los Ríos,2024-07-01,2024,3,0.203150695258634,0.0732672312641157,0.0353331726483044,0.0515240092799084,0.0999265462131631,0.145411806906185,148.645269329908,120.395768502655,460.0,3.82263941386649,95,4.07909314160739,1,2,20,Los Ríos_e20
1667,Los Ríos,2024-10-01,2024,4,0.226267233778617,0.0642586903273756,0.0274910236838712,0.0471010863211477,0.0904532927266759,0.133736636968772,142.151274289111,115.746555960979,460.0,4.01688842079338,96,4.07909314160739,1,3,20,Los Ríos_e20
1668,Manabí,2023-01-01,2023,1,0.317053571396719,0.126031607466268,0.0690217183155297,0.075488561404999,0.147608891043231,0.219376343871716,155.084403351502,117.73536937617,450.0,3.90258312418995,89,4.26320612604089,1,-4,20,Manabí_e20
1669,Manabí,2023-04-01,2023,2,0.271448458797827,0.114306753702718,0.0639051868518768,0.0687216386209911,0.135256061146232,0.201155804956917,159.646279427722,114.248869224043,450.0,3.95838495156995,90,4.26320612604089,1,-3,20,Manabí_e20
1670,Manabí,2023-07-01,2023,3,0.358905909340717,0.128329835375398,0.0666456811578242,0.0679226358835604,0.136554505242022,0.218338063392438,143.989321065297,109.305778369756,450.0,4.25378350305219,91,4.26320612604089,1,-2,20,Manabí_e20
1671,Manabí,2023-10-01,2023,4,0.375082246209559,0.145966190352842,0.0723194381678971,0.0666935163662793,0.131366928451833,0.199571893865893,134.875718222382,107.586087999327,450.0,4.26320612604089,92,4.26320612604089,1,-1,20,Manabí_e20
1672,Manabí,2024-01-01,2024,1,0.336526557694166,0.139669919870225,0.0789823870694922,0.0986274937591498,0.19297248433418,0.291833507378455,186.971646373804,125.390279236016,460.0,3.68305269081517,93,4.26320612604089,1,0,20,Manabí_e20
1673,Manabí,2024-04-01,2024,2,0.306670457910129,0.109091337788419,0.0549489979259858,0.0670974670456122,0.130971883027814,0.191723971890266,152.925316296294,111.043794140622,460.0,4.27391642986893,94,4.26320612604089,1,1,20,Manabí_e20
1674,Manabí,2024-07-01,2024,3,0.310703440135996,0.103045027083413,0.0524567663852889,0.0620231353836826,0.124708579949797,0.20043797527691,150.248458202473,126.869387876223,460.0,3.64256710602147,95,4.26320612604089,1,2,20,Manabí_e20
1675,Manabí,2024-10-01,2024,4,0.326526660682714,0.110167564005304,0.0625826113746245,0.076563765251118,0.150360480098667,0.242820580387159,142.436367685025,106.324760248323,460.0,4.34955926873809,96,4.26320612604089,1,3,20,Manabí_e20
1676,Pichincha,2023-01-01,2023,1,0.107172717377153,0.045832909510427,0.0289756809068885,0.0766368514314834,0.150728805470036,0.229763744936031,287.133728726415,216.871973140127,450.0,2.12635465953407,89,2.4947868139542,0,-4,20,Pichincha_e20
1677,Pichincha,2023-04-01,2023,2,0.118101796321688,0.0471069094952377,0.0282147151460056,0.0752183914684998,0.147166493429584,0.224501780625967,255.63955646451,195.24164671766,450.0,2.30826023100871,90,2.4947868139542,0,-3,20,Pichincha_e20
1678,Pichincha,2023-07-01,2023,3,0.115953128964142,0.0451325556379848,0.0267251507886372,0.0759611026509585,0.148514638704067,0.22513948379951,274.532253351864,207.808547211784,450.0,2.236399424857,91,2.4947868139542,0,-2,20,Pichincha_e20
1679,Pichincha,2023-10-01,2023,4,0.113099522878352,0.0448837250470362,0.0286246795521608,0.0735617956412296,0.144232395990234,0.221099484320073,248.155113742383,180.595902192397,450.0,2.4947868139542,92,2.4947868139542,0,-1,20,Pichincha_e20
1680,Pichincha,2024-01-01,2024,1,0.106715691105568,0.0411281958054446,0.0235121265731583,0.0760907500752948,0.148599576302844,0.223887991030362,293.992459326348,224.890540686891,460.0,2.09783297382445,93,2.4947868139542,0,0,20,Pichincha_e20
1681,Pichincha,2024-04-01,2024,2,0.119914783341894,0.0430574569703658,0.0233422349730382,0.0780651895692562,0.150029131977358,0.222992747298346,262.798874284941,193.221086988842,460.0,2.38290700320644,94,2.4947868139542,0,1,20,Pichincha_e20
1682,Pichincha,2024-07-01,2024,3,0.103964669275801,0.0456181949766029,0.0281831206943565,0.0805861822784095,0.15656782048438,0.235639343500672,275.409602445052,204.2125424943,460.0,2.2736693706646,95,2.4947868139542,0,2,20,Pichincha_e20
1683,Pichincha,2024-10-01,2024,4,0.122551481768113,0.047189199516867,0.0294645963220712,0.0708644976437869,0.138856654807307,0.212671012434835,245.723911371425,190.033519119901,460.0,2.42214607473492,96,2.4947868139542,0,3,20,Pichincha_e20
1684,Sierra,2023-01-01,2023,1,0.291431608863582,0.116280927451958,0.0664812595690379,0.0966594157587703,0.185814789473155,0.275143844147413,191.751930129097,129.391196635524,450.0,3.50486530658375,89,3.18279741455016,0,-4,20,Sierra_e20
1685,Sierra,2023-04-01,2023,2,0.283252240482756,0.119611631796046,0.0680981703671054,0.0781227936384803,0.153640520911923,0.234453871403283,164.347043198067,126.269199291305,450.0,3.57126851750791,90,3.18279741455016,0,-3,20,Sierra_e20
1686,Sierra,2023-07-01,2023,3,0.24699604471305,0.0994171816898482,0.0570857426400866,0.0778982609829323,0.153765319098454,0.235314003782271,182.486810141429,134.886872190434,450.0,3.35044883385477,91,3.18279741455016,0,-2,20,Sierra_e20
1687,Sierra,2023-10-01,2023,4,0.263499210524519,0.107246294182966,0.0628391372781061,0.0789805590271032,0.155979854717654,0.238954074044884,182.437102121719,141.48397211609,450.0,3.18279741455016,92,3.18279741455016,0,-1,20,Sierra_e20
1688,Sierra,2024-01-01,2024,1,0.264721677652267,0.0973387421717969,0.0537856981503581,0.0889453077421908,0.173253581322009,0.260971711136229,202.124679118229,138.999411914888,460.0,3.33901869512566,93,3.18279741455016,0,0,20,Sierra_e20
1689,Sierra,2024-04-01,2024,2,0.24375067732214,0.100192363794343,0.0596688633232274,0.0785653768878823,0.155289482837262,0.240723117618977,179.785555911171,137.410174139375,460.0,3.34967905849845,94,3.18279741455016,0,1,20,Sierra_e20
1690,Sierra,2024-07-01,2024,3,0.235281825221964,0.0995998002940141,0.0591125023939277,0.0751163096997519,0.150916444447824,0.23787476670536,189.272828917775,144.160463951866,460.0,3.22362525554114,95,3.18279741455016,0,2,20,Sierra_e20
1691,Sierra,2024-10-01,2024,4,0.280631751679387,0.110203506299704,0.0656691594970384,0.0761301743946069,0.151115170030269,0.231994185257685,174.101410111693,132.272791615811,460.0,3.48214255699558,96,3.18279741455016,0,3,20,Sierra_e20
